gen_id,sequence,length,mw,gravy,aromaticity,instability_index,pI,net_charge,cosine_to_esr_centroid,best_percent_identity_to_esr,best_matching_esr_id,exact_match_to_esr,matched_mutation_substrings,aa_frac_A,aa_frac_C,aa_frac_D,aa_frac_E,aa_frac_F,aa_frac_G,aa_frac_H,aa_frac_I,aa_frac_K,aa_frac_L,aa_frac_M,aa_frac_N,aa_frac_P,aa_frac_Q,aa_frac_R,aa_frac_S,aa_frac_T,aa_frac_V,aa_frac_W,aa_frac_Y,rank_score
ep_43431,DVAAVYDHLLALEAC,15,1602.81,0.97,0.07,49.39,4.05,-2.95,0.999987590627615,0.6,L536H,False,,0.26666666666666666,0.06666666666666667,0.13333333333333333,0.06666666666666667,0.0,0.0,0.06666666666666667,0.0,0.0,0.2,0.0,0.0,0.0,0.0,0.0,0.0,0.0,0.13333333333333333,0.0,0.06666666666666667,0.7999937953138074
ep_2043,RVLTRCLDQATALLQ,15,1701.0,0.31,0.0,43.91,8.25,0.95,0.9999984330671388,0.5333333333333333,E380Q,False,,0.13333333333333333,0.06666666666666667,0.06666666666666667,0.0,0.0,0.0,0.0,0.0,0.0,0.26666666666666666,0.0,0.0,0.0,0.13333333333333333,0.13333333333333333,0.0,0.13333333333333333,0.06666666666666667,0.0,0.0,0.766665883200236
ep_60952,CLSYGLFILLLAIVP,15,1635.06,2.35,0.13,36.53,5.52,-0.05,0.9999915603394455,0.5333333333333333,D538G,False,YGL,0.06666666666666667,0.06666666666666667,0.0,0.0,0.06666666666666667,0.06666666666666667,0.0,0.13333333333333333,0.0,0.3333333333333333,0.0,0.0,0.06666666666666667,0.0,0.0,0.06666666666666667,0.0,0.06666666666666667,0.0,0.06666666666666667,0.7666624468363894
ep_58226,YLVPLNLTLLPLVAL,15,1652.07,1.87,0.07,35.01,5.52,-0.0,0.9999867958837516,0.5333333333333333,Y537N,False,,0.06666666666666667,0.0,0.0,0.0,0.0,0.0,0.0,0.0,0.0,0.4666666666666667,0.0,0.06666666666666667,0.13333333333333333,0.0,0.0,0.0,0.06666666666666667,0.13333333333333333,0.0,0.06666666666666667,0.7666600646085424
ep_20637,CLNDMLDVLEERMRT,15,1838.13,-0.35,0.0,38.88,4.32,-2.04,0.9999861012468675,0.5333333333333333,Y537N,False,LND,0.0,0.06666666666666667,0.13333333333333333,0.13333333333333333,0.0,0.0,0.0,0.0,0.0,0.2,0.13333333333333333,0.06666666666666667,0.0,0.0,0.13333333333333333,0.0,0.06666666666666667,0.06666666666666667,0.0,0.0,0.7666597172901004
ep_21619,PVPLSMLPLLVVWLL,15,1690.18,2.05,0.07,56.08,5.95,-0.0,0.9999752600067029,0.5333333333333333,Y537S,False,,0.0,0.0,0.0,0.0,0.0,0.0,0.0,0.0,0.0,0.4,0.06666666666666667,0.0,0.2,0.0,0.0,0.06666666666666667,0.0,0.2,0.06666666666666667,0.0,0.766654296670018
ep_30447,NPTHQDLLLQFLDQC,15,1784.99,-0.4,0.07,31.93,4.2,-1.95,0.9999643340199454,0.5333333333333333,L536H,False,,0.0,0.06666666666666667,0.13333333333333333,0.0,0.06666666666666667,0.0,0.06666666666666667,0.0,0.0,0.26666666666666666,0.0,0.06666666666666667,0.06666666666666667,0.2,0.0,0.0,0.06666666666666667,0.0,0.0,0.0,0.7666488336766394
ep_41203,DHTDPILLSRLVELA,15,1691.92,0.29,0.0,29.99,4.54,-1.91,0.9999633309168694,0.5333333333333333,L536H,False,,0.06666666666666667,0.0,0.13333333333333333,0.06666666666666667,0.0,0.0,0.06666666666666667,0.06666666666666667,0.0,0.26666666666666666,0.0,0.0,0.06666666666666667,0.0,0.06666666666666667,0.06666666666666667,0.06666666666666667,0.06666666666666667,0.0,0.0,0.7666483321251014
ep_51974,ATCRAKPNLLAELRQ,15,1683.97,-0.43,0.0,29.99,9.51,1.95,0.9999608383225174,0.5333333333333333,Y537N,False,,0.2,0.06666666666666667,0.0,0.06666666666666667,0.0,0.0,0.0,0.0,0.06666666666666667,0.2,0.0,0.06666666666666667,0.06666666666666667,0.06666666666666667,0.13333333333333333,0.0,0.06666666666666667,0.0,0.0,0.0,0.7666470858279253
ep_9027,SLSPLMRAKLVSVLL,15,1627.04,1.25,0.0,27.94,11.0,2.0,0.9999518833774358,0.5333333333333333,K303R,False,,0.06666666666666667,0.0,0.0,0.0,0.0,0.0,0.0,0.0,0.06666666666666667,0.3333333333333333,0.06666666666666667,0.0,0.06666666666666667,0.0,0.06666666666666667,0.2,0.0,0.13333333333333333,0.0,0.0,0.7666426083553846
ep_55255,PIAYHLTKVLLELHN,15,1761.07,0.32,0.07,27.69,7.32,0.18,0.9999445476451372,0.5333333333333333,L536H,False,,0.06666666666666667,0.0,0.0,0.06666666666666667,0.0,0.0,0.13333333333333333,0.06666666666666667,0.06666666666666667,0.26666666666666666,0.0,0.06666666666666667,0.06666666666666667,0.0,0.0,0.0,0.06666666666666667,0.06666666666666667,0.0,0.06666666666666667,0.7666389404892353
ep_20183,PVPLSDLVPLVSRAL,15,1575.89,1.01,0.0,60.69,6.27,-0.0,0.9999239437286631,0.5333333333333333,Y537S,False,LSD,0.06666666666666667,0.0,0.06666666666666667,0.0,0.0,0.0,0.0,0.0,0.0,0.26666666666666666,0.0,0.0,0.2,0.0,0.06666666666666667,0.13333333333333333,0.0,0.2,0.0,0.0,0.7666286385309982
ep_51957,VPLLGRLVALVFLLL,15,1636.12,2.49,0.07,22.17,9.72,1.0,0.9999151043724842,0.5333333333333333,D538G,False,,0.06666666666666667,0.0,0.0,0.0,0.06666666666666667,0.06666666666666667,0.0,0.0,0.0,0.4666666666666667,0.0,0.0,0.06666666666666667,0.0,0.06666666666666667,0.0,0.0,0.2,0.0,0.0,0.7666242188529088
ep_9124,KDVLSAAFWLLSLLL,15,1689.05,1.57,0.13,17.56,5.84,-0.0,0.9998745413938229,0.5333333333333333,Y537S,False,,0.13333333333333333,0.0,0.06666666666666667,0.0,0.06666666666666667,0.0,0.0,0.0,0.06666666666666667,0.4,0.0,0.0,0.0,0.0,0.0,0.13333333333333333,0.0,0.06666666666666667,0.06666666666666667,0.0,0.7666039373635781
ep_25282,VHSDLKPENVLMDRH,15,1790.01,-0.89,0.0,18.05,6.0,-0.82,0.999869568088463,0.5333333333333333,L536H,False,,0.0,0.0,0.13333333333333333,0.06666666666666667,0.0,0.0,0.13333333333333333,0.0,0.06666666666666667,0.13333333333333333,0.06666666666666667,0.06666666666666667,0.06666666666666667,0.0,0.06666666666666667,0.06666666666666667,0.0,0.13333333333333333,0.0,0.0,0.7666014507108981
ep_29559,GIVTASLPSPAALLL,15,1422.71,1.56,0.0,60.17,5.53,-0.0,0.9998688194748823,0.5333333333333333,S463P,False,LPS,0.2,0.0,0.0,0.0,0.0,0.06666666666666667,0.0,0.06666666666666667,0.0,0.26666666666666666,0.0,0.0,0.13333333333333333,0.0,0.0,0.13333333333333333,0.06666666666666667,0.06666666666666667,0.0,0.0,0.7666010764041078
ep_45698,VQLSPALLEHVMPLL,15,1660.03,1.13,0.0,75.73,5.24,-0.91,0.9998121447846717,0.5333333333333333,Y537S,False,,0.06666666666666667,0.0,0.0,0.06666666666666667,0.0,0.0,0.06666666666666667,0.0,0.0,0.3333333333333333,0.06666666666666667,0.0,0.13333333333333333,0.06666666666666667,0.0,0.06666666666666667,0.0,0.13333333333333333,0.0,0.0,0.7665727390590025
ep_50772,VSHRDLKLENVMLRE,15,1839.12,-0.61,0.0,10.85,6.75,0.09,0.9997932604199615,0.5333333333333333,L536H,False,,0.0,0.0,0.06666666666666667,0.13333333333333333,0.0,0.0,0.06666666666666667,0.0,0.06666666666666667,0.2,0.06666666666666667,0.06666666666666667,0.0,0.0,0.13333333333333333,0.06666666666666667,0.0,0.13333333333333333,0.0,0.0,0.7665632968766474
ep_10648,VIHRDLKLSNLLVDS,15,1721.99,0.29,0.0,9.06,6.72,0.09,0.9997802664954567,0.5333333333333333,L536H,False,,0.0,0.0,0.13333333333333333,0.0,0.0,0.0,0.06666666666666667,0.06666666666666667,0.06666666666666667,0.26666666666666666,0.0,0.06666666666666667,0.0,0.0,0.06666666666666667,0.13333333333333333,0.0,0.13333333333333333,0.0,0.0,0.766556799914395
ep_61662,IVHRDLKPSNVLLDA,15,1689.95,0.11,0.0,5.83,6.75,0.09,0.9997405829664151,0.5333333333333333,L536H,False,,0.06666666666666667,0.0,0.13333333333333333,0.0,0.0,0.0,0.06666666666666667,0.06666666666666667,0.06666666666666667,0.2,0.0,0.06666666666666667,0.06666666666666667,0.0,0.06666666666666667,0.06666666666666667,0.0,0.13333333333333333,0.0,0.0,0.7665369581498742
ep_22176,ADPLLHLLLGRLCAA,15,1575.92,1.17,0.0,3.67,6.78,0.04,0.9997137237719481,0.5333333333333333,E380Q,False,,0.2,0.06666666666666667,0.06666666666666667,0.0,0.0,0.06666666666666667,0.06666666666666667,0.0,0.0,0.4,0.0,0.0,0.06666666666666667,0.0,0.06666666666666667,0.0,0.0,0.0,0.0,0.0,0.7665235285526407
ep_44314,TCAKVLLSYIDRLLG,15,1665.01,0.87,0.07,-1.35,7.87,0.95,0.9996334240600897,0.5333333333333333,Y537S,False,,0.06666666666666667,0.06666666666666667,0.06666666666666667,0.0,0.0,0.06666666666666667,0.0,0.06666666666666667,0.06666666666666667,0.26666666666666666,0.0,0.0,0.0,0.0,0.06666666666666667,0.06666666666666667,0.06666666666666667,0.06666666666666667,0.0,0.06666666666666667,0.7664833786967116
ep_56399,SICVDDVLLLVQTLL,15,1643.98,1.77,0.0,-5.71,4.05,-2.05,0.9995580011071108,0.5333333333333333,Y537S,False,,0.0,0.06666666666666667,0.13333333333333333,0.0,0.0,0.0,0.0,0.06666666666666667,0.0,0.3333333333333333,0.0,0.0,0.0,0.06666666666666667,0.0,0.06666666666666667,0.06666666666666667,0.2,0.0,0.0,0.766445667220222
ep_64783,ICVDDVLLLVQTLLK,15,1685.08,1.57,0.0,-11.37,4.21,-1.05,0.9994560774663507,0.5333333333333333,Y537S,False,,0.0,0.06666666666666667,0.13333333333333333,0.0,0.0,0.0,0.0,0.06666666666666667,0.06666666666666667,0.3333333333333333,0.0,0.0,0.0,0.06666666666666667,0.0,0.0,0.06666666666666667,0.2,0.0,0.0,0.766394705399842
ep_15419,GLATLQRRLEPLQAA,15,1636.89,-0.11,0.0,103.83,9.6,1.0,0.9993071454731782,0.5333333333333333,E380Q,False,,0.2,0.0,0.0,0.06666666666666667,0.0,0.06666666666666667,0.0,0.0,0.0,0.26666666666666666,0.0,0.0,0.06666666666666667,0.13333333333333333,0.13333333333333333,0.0,0.06666666666666667,0.0,0.0,0.0,0.7663202394032558
ep_44693,DVLRSLLEHFRQCAV,15,1786.06,0.23,0.07,47.34,6.74,0.05,0.999999785876649,0.4666666666666667,E380Q,False,,0.06666666666666667,0.06666666666666667,0.06666666666666667,0.06666666666666667,0.06666666666666667,0.0,0.06666666666666667,0.0,0.0,0.2,0.0,0.0,0.0,0.06666666666666667,0.13333333333333333,0.06666666666666667,0.0,0.13333333333333333,0.0,0.0,0.7333332262716579
ep_64521,IVTEWLPGGSLRALL,15,1624.92,0.86,0.07,42.97,6.0,-0.0,0.9999996496023242,0.4666666666666667,S463P,False,,0.06666666666666667,0.0,0.0,0.06666666666666667,0.0,0.13333333333333333,0.0,0.06666666666666667,0.0,0.26666666666666666,0.0,0.0,0.06666666666666667,0.0,0.06666666666666667,0.06666666666666667,0.06666666666666667,0.06666666666666667,0.06666666666666667,0.0,0.7333331581344955
ep_61655,DLLALVREVLASLQE,15,1668.93,0.78,0.0,43.91,4.43,-2.0,0.9999992391574177,0.4666666666666667,E380Q,False,,0.13333333333333333,0.0,0.06666666666666667,0.13333333333333333,0.0,0.0,0.0,0.0,0.0,0.3333333333333333,0.0,0.0,0.0,0.06666666666666667,0.06666666666666667,0.06666666666666667,0.0,0.13333333333333333,0.0,0.0,0.7333329529120423
ep_50958,CLHLPLLSDVLHRLR,15,1785.16,0.55,0.0,47.85,8.27,1.14,0.9999985611591928,0.4666666666666667,Y537S,False,LSD,0.0,0.06666666666666667,0.06666666666666667,0.0,0.0,0.0,0.13333333333333333,0.0,0.0,0.4,0.0,0.0,0.06666666666666667,0.0,0.13333333333333333,0.06666666666666667,0.0,0.06666666666666667,0.0,0.0,0.7333326139129297
ep_27276,TLHQYLQCIRDCSPI,15,1790.07,-0.07,0.07,50.31,6.4,-0.0,0.9999980797013968,0.4666666666666667,E380Q,False,LQC,0.0,0.13333333333333333,0.06666666666666667,0.0,0.0,0.0,0.06666666666666667,0.13333333333333333,0.0,0.13333333333333333,0.0,0.0,0.06666666666666667,0.13333333333333333,0.06666666666666667,0.06666666666666667,0.06666666666666667,0.0,0.0,0.06666666666666667,0.7333323731840318
ep_24447,DLHRAMSTYLRMQHA,15,1830.1,-0.68,0.07,46.44,8.76,1.18,0.9999979092149861,0.4666666666666667,E380Q,False,,0.13333333333333333,0.0,0.06666666666666667,0.0,0.0,0.0,0.13333333333333333,0.0,0.0,0.13333333333333333,0.13333333333333333,0.0,0.0,0.06666666666666667,0.13333333333333333,0.06666666666666667,0.06666666666666667,0.0,0.0,0.06666666666666667,0.7333322879408264
ep_39044,ASIHDEVLLILCYAT,15,1660.93,1.18,0.07,46.19,4.35,-1.95,0.9999978767431883,0.4666666666666667,E380Q,False,,0.13333333333333333,0.06666666666666667,0.06666666666666667,0.06666666666666667,0.0,0.0,0.06666666666666667,0.13333333333333333,0.0,0.2,0.0,0.0,0.0,0.0,0.0,0.06666666666666667,0.06666666666666667,0.06666666666666667,0.0,0.06666666666666667,0.7333322717049275
ep_28321,EVCSTEDLLRLYYTL,15,1818.05,0.14,0.13,50.42,4.14,-2.04,0.9999978264794666,0.4666666666666667,Y537S,False,,0.0,0.06666666666666667,0.06666666666666667,0.13333333333333333,0.0,0.0,0.0,0.0,0.0,0.26666666666666666,0.0,0.0,0.0,0.0,0.06666666666666667,0.06666666666666667,0.13333333333333333,0.06666666666666667,0.0,0.13333333333333333,0.7333322465730666
ep_49674,TQVMHLMRALEYAHS,15,1787.07,-0.1,0.07,42.57,6.61,0.18,0.9999969048456021,0.4666666666666667,E380Q,False,,0.13333333333333333,0.0,0.0,0.06666666666666667,0.0,0.0,0.13333333333333333,0.0,0.0,0.13333333333333333,0.13333333333333333,0.0,0.0,0.06666666666666667,0.06666666666666667,0.06666666666666667,0.06666666666666667,0.06666666666666667,0.0,0.06666666666666667,0.7333317857561343
ep_18525,TIAVLSPDDQQRVLA,15,1625.82,0.17,0.0,46.44,4.21,-1.0,0.9999967035794115,0.4666666666666667,E380Q,False,,0.13333333333333333,0.0,0.13333333333333333,0.0,0.0,0.0,0.0,0.06666666666666667,0.0,0.13333333333333333,0.0,0.0,0.06666666666666667,0.13333333333333333,0.06666666666666667,0.06666666666666667,0.06666666666666667,0.13333333333333333,0.0,0.0,0.7333316851230391
ep_24878,CSTEDLLRLYYTLAT,15,1761.99,0.17,0.13,50.42,4.37,-1.05,0.9999966625644832,0.4666666666666667,Y537S,False,,0.06666666666666667,0.06666666666666667,0.06666666666666667,0.06666666666666667,0.0,0.0,0.0,0.0,0.0,0.26666666666666666,0.0,0.0,0.0,0.0,0.06666666666666667,0.06666666666666667,0.2,0.0,0.0,0.13333333333333333,0.733331664615575
ep_25659,PYSGRLLAMACVAAL,15,1535.87,1.24,0.07,41.83,8.64,0.95,0.9999957228369636,0.4666666666666667,D538G,False,,0.26666666666666666,0.06666666666666667,0.0,0.0,0.0,0.06666666666666667,0.0,0.0,0.0,0.2,0.06666666666666667,0.0,0.06666666666666667,0.0,0.06666666666666667,0.06666666666666667,0.0,0.06666666666666667,0.0,0.06666666666666667,0.7333311947518151
ep_43831,DRCSKLLKRLLDACK,15,1762.15,-0.43,0.0,44.01,9.39,2.91,0.9999952730625368,0.4666666666666667,L536H,False,,0.06666666666666667,0.13333333333333333,0.13333333333333333,0.0,0.0,0.0,0.0,0.0,0.2,0.26666666666666666,0.0,0.0,0.0,0.0,0.13333333333333333,0.06666666666666667,0.0,0.0,0.0,0.0,0.7333309698646018
ep_46873,FLCHVLHLLQLHLLL,15,1812.27,1.79,0.07,52.8,7.01,0.23,0.9999951833301453,0.4666666666666667,E380Q,False,,0.0,0.06666666666666667,0.0,0.0,0.06666666666666667,0.0,0.2,0.0,0.0,0.5333333333333333,0.0,0.0,0.0,0.06666666666666667,0.0,0.0,0.0,0.06666666666666667,0.0,0.0,0.7333309249984059
ep_35482,SVLLERLLLAFEMSE,15,1750.06,0.87,0.07,51.47,4.52,-2.0,0.999994213342017,0.4666666666666667,Y537S,False,,0.06666666666666667,0.0,0.0,0.2,0.06666666666666667,0.0,0.0,0.0,0.0,0.3333333333333333,0.06666666666666667,0.0,0.0,0.0,0.06666666666666667,0.13333333333333333,0.0,0.06666666666666667,0.0,0.0,0.7333304400043419
ep_42663,NPPIVHRDLKAENIL,15,1728.99,-0.41,0.0,51.07,6.75,0.09,0.9999941895866814,0.4666666666666667,K303R,False,,0.06666666666666667,0.0,0.06666666666666667,0.06666666666666667,0.0,0.0,0.06666666666666667,0.13333333333333333,0.06666666666666667,0.13333333333333333,0.0,0.13333333333333333,0.13333333333333333,0.0,0.06666666666666667,0.0,0.0,0.06666666666666667,0.0,0.0,0.733330428126674
ep_17473,IDLSVRMHWLYQAAL,15,1816.13,0.53,0.13,53.83,6.74,0.09,0.9999939686419759,0.4666666666666667,E380Q,False,,0.13333333333333333,0.0,0.06666666666666667,0.0,0.0,0.0,0.06666666666666667,0.06666666666666667,0.0,0.2,0.06666666666666667,0.0,0.0,0.06666666666666667,0.06666666666666667,0.06666666666666667,0.0,0.06666666666666667,0.06666666666666667,0.06666666666666667,0.7333303176543213
ep_31015,HQVRVLLQLLHLLQR,15,1866.26,0.35,0.0,47.77,12.0,2.18,0.9999938813288445,0.4666666666666667,E380Q,False,,0.0,0.0,0.0,0.0,0.0,0.0,0.13333333333333333,0.0,0.0,0.4,0.0,0.0,0.0,0.2,0.13333333333333333,0.0,0.0,0.13333333333333333,0.0,0.0,0.7333302739977556
ep_45649,ALGYLAGLWHLLAIL,15,1623.98,1.77,0.13,48.09,6.78,0.09,0.9999933132764262,0.4666666666666667,D538G,False,,0.2,0.0,0.0,0.0,0.0,0.13333333333333333,0.06666666666666667,0.06666666666666667,0.0,0.4,0.0,0.0,0.0,0.0,0.0,0.0,0.0,0.0,0.06666666666666667,0.06666666666666667,0.7333299899715464
ep_10289,ILDVILDFLHKVSHQ,15,1777.07,0.67,0.07,40.11,5.98,-0.82,0.9999932937439598,0.4666666666666667,E380Q,False,,0.0,0.0,0.13333333333333333,0.0,0.06666666666666667,0.0,0.13333333333333333,0.13333333333333333,0.06666666666666667,0.2,0.0,0.0,0.0,0.06666666666666667,0.0,0.06666666666666667,0.0,0.13333333333333333,0.0,0.0,0.7333299802053133
ep_144,IHTQYDQNLSLQQLA,15,1771.92,-0.62,0.07,52.84,5.08,-0.91,0.9999931805893184,0.4666666666666667,E380Q,False,,0.06666666666666667,0.0,0.06666666666666667,0.0,0.0,0.0,0.06666666666666667,0.06666666666666667,0.0,0.2,0.0,0.06666666666666667,0.0,0.26666666666666666,0.0,0.06666666666666667,0.06666666666666667,0.0,0.0,0.06666666666666667,0.7333299236279925
ep_50310,FYVYTHAILLPVTML,15,1781.16,1.47,0.2,53.24,6.74,0.09,0.9999929255068448,0.4666666666666667,S463P,False,,0.06666666666666667,0.0,0.0,0.0,0.06666666666666667,0.0,0.06666666666666667,0.06666666666666667,0.0,0.2,0.06666666666666667,0.0,0.06666666666666667,0.0,0.0,0.0,0.13333333333333333,0.13333333333333333,0.0,0.13333333333333333,0.7333297960867557
ep_53052,CTDRMKSLLSELRAL,15,1736.07,-0.05,0.0,51.72,8.22,0.96,0.9999923131364786,0.4666666666666667,Y537S,False,,0.06666666666666667,0.06666666666666667,0.06666666666666667,0.06666666666666667,0.0,0.0,0.0,0.0,0.06666666666666667,0.26666666666666666,0.06666666666666667,0.0,0.0,0.0,0.13333333333333333,0.13333333333333333,0.06666666666666667,0.0,0.0,0.0,0.7333294899015727
ep_7298,RLLRQLLLVAVAIWL,15,1777.25,1.73,0.07,43.24,12.0,2.0,0.9999912069127755,0.4666666666666667,E380Q,False,,0.13333333333333333,0.0,0.0,0.0,0.0,0.0,0.0,0.06666666666666667,0.0,0.4,0.0,0.0,0.0,0.06666666666666667,0.13333333333333333,0.0,0.0,0.13333333333333333,0.06666666666666667,0.0,0.7333289367897211
ep_7235,DTQPIKVCQSCGAEY,15,1641.82,-0.48,0.07,36.15,4.37,-1.09,0.9999905697451785,0.4666666666666667,E380Q,False,,0.06666666666666667,0.13333333333333333,0.06666666666666667,0.06666666666666667,0.0,0.06666666666666667,0.0,0.06666666666666667,0.06666666666666667,0.0,0.0,0.0,0.06666666666666667,0.13333333333333333,0.0,0.06666666666666667,0.06666666666666667,0.06666666666666667,0.0,0.06666666666666667,0.7333286182059227
ep_37552,VLLNLLINARDACEQ,15,1684.95,0.53,0.0,51.47,4.37,-1.04,0.9999902564408312,0.4666666666666667,L536H,False,,0.13333333333333333,0.06666666666666667,0.06666666666666667,0.06666666666666667,0.0,0.0,0.0,0.06666666666666667,0.0,0.26666666666666666,0.0,0.13333333333333333,0.0,0.06666666666666667,0.06666666666666667,0.0,0.0,0.06666666666666667,0.0,0.0,0.733328461553749
ep_24118,KRIALVCVVPVLVGL,15,1579.05,2.05,0.0,46.06,9.51,1.95,0.9999900323527383,0.4666666666666667,D538G,False,,0.06666666666666667,0.06666666666666667,0.0,0.0,0.0,0.06666666666666667,0.0,0.06666666666666667,0.06666666666666667,0.2,0.0,0.0,0.06666666666666667,0.0,0.06666666666666667,0.0,0.0,0.3333333333333333,0.0,0.0,0.7333283495097025
ep_9774,IKAARIFQKMRSLGI,15,1732.15,0.27,0.07,44.01,12.0,4.0,0.9999899335620962,0.4666666666666667,K303R,False,,0.13333333333333333,0.0,0.0,0.0,0.06666666666666667,0.06666666666666667,0.0,0.2,0.13333333333333333,0.06666666666666667,0.06666666666666667,0.0,0.0,0.06666666666666667,0.13333333333333333,0.06666666666666667,0.0,0.0,0.0,0.0,0.7333283001143814
ep_60099,PLSDLVPLVSRALSS,15,1553.8,0.73,0.0,47.85,6.27,-0.0,0.9999887378279917,0.4666666666666667,K303R,False,LSD,0.06666666666666667,0.0,0.06666666666666667,0.0,0.0,0.0,0.0,0.0,0.0,0.26666666666666666,0.0,0.0,0.13333333333333333,0.0,0.06666666666666667,0.26666666666666666,0.0,0.13333333333333333,0.0,0.0,0.7333277022473292
ep_57401,RPLLLVLLDNFLACV,15,1699.11,1.68,0.07,36.42,5.83,-0.05,0.9999882016116276,0.4666666666666667,L536H,False,,0.06666666666666667,0.06666666666666667,0.06666666666666667,0.0,0.06666666666666667,0.0,0.0,0.0,0.0,0.4,0.0,0.06666666666666667,0.06666666666666667,0.0,0.06666666666666667,0.0,0.0,0.13333333333333333,0.0,0.0,0.7333274341391471
ep_20049,ALLPWHLVALALMLL,15,1674.14,2.16,0.07,36.04,6.79,0.09,0.9999880722106063,0.4666666666666667,L536H,False,,0.2,0.0,0.0,0.0,0.0,0.0,0.06666666666666667,0.0,0.0,0.4666666666666667,0.06666666666666667,0.0,0.06666666666666667,0.0,0.0,0.0,0.0,0.06666666666666667,0.06666666666666667,0.0,0.7333273694386364
ep_37599,KLLRLPLSVLIRLSR,15,1777.25,0.73,0.0,42.19,12.0,4.0,0.9999879234457095,0.4666666666666667,K303R,False,,0.0,0.0,0.0,0.0,0.0,0.0,0.0,0.06666666666666667,0.06666666666666667,0.4,0.0,0.0,0.06666666666666667,0.0,0.2,0.13333333333333333,0.0,0.06666666666666667,0.0,0.0,0.7333272950561881
ep_34359,PWHLVALALMLLLLP,15,1700.18,1.93,0.07,36.04,7.17,0.09,0.9999865412900633,0.4666666666666667,L536H,False,,0.13333333333333333,0.0,0.0,0.0,0.0,0.0,0.06666666666666667,0.0,0.0,0.4666666666666667,0.06666666666666667,0.0,0.13333333333333333,0.0,0.0,0.0,0.0,0.06666666666666667,0.06666666666666667,0.0,0.733326603978365
ep_24935,VHEKLLLRMCEIFMS,15,1849.29,0.65,0.07,58.65,6.72,0.05,0.9999847005822344,0.4666666666666667,L536H,False,,0.0,0.06666666666666667,0.0,0.13333333333333333,0.06666666666666667,0.0,0.06666666666666667,0.06666666666666667,0.06666666666666667,0.2,0.13333333333333333,0.0,0.0,0.0,0.06666666666666667,0.06666666666666667,0.0,0.06666666666666667,0.0,0.0,0.7333256836244506
ep_42976,LLTLVVLPFVSWSAW,15,1731.08,1.78,0.2,35.01,5.53,-0.0,0.9999816391528948,0.4666666666666667,E380Q,False,,0.06666666666666667,0.0,0.0,0.0,0.06666666666666667,0.0,0.0,0.0,0.0,0.26666666666666666,0.0,0.0,0.06666666666666667,0.0,0.0,0.13333333333333333,0.06666666666666667,0.2,0.13333333333333333,0.0,0.7333241529097807
ep_35143,DALEELLDVVCDAFD,15,1666.8,0.51,0.07,52.13,4.05,-6.04,0.9999812386090811,0.4666666666666667,E380Q,False,,0.13333333333333333,0.06666666666666667,0.26666666666666666,0.13333333333333333,0.06666666666666667,0.0,0.0,0.0,0.0,0.2,0.0,0.0,0.0,0.0,0.0,0.0,0.0,0.13333333333333333,0.0,0.0,0.7333239526378739
ep_29167,HIVHRDLKPSNVLLD,15,1756.01,-0.23,0.0,35.12,6.92,0.18,0.9999803475712564,0.4666666666666667,L536H,False,,0.0,0.0,0.13333333333333333,0.0,0.0,0.0,0.13333333333333333,0.06666666666666667,0.06666666666666667,0.2,0.0,0.06666666666666667,0.06666666666666667,0.0,0.06666666666666667,0.06666666666666667,0.0,0.13333333333333333,0.0,0.0,0.7333235071189615
ep_39983,QVLLNLLINARDACE,15,1684.95,0.53,0.0,33.6,4.75,-1.04,0.9999800452472932,0.4666666666666667,L536H,False,,0.13333333333333333,0.06666666666666667,0.06666666666666667,0.06666666666666667,0.0,0.0,0.0,0.06666666666666667,0.0,0.26666666666666666,0.0,0.13333333333333333,0.0,0.06666666666666667,0.06666666666666667,0.0,0.0,0.06666666666666667,0.0,0.0,0.73332335595698
ep_55729,FDPVPLSMLPLLVVW,15,1726.13,1.5,0.13,56.08,4.05,-1.0,0.9999796110704345,0.4666666666666667,Y537S,False,,0.0,0.0,0.06666666666666667,0.0,0.06666666666666667,0.0,0.0,0.0,0.0,0.26666666666666666,0.06666666666666667,0.0,0.2,0.0,0.0,0.06666666666666667,0.0,0.2,0.06666666666666667,0.0,0.7333231388685506
ep_31239,NMSYEDALELCQKLE,15,1785.99,-0.63,0.07,35.75,4.24,-3.04,0.999979090345515,0.4666666666666667,Y537S,False,,0.06666666666666667,0.06666666666666667,0.06666666666666667,0.2,0.0,0.0,0.0,0.0,0.06666666666666667,0.2,0.06666666666666667,0.06666666666666667,0.0,0.06666666666666667,0.0,0.06666666666666667,0.0,0.0,0.0,0.06666666666666667,0.7333228785060908
ep_60275,PISLSKSIKEIEKIK,15,1713.07,-0.32,0.0,34.49,9.56,2.0,0.9999778507421936,0.4666666666666667,S463P,False,,0.0,0.0,0.0,0.13333333333333333,0.0,0.0,0.0,0.26666666666666666,0.26666666666666666,0.06666666666666667,0.0,0.0,0.06666666666666667,0.0,0.0,0.2,0.0,0.0,0.0,0.0,0.7333222587044301
ep_12302,SCLHLPLLSDVLHRL,15,1716.06,0.79,0.0,56.75,6.66,0.14,0.9999763547238285,0.4666666666666667,Y537S,False,LSD,0.0,0.06666666666666667,0.06666666666666667,0.0,0.0,0.0,0.13333333333333333,0.0,0.0,0.4,0.0,0.0,0.06666666666666667,0.0,0.06666666666666667,0.13333333333333333,0.0,0.06666666666666667,0.0,0.0,0.7333215106952475
ep_60497,VAHRDIKLENILLDE,15,1778.01,-0.18,0.0,34.49,4.95,-1.91,0.9999761904715097,0.4666666666666667,L536H,False,,0.06666666666666667,0.0,0.13333333333333333,0.13333333333333333,0.0,0.0,0.06666666666666667,0.13333333333333333,0.06666666666666667,0.2,0.0,0.06666666666666667,0.0,0.0,0.06666666666666667,0.0,0.0,0.06666666666666667,0.0,0.0,0.7333214285690881
ep_1941,VSVWEDVMFLRLLLL,15,1833.24,1.54,0.13,35.01,4.37,-1.0,0.9999738289519061,0.4666666666666667,L536H,False,,0.0,0.0,0.06666666666666667,0.06666666666666667,0.06666666666666667,0.0,0.0,0.0,0.0,0.3333333333333333,0.06666666666666667,0.0,0.0,0.0,0.06666666666666667,0.06666666666666667,0.0,0.2,0.06666666666666667,0.0,0.7333202478092864
ep_60427,VHRDLNPSNILLGKD,15,1690.9,-0.55,0.0,56.73,6.73,0.09,0.9999727655179766,0.4666666666666667,L536H,False,,0.0,0.0,0.13333333333333333,0.0,0.0,0.06666666666666667,0.06666666666666667,0.06666666666666667,0.06666666666666667,0.2,0.0,0.13333333333333333,0.06666666666666667,0.0,0.06666666666666667,0.06666666666666667,0.0,0.06666666666666667,0.0,0.0,0.7333197160923217
ep_60312,VWEDVMFLRLLLLCC,15,1853.32,1.65,0.13,35.01,4.37,-1.09,0.9999722221063022,0.4666666666666667,Y537S,False,,0.0,0.13333333333333333,0.06666666666666667,0.06666666666666667,0.06666666666666667,0.0,0.0,0.0,0.0,0.3333333333333333,0.06666666666666667,0.0,0.0,0.0,0.06666666666666667,0.0,0.0,0.13333333333333333,0.06666666666666667,0.0,0.7333194443864844
ep_55662,NELLLKLYHMLYDCL,15,1881.26,0.47,0.13,34.87,5.32,-0.96,0.9999700922621874,0.4666666666666667,Y537S,False,,0.0,0.06666666666666667,0.06666666666666667,0.06666666666666667,0.0,0.0,0.06666666666666667,0.0,0.06666666666666667,0.4,0.06666666666666667,0.06666666666666667,0.0,0.0,0.0,0.0,0.0,0.0,0.0,0.13333333333333333,0.733318379464427
ep_1713,VWPFVAAGLGLLVWL,15,1641.01,2.0,0.2,30.4,5.49,-0.0,0.9999697301919883,0.4666666666666667,D538G,False,,0.13333333333333333,0.0,0.0,0.0,0.06666666666666667,0.13333333333333333,0.0,0.0,0.0,0.26666666666666666,0.0,0.0,0.06666666666666667,0.0,0.0,0.0,0.0,0.2,0.13333333333333333,0.0,0.7333181984293276
ep_8914,HEAYLLLRDTLLQRC,15,1844.14,-0.09,0.07,33.89,6.74,0.05,0.9999689967519548,0.4666666666666667,E380Q,False,,0.06666666666666667,0.06666666666666667,0.06666666666666667,0.06666666666666667,0.0,0.0,0.06666666666666667,0.0,0.0,0.3333333333333333,0.0,0.0,0.0,0.06666666666666667,0.13333333333333333,0.0,0.06666666666666667,0.0,0.0,0.06666666666666667,0.7333178317093108
ep_51767,WLLHVPPALTLTWSS,15,1721.01,0.67,0.13,58.9,6.74,0.09,0.9999678114032626,0.4666666666666667,E380Q,False,,0.06666666666666667,0.0,0.0,0.0,0.0,0.0,0.06666666666666667,0.0,0.0,0.26666666666666666,0.0,0.0,0.13333333333333333,0.0,0.0,0.13333333333333333,0.13333333333333333,0.06666666666666667,0.13333333333333333,0.0,0.7333172390349647
ep_17322,QPWLALGLLGMLAAL,15,1566.95,1.55,0.07,28.48,5.53,-0.0,0.9999668547634674,0.4666666666666667,L536H,False,,0.2,0.0,0.0,0.0,0.0,0.13333333333333333,0.0,0.0,0.0,0.4,0.06666666666666667,0.0,0.06666666666666667,0.06666666666666667,0.0,0.0,0.0,0.0,0.06666666666666667,0.0,0.733316760715067
ep_13750,VHCDLKPENVLLKAP,15,1675.99,-0.04,0.0,30.25,6.71,0.05,0.999966298736593,0.4666666666666667,L536H,False,,0.06666666666666667,0.06666666666666667,0.06666666666666667,0.06666666666666667,0.0,0.0,0.06666666666666667,0.0,0.13333333333333333,0.2,0.0,0.06666666666666667,0.13333333333333333,0.0,0.0,0.0,0.0,0.13333333333333333,0.0,0.0,0.7333164827016299
ep_13490,PWLLLAIVLLDELLQ,15,1749.14,1.61,0.07,31.71,4.05,-2.0,0.9999661226158987,0.4666666666666667,Y537S,False,,0.06666666666666667,0.0,0.06666666666666667,0.06666666666666667,0.0,0.0,0.0,0.06666666666666667,0.0,0.4666666666666667,0.0,0.0,0.06666666666666667,0.06666666666666667,0.0,0.0,0.0,0.06666666666666667,0.06666666666666667,0.0,0.7333163946412826
ep_29130,MDTHVQAALQLACDF,15,1662.88,0.43,0.07,58.15,4.2,-1.95,0.9999609876792762,0.4666666666666667,E380Q,False,,0.2,0.06666666666666667,0.13333333333333333,0.0,0.06666666666666667,0.0,0.06666666666666667,0.0,0.0,0.13333333333333333,0.06666666666666667,0.0,0.0,0.13333333333333333,0.0,0.0,0.06666666666666667,0.06666666666666667,0.0,0.0,0.7333138271729714
ep_32512,KHEPSTHPLVLLPPL,15,1677.98,-0.15,0.0,58.77,6.92,0.18,0.9999608664040972,0.4666666666666667,Y537S,False,,0.0,0.0,0.0,0.06666666666666667,0.0,0.0,0.13333333333333333,0.0,0.06666666666666667,0.26666666666666666,0.0,0.0,0.26666666666666666,0.0,0.0,0.06666666666666667,0.06666666666666667,0.06666666666666667,0.0,0.0,0.7333137665353819
ep_45485,TQVLLNLLINARDAC,15,1656.94,0.72,0.0,28.57,5.5,-0.05,0.9999595681463884,0.4666666666666667,L536H,False,,0.13333333333333333,0.06666666666666667,0.06666666666666667,0.0,0.0,0.0,0.0,0.06666666666666667,0.0,0.26666666666666666,0.0,0.13333333333333333,0.0,0.06666666666666667,0.06666666666666667,0.0,0.06666666666666667,0.06666666666666667,0.0,0.0,0.7333131174065275
ep_610,TYWLVFPVLCLILLA,15,1764.22,2.3,0.2,62.01,5.18,-0.05,0.9999595028281687,0.4666666666666667,L536H,False,,0.06666666666666667,0.06666666666666667,0.0,0.0,0.06666666666666667,0.0,0.0,0.06666666666666667,0.0,0.3333333333333333,0.0,0.0,0.06666666666666667,0.0,0.0,0.0,0.06666666666666667,0.13333333333333333,0.06666666666666667,0.06666666666666667,0.7333130847474176
ep_56667,VSVLLDLCDSLRHLH,15,1720.0,0.69,0.0,60.69,5.97,-0.86,0.9999589659755141,0.4666666666666667,L536H,False,,0.0,0.06666666666666667,0.13333333333333333,0.0,0.0,0.0,0.13333333333333333,0.0,0.0,0.3333333333333333,0.0,0.0,0.0,0.0,0.06666666666666667,0.13333333333333333,0.0,0.13333333333333333,0.0,0.0,0.7333128163210905
ep_5521,HEPSTHPLVLLPPLD,15,1664.9,-0.13,0.0,58.77,5.28,-1.82,0.9999584257700752,0.4666666666666667,L536H,False,,0.0,0.0,0.06666666666666667,0.06666666666666667,0.0,0.0,0.13333333333333333,0.0,0.0,0.26666666666666666,0.0,0.0,0.26666666666666666,0.0,0.0,0.06666666666666667,0.06666666666666667,0.06666666666666667,0.0,0.0,0.7333125462183709
ep_26824,HPKEFHQFLLSELHN,15,1876.08,-0.86,0.13,31.01,6.27,-0.73,0.999952615483922,0.4666666666666667,L536H,False,,0.0,0.0,0.0,0.13333333333333333,0.13333333333333333,0.0,0.2,0.0,0.06666666666666667,0.2,0.0,0.06666666666666667,0.06666666666666667,0.06666666666666667,0.0,0.06666666666666667,0.0,0.0,0.0,0.0,0.7333096410752944
ep_16855,GPHTLHLLQQVCQRL,15,1743.04,-0.15,0.0,28.83,8.27,1.14,0.9999517230846952,0.4666666666666667,E380Q,False,,0.0,0.06666666666666667,0.0,0.0,0.0,0.06666666666666667,0.13333333333333333,0.0,0.0,0.26666666666666666,0.0,0.0,0.06666666666666667,0.2,0.06666666666666667,0.0,0.06666666666666667,0.06666666666666667,0.0,0.0,0.7333091948756809
ep_40531,GWKLPDSVAAKLDEL,15,1641.86,-0.19,0.07,26.89,4.56,-1.0,0.999951172598095,0.4666666666666667,S463P,False,,0.13333333333333333,0.0,0.13333333333333333,0.06666666666666667,0.0,0.06666666666666667,0.0,0.0,0.13333333333333333,0.2,0.0,0.0,0.06666666666666667,0.0,0.0,0.06666666666666667,0.0,0.06666666666666667,0.06666666666666667,0.0,0.7333089196323808
ep_17768,PPAIIHRDLKPDNVL,15,1697.97,-0.29,0.0,27.53,7.17,0.09,0.9999494325025984,0.4666666666666667,K303R,False,,0.06666666666666667,0.0,0.13333333333333333,0.0,0.0,0.0,0.06666666666666667,0.13333333333333333,0.06666666666666667,0.13333333333333333,0.0,0.06666666666666667,0.2,0.0,0.06666666666666667,0.0,0.0,0.06666666666666667,0.0,0.0,0.7333080495846325
ep_16515,DPVYATYNALYTALL,15,1687.89,0.47,0.2,27.27,4.05,-1.0,0.9999488153068816,0.4666666666666667,S463P,False,,0.2,0.0,0.06666666666666667,0.0,0.0,0.0,0.0,0.0,0.0,0.2,0.0,0.06666666666666667,0.06666666666666667,0.0,0.0,0.0,0.13333333333333333,0.06666666666666667,0.0,0.2,0.7333077409867741
ep_27832,PLLRGLLSELHRLHH,15,1791.11,-0.14,0.0,29.35,10.03,1.27,0.9999486101148626,0.4666666666666667,L536H,False,,0.0,0.0,0.0,0.06666666666666667,0.0,0.06666666666666667,0.2,0.0,0.0,0.4,0.0,0.0,0.06666666666666667,0.0,0.13333333333333333,0.06666666666666667,0.0,0.0,0.0,0.0,0.7333076383907646
ep_21891,TIGDVLLSATDLLRR,15,1642.89,0.47,0.0,60.36,5.63,-0.0,0.999944615918863,0.4666666666666667,S463P,False,,0.06666666666666667,0.0,0.13333333333333333,0.0,0.0,0.06666666666666667,0.0,0.06666666666666667,0.0,0.26666666666666666,0.0,0.0,0.0,0.0,0.13333333333333333,0.06666666666666667,0.13333333333333333,0.06666666666666667,0.0,0.0,0.7333056412927648
ep_13956,RHVVPRIDWRLLALI,15,1857.25,0.53,0.07,29.99,11.7,2.09,0.9999438538130883,0.4666666666666667,L536H,False,,0.06666666666666667,0.0,0.06666666666666667,0.0,0.0,0.0,0.06666666666666667,0.13333333333333333,0.0,0.2,0.0,0.0,0.06666666666666667,0.0,0.2,0.0,0.0,0.13333333333333333,0.06666666666666667,0.0,0.7333052602398775
ep_51927,LLWEIAIVLDAAVHG,15,1619.9,1.51,0.07,25.39,4.35,-1.91,0.9999433495048001,0.4666666666666667,L536H,False,,0.2,0.0,0.06666666666666667,0.06666666666666667,0.0,0.06666666666666667,0.06666666666666667,0.13333333333333333,0.0,0.2,0.0,0.0,0.0,0.0,0.0,0.0,0.0,0.13333333333333333,0.06666666666666667,0.0,0.7333050080857334
ep_28032,IAYHLTKVLLELHNL,15,1777.11,0.68,0.07,27.69,6.92,0.18,0.9999431944850272,0.4666666666666667,L536H,False,,0.06666666666666667,0.0,0.0,0.06666666666666667,0.0,0.0,0.13333333333333333,0.06666666666666667,0.06666666666666667,0.3333333333333333,0.0,0.06666666666666667,0.0,0.0,0.0,0.0,0.06666666666666667,0.06666666666666667,0.0,0.06666666666666667,0.733304930575847
ep_29171,RLLRQLLDAFIYVHG,15,1814.14,0.51,0.13,28.1,8.75,1.09,0.9999409343863137,0.4666666666666667,L536H,False,,0.06666666666666667,0.0,0.06666666666666667,0.0,0.06666666666666667,0.06666666666666667,0.06666666666666667,0.06666666666666667,0.0,0.26666666666666666,0.0,0.0,0.0,0.06666666666666667,0.13333333333333333,0.0,0.0,0.06666666666666667,0.0,0.06666666666666667,0.7333038005264902
ep_27643,QYFLPTIYYPISKLL,15,1859.21,0.48,0.27,27.94,8.43,1.0,0.9999362050437959,0.4666666666666667,S463P,False,,0.0,0.0,0.0,0.0,0.06666666666666667,0.0,0.0,0.13333333333333333,0.06666666666666667,0.2,0.0,0.0,0.13333333333333333,0.06666666666666667,0.0,0.06666666666666667,0.06666666666666667,0.0,0.0,0.2,0.7333014358552312
ep_17564,CSVHERMQLLLDLQA,15,1756.06,0.21,0.0,26.04,5.32,-0.95,0.9999350535588045,0.4666666666666667,L536H,False,,0.06666666666666667,0.06666666666666667,0.06666666666666667,0.06666666666666667,0.0,0.0,0.06666666666666667,0.0,0.0,0.26666666666666666,0.06666666666666667,0.0,0.0,0.13333333333333333,0.06666666666666667,0.06666666666666667,0.0,0.06666666666666667,0.0,0.0,0.7333008601127355
ep_52443,APLAVDLLRTLTRVM,15,1669.04,0.91,0.0,24.99,9.64,1.0,0.9999333914039917,0.4666666666666667,Y537S,False,,0.13333333333333333,0.0,0.06666666666666667,0.0,0.0,0.0,0.0,0.0,0.0,0.26666666666666666,0.06666666666666667,0.0,0.06666666666666667,0.0,0.13333333333333333,0.0,0.13333333333333333,0.13333333333333333,0.0,0.0,0.7333000290353292
ep_27603,DLCPSLMQTIVELCS,15,1651.96,0.84,0.0,24.33,4.05,-2.09,0.9999329749522052,0.4666666666666667,E380Q,False,,0.0,0.13333333333333333,0.06666666666666667,0.06666666666666667,0.0,0.0,0.0,0.06666666666666667,0.0,0.2,0.06666666666666667,0.0,0.06666666666666667,0.06666666666666667,0.0,0.13333333333333333,0.06666666666666667,0.06666666666666667,0.0,0.0,0.7332998208094359
ep_6816,QVFSNLLDNAIEACE,15,1665.82,0.23,0.07,62.89,4.05,-3.04,0.9999319798707536,0.4666666666666667,S463P,False,,0.13333333333333333,0.06666666666666667,0.06666666666666667,0.13333333333333333,0.06666666666666667,0.0,0.0,0.06666666666666667,0.0,0.13333333333333333,0.0,0.13333333333333333,0.0,0.06666666666666667,0.0,0.06666666666666667,0.0,0.06666666666666667,0.0,0.0,0.7332993232687102
ep_6392,CLVHRDLKPSNVLLA,15,1678.01,0.46,0.0,24.33,8.23,1.04,0.9999297135518362,0.4666666666666667,E380Q,False,,0.06666666666666667,0.06666666666666667,0.06666666666666667,0.0,0.0,0.0,0.06666666666666667,0.0,0.06666666666666667,0.26666666666666666,0.0,0.06666666666666667,0.06666666666666667,0.0,0.06666666666666667,0.06666666666666667,0.0,0.13333333333333333,0.0,0.0,0.7332981901092515
ep_62721,SIVPLLLRLAFLTGL,15,1626.03,1.87,0.07,23.69,9.47,1.0,0.9999281598958529,0.4666666666666667,L536H,False,,0.06666666666666667,0.0,0.0,0.0,0.06666666666666667,0.06666666666666667,0.0,0.06666666666666667,0.0,0.4,0.0,0.0,0.06666666666666667,0.0,0.06666666666666667,0.06666666666666667,0.06666666666666667,0.06666666666666667,0.0,0.0,0.7332974132812597
ep_24016,DMAVQMDLDLLESCL,15,1695.97,0.61,0.0,64.97,4.05,-4.04,0.9999244468441865,0.4666666666666667,L536H,False,,0.06666666666666667,0.06666666666666667,0.2,0.06666666666666667,0.0,0.0,0.0,0.0,0.0,0.26666666666666666,0.13333333333333333,0.0,0.0,0.06666666666666667,0.0,0.06666666666666667,0.0,0.06666666666666667,0.0,0.0,0.7332955567554266
ep_63065,ILHCDIKPQNLLLSP,15,1704.04,0.34,0.0,66.46,6.73,0.04,0.9999182893817175,0.4666666666666667,Y537N,False,,0.0,0.06666666666666667,0.06666666666666667,0.0,0.0,0.0,0.06666666666666667,0.13333333333333333,0.06666666666666667,0.26666666666666666,0.0,0.06666666666666667,0.13333333333333333,0.06666666666666667,0.0,0.06666666666666667,0.0,0.0,0.0,0.0,0.7332924780241921
ep_59314,IVWRPSRSGRLYFAF,15,1855.15,0.04,0.27,71.49,11.71,3.0,0.9999180163193048,0.4666666666666667,K303R,False,,0.06666666666666667,0.0,0.0,0.0,0.13333333333333333,0.06666666666666667,0.0,0.06666666666666667,0.0,0.06666666666666667,0.0,0.0,0.06666666666666667,0.0,0.2,0.13333333333333333,0.0,0.06666666666666667,0.06666666666666667,0.06666666666666667,0.7332923414929857
ep_28955,TSPALRTRLLELLTA,15,1654.95,0.37,0.0,64.31,9.26,1.0,0.9999173666571259,0.4666666666666667,L536H,False,,0.13333333333333333,0.0,0.0,0.06666666666666667,0.0,0.0,0.0,0.0,0.0,0.3333333333333333,0.0,0.0,0.06666666666666667,0.0,0.13333333333333333,0.06666666666666667,0.2,0.0,0.0,0.0,0.7332920166618964
ep_6053,SPALRTRLLELLTAV,15,1652.98,0.7,0.0,64.31,9.31,1.0,0.9999166812189878,0.4666666666666667,L536H,False,,0.13333333333333333,0.0,0.0,0.06666666666666667,0.0,0.0,0.0,0.0,0.0,0.3333333333333333,0.0,0.0,0.06666666666666667,0.0,0.13333333333333333,0.06666666666666667,0.13333333333333333,0.06666666666666667,0.0,0.0,0.7332916739428272
ep_62400,AAPLHDLLLACSRLL,15,1605.94,1.14,0.0,64.31,6.78,0.04,0.9999039020819899,0.4666666666666667,L536H,False,,0.2,0.06666666666666667,0.06666666666666667,0.0,0.0,0.0,0.06666666666666667,0.0,0.0,0.4,0.0,0.0,0.06666666666666667,0.0,0.06666666666666667,0.06666666666666667,0.0,0.0,0.0,0.0,0.7332852843743283
ep_23984,RKDLLLRLHHLLVEL,15,1868.27,0.3,0.0,22.17,8.76,1.18,0.999895557570797,0.4666666666666667,E380Q,False,,0.0,0.0,0.06666666666666667,0.06666666666666667,0.0,0.0,0.13333333333333333,0.0,0.06666666666666667,0.4666666666666667,0.0,0.0,0.0,0.0,0.13333333333333333,0.0,0.0,0.06666666666666667,0.0,0.0,0.7332811121187318
ep_10498,PWRLRSLAAFLLRHL,15,1849.23,0.36,0.13,75.23,12.0,3.09,0.9998887822429491,0.4666666666666667,Y537S,False,,0.13333333333333333,0.0,0.0,0.0,0.06666666666666667,0.0,0.06666666666666667,0.0,0.0,0.3333333333333333,0.0,0.0,0.06666666666666667,0.0,0.2,0.06666666666666667,0.0,0.0,0.06666666666666667,0.0,0.7332777244548079
ep_12689,SLKSALSASKSLASS,15,1436.61,0.23,0.0,16.51,10.0,2.0,0.9998820696738314,0.4666666666666667,K303R,False,,0.2,0.0,0.0,0.0,0.0,0.0,0.0,0.0,0.13333333333333333,0.2,0.0,0.0,0.0,0.0,0.0,0.4666666666666667,0.0,0.0,0.0,0.0,0.733274368170249
ep_25437,STAANWVHRLGLLLQ,15,1678.93,0.37,0.07,18.49,9.49,1.09,0.9998813526752501,0.4666666666666667,D538G,False,,0.13333333333333333,0.0,0.0,0.0,0.0,0.06666666666666667,0.06666666666666667,0.0,0.0,0.26666666666666666,0.0,0.06666666666666667,0.0,0.06666666666666667,0.06666666666666667,0.06666666666666667,0.06666666666666667,0.06666666666666667,0.06666666666666667,0.0,0.7332740096709585
ep_47855,VIIHLLYFGLVLLAG,15,1641.05,2.38,0.13,17.56,6.71,0.09,0.9998784424100888,0.4666666666666667,L536H,False,,0.06666666666666667,0.0,0.0,0.0,0.06666666666666667,0.13333333333333333,0.06666666666666667,0.13333333333333333,0.0,0.3333333333333333,0.0,0.0,0.0,0.0,0.0,0.0,0.0,0.13333333333333333,0.0,0.06666666666666667,0.7332725545383778
ep_36621,THVRQLLEECVAAGV,15,1624.86,0.47,0.0,68.17,5.37,-0.95,0.9998763197422408,0.4666666666666667,E380Q,False,,0.13333333333333333,0.06666666666666667,0.0,0.13333333333333333,0.0,0.06666666666666667,0.06666666666666667,0.0,0.0,0.13333333333333333,0.0,0.0,0.0,0.06666666666666667,0.06666666666666667,0.0,0.06666666666666667,0.2,0.0,0.0,0.7332714932044537
ep_57557,DLLVEVCRALAYIHS,15,1701.98,0.91,0.07,17.56,5.32,-0.95,0.9998734937497632,0.4666666666666667,L536H,False,,0.13333333333333333,0.06666666666666667,0.06666666666666667,0.06666666666666667,0.0,0.0,0.06666666666666667,0.06666666666666667,0.0,0.2,0.0,0.0,0.0,0.0,0.06666666666666667,0.06666666666666667,0.0,0.13333333333333333,0.0,0.06666666666666667,0.7332700802082149
ep_51704,FVIIHLLYFGLVLLA,15,1731.17,2.59,0.2,17.56,6.74,0.09,0.9998698363173851,0.4666666666666667,L536H,False,,0.06666666666666667,0.0,0.0,0.0,0.13333333333333333,0.06666666666666667,0.06666666666666667,0.13333333333333333,0.0,0.3333333333333333,0.0,0.0,0.0,0.0,0.0,0.0,0.0,0.13333333333333333,0.0,0.06666666666666667,0.7332682514920259
ep_43339,AVLDALHVAHARHLL,15,1635.91,0.88,0.0,16.51,7.06,0.27,0.9998692618563959,0.4666666666666667,E380Q,False,,0.26666666666666666,0.0,0.06666666666666667,0.0,0.0,0.0,0.2,0.0,0.0,0.26666666666666666,0.0,0.0,0.0,0.0,0.06666666666666667,0.0,0.0,0.13333333333333333,0.0,0.0,0.7332679642615313
ep_43669,SFVIIHLLYFGLVLL,15,1747.17,2.42,0.2,17.56,6.46,0.09,0.9998685545637229,0.4666666666666667,D538G,False,,0.0,0.0,0.0,0.0,0.13333333333333333,0.06666666666666667,0.06666666666666667,0.13333333333333333,0.0,0.3333333333333333,0.0,0.0,0.0,0.0,0.0,0.06666666666666667,0.0,0.13333333333333333,0.0,0.06666666666666667,0.7332676106151947
ep_22515,PCPLEARVLLAYQML,15,1717.1,0.76,0.07,17.15,6.38,-0.05,0.9998682028649755,0.4666666666666667,Y537S,False,,0.13333333333333333,0.06666666666666667,0.0,0.06666666666666667,0.0,0.0,0.0,0.0,0.0,0.26666666666666666,0.06666666666666667,0.0,0.13333333333333333,0.06666666666666667,0.06666666666666667,0.0,0.0,0.06666666666666667,0.0,0.06666666666666667,0.733267434765821
ep_23136,VPLLLKNFEEGLKKL,15,1741.12,0.12,0.07,16.91,8.47,1.0,0.9998623107555271,0.4666666666666667,L536H,False,,0.0,0.0,0.0,0.13333333333333333,0.06666666666666667,0.06666666666666667,0.0,0.0,0.2,0.3333333333333333,0.0,0.06666666666666667,0.06666666666666667,0.0,0.0,0.0,0.0,0.06666666666666667,0.0,0.0,0.7332644887110968
ep_25354,TLEQFQRLLNAYCNA,15,1784.0,-0.25,0.13,17.15,5.66,-0.05,0.9998620146425435,0.4666666666666667,E380Q,False,,0.13333333333333333,0.06666666666666667,0.0,0.06666666666666667,0.06666666666666667,0.0,0.0,0.0,0.0,0.2,0.0,0.13333333333333333,0.0,0.13333333333333333,0.06666666666666667,0.0,0.06666666666666667,0.0,0.0,0.06666666666666667,0.7332643406546051
ep_52497,PPAIMHRDIKPENVL,15,1730.04,-0.41,0.0,74.1,7.18,0.09,0.9998619298017968,0.4666666666666667,K303R,False,,0.06666666666666667,0.0,0.06666666666666667,0.06666666666666667,0.0,0.0,0.06666666666666667,0.13333333333333333,0.06666666666666667,0.06666666666666667,0.06666666666666667,0.06666666666666667,0.2,0.0,0.06666666666666667,0.0,0.0,0.06666666666666667,0.0,0.0,0.7332642982342317
ep_20750,LEVLLLHHLEHLRVL,15,1834.21,0.93,0.0,17.15,6.27,-0.73,0.9998576225174618,0.4666666666666667,Y537S,False,,0.0,0.0,0.0,0.13333333333333333,0.0,0.0,0.2,0.0,0.0,0.4666666666666667,0.0,0.0,0.0,0.0,0.06666666666666667,0.0,0.0,0.13333333333333333,0.0,0.0,0.7332621445920642
ep_3279,TQNELLLKLYHMLYD,15,1894.19,-0.23,0.13,17.0,5.42,-0.91,0.9998509098099185,0.4666666666666667,Y537S,False,,0.0,0.0,0.06666666666666667,0.06666666666666667,0.0,0.0,0.06666666666666667,0.0,0.06666666666666667,0.3333333333333333,0.06666666666666667,0.06666666666666667,0.0,0.06666666666666667,0.0,0.0,0.06666666666666667,0.0,0.0,0.13333333333333333,0.7332587882382926
ep_46782,DSLLLSPTQVHACFS,15,1617.82,0.52,0.07,70.71,5.08,-0.96,0.9998472536914236,0.4666666666666667,E380Q,False,,0.06666666666666667,0.06666666666666667,0.06666666666666667,0.0,0.06666666666666667,0.0,0.06666666666666667,0.0,0.0,0.2,0.0,0.0,0.06666666666666667,0.06666666666666667,0.0,0.2,0.06666666666666667,0.06666666666666667,0.0,0.0,0.7332569601790451
ep_51766,ALVGLSLVAGGLYLL,15,1458.78,2.1,0.07,11.9,5.57,-0.0,0.9998347074939532,0.4666666666666667,Y537S,False,,0.13333333333333333,0.0,0.0,0.0,0.0,0.2,0.0,0.0,0.0,0.4,0.0,0.0,0.0,0.0,0.0,0.06666666666666667,0.0,0.13333333333333333,0.0,0.06666666666666667,0.7332506870803099
ep_64202,DHFSKIVCKLKSLQE,15,1775.08,-0.36,0.07,14.35,8.18,1.05,0.9998343541610571,0.4666666666666667,S463P,False,,0.0,0.06666666666666667,0.06666666666666667,0.06666666666666667,0.06666666666666667,0.0,0.06666666666666667,0.06666666666666667,0.2,0.13333333333333333,0.0,0.0,0.0,0.06666666666666667,0.0,0.13333333333333333,0.0,0.06666666666666667,0.0,0.0,0.7332505104138619
ep_31046,KVCIDVARGLEYLHN,15,1730.0,0.07,0.07,13.8,6.74,0.05,0.999833468426514,0.4666666666666667,D538G,False,,0.06666666666666667,0.06666666666666667,0.06666666666666667,0.06666666666666667,0.0,0.06666666666666667,0.06666666666666667,0.06666666666666667,0.06666666666666667,0.13333333333333333,0.0,0.06666666666666667,0.0,0.0,0.06666666666666667,0.0,0.0,0.13333333333333333,0.0,0.06666666666666667,0.7332500675465903
ep_46435,YLPTLLLVAAWAVAA,15,1571.9,1.87,0.13,12.15,5.52,-0.0,0.9998281878623562,0.4666666666666667,E380Q,False,,0.3333333333333333,0.0,0.0,0.0,0.0,0.0,0.0,0.0,0.0,0.26666666666666666,0.0,0.0,0.06666666666666667,0.0,0.0,0.0,0.06666666666666667,0.13333333333333333,0.06666666666666667,0.06666666666666667,0.7332474272645114
ep_40134,APLSDALCQVLCEVQ,15,1588.84,0.8,0.0,12.12,4.05,-2.09,0.9998260414003644,0.4666666666666667,Y537S,False,LSD,0.13333333333333333,0.13333333333333333,0.06666666666666667,0.06666666666666667,0.0,0.0,0.0,0.0,0.0,0.2,0.0,0.0,0.06666666666666667,0.13333333333333333,0.0,0.06666666666666667,0.0,0.13333333333333333,0.0,0.0,0.7332463540335155
ep_29434,VAHGDLRPENILLNE,15,1689.87,-0.35,0.0,76.16,4.89,-1.91,0.9998222975919597,0.4666666666666667,L536H,False,,0.06666666666666667,0.0,0.06666666666666667,0.13333333333333333,0.0,0.06666666666666667,0.06666666666666667,0.06666666666666667,0.0,0.2,0.0,0.13333333333333333,0.06666666666666667,0.0,0.06666666666666667,0.0,0.0,0.06666666666666667,0.0,0.0,0.7332444821293131
ep_3902,VHRDLKPSNVLLAST,15,1649.89,-0.06,0.0,11.49,8.73,1.09,0.9998122648032265,0.4666666666666667,L536H,False,,0.06666666666666667,0.0,0.06666666666666667,0.0,0.0,0.0,0.06666666666666667,0.0,0.06666666666666667,0.2,0.0,0.06666666666666667,0.06666666666666667,0.0,0.06666666666666667,0.13333333333333333,0.06666666666666667,0.13333333333333333,0.0,0.0,0.7332394657349466
ep_5735,HEADTQAYRLLQLCL,15,1774.01,-0.16,0.07,11.93,5.32,-0.95,0.99980989357019,0.4666666666666667,E380Q,False,,0.13333333333333333,0.06666666666666667,0.06666666666666667,0.06666666666666667,0.0,0.0,0.06666666666666667,0.0,0.0,0.26666666666666666,0.0,0.0,0.0,0.13333333333333333,0.06666666666666667,0.0,0.06666666666666667,0.0,0.0,0.06666666666666667,0.7332382801184283
ep_66192,LLLVRWILERLQCVP,15,1851.31,1.06,0.07,84.88,8.25,0.96,0.9998068064263916,0.4666666666666667,E380Q,False,LQC,0.0,0.06666666666666667,0.0,0.06666666666666667,0.0,0.0,0.0,0.06666666666666667,0.0,0.3333333333333333,0.0,0.0,0.06666666666666667,0.06666666666666667,0.13333333333333333,0.0,0.0,0.13333333333333333,0.06666666666666667,0.0,0.7332367365465291
ep_19105,PALQRLRQHLLAAPC,15,1687.02,0.05,0.0,77.4,10.39,2.04,0.9998022670693875,0.4666666666666667,E380Q,False,,0.2,0.06666666666666667,0.0,0.0,0.0,0.0,0.06666666666666667,0.0,0.0,0.26666666666666666,0.0,0.0,0.13333333333333333,0.13333333333333333,0.13333333333333333,0.0,0.0,0.0,0.0,0.0,0.7332344668680271
ep_24617,ALVVLAALHLAMVLG,15,1490.89,2.47,0.0,9.33,6.79,0.09,0.9997980515174467,0.4666666666666667,L536H,False,,0.26666666666666666,0.0,0.0,0.0,0.0,0.06666666666666667,0.06666666666666667,0.0,0.0,0.3333333333333333,0.06666666666666667,0.0,0.0,0.0,0.0,0.0,0.0,0.2,0.0,0.0,0.7332323590920566
ep_63934,ATPWLLLAIVLLDEL,15,1680.04,1.66,0.07,9.98,4.05,-2.0,0.9997932763699211,0.4666666666666667,Y537S,False,,0.13333333333333333,0.0,0.06666666666666667,0.06666666666666667,0.0,0.0,0.0,0.06666666666666667,0.0,0.4,0.0,0.0,0.06666666666666667,0.0,0.0,0.0,0.06666666666666667,0.06666666666666667,0.06666666666666667,0.0,0.7332299715182939
ep_51651,CEARVAAVSLLGRVL,15,1556.87,1.21,0.0,9.33,8.25,0.96,0.9997926044523259,0.4666666666666667,Y537S,False,,0.2,0.06666666666666667,0.0,0.06666666666666667,0.0,0.06666666666666667,0.0,0.0,0.0,0.2,0.0,0.0,0.0,0.0,0.13333333333333333,0.06666666666666667,0.0,0.2,0.0,0.0,0.7332296355594963
ep_36137,QRVAATLFALSLAGL,15,1530.81,1.3,0.07,9.33,9.75,1.0,0.9997917846204845,0.4666666666666667,S463P,False,,0.26666666666666666,0.0,0.0,0.0,0.06666666666666667,0.06666666666666667,0.0,0.0,0.0,0.26666666666666666,0.0,0.0,0.0,0.06666666666666667,0.06666666666666667,0.06666666666666667,0.06666666666666667,0.06666666666666667,0.0,0.0,0.7332292256435755
ep_2697,AALVVIALHLVLDEL,15,1588.93,2.09,0.0,9.33,4.35,-1.91,0.9997915527780438,0.4666666666666667,L536H,False,,0.2,0.0,0.06666666666666667,0.06666666666666667,0.0,0.0,0.06666666666666667,0.06666666666666667,0.0,0.3333333333333333,0.0,0.0,0.0,0.0,0.0,0.0,0.0,0.2,0.0,0.0,0.7332291097223552
ep_20128,RPALIHRDIKSANIL,15,1717.02,-0.05,0.0,79.71,10.84,2.09,0.9997910317828258,0.4666666666666667,K303R,False,,0.13333333333333333,0.0,0.06666666666666667,0.0,0.0,0.0,0.06666666666666667,0.2,0.06666666666666667,0.13333333333333333,0.0,0.06666666666666667,0.06666666666666667,0.0,0.13333333333333333,0.06666666666666667,0.0,0.0,0.0,0.0,0.7332288492247463
ep_31078,PYSGFLLATALLLAR,15,1605.92,1.19,0.13,9.33,9.18,1.0,0.9997882672963427,0.4666666666666667,L536H,False,,0.2,0.0,0.0,0.0,0.06666666666666667,0.06666666666666667,0.0,0.0,0.0,0.3333333333333333,0.0,0.0,0.06666666666666667,0.0,0.06666666666666667,0.06666666666666667,0.06666666666666667,0.0,0.0,0.06666666666666667,0.7332274669815046
ep_6593,TSDHVRNLLSLIEEI,15,1738.94,0.04,0.0,81.43,4.65,-1.91,0.9997877212207392,0.4666666666666667,S463P,False,,0.0,0.0,0.06666666666666667,0.13333333333333333,0.0,0.0,0.06666666666666667,0.13333333333333333,0.0,0.2,0.0,0.06666666666666667,0.0,0.0,0.06666666666666667,0.13333333333333333,0.06666666666666667,0.06666666666666667,0.0,0.0,0.733227193943703
ep_33685,SLVSATLVFVCAWFF,15,1690.01,2.1,0.27,9.33,5.24,-0.05,0.9997852317168406,0.4666666666666667,E380Q,False,,0.13333333333333333,0.06666666666666667,0.0,0.0,0.2,0.0,0.0,0.0,0.0,0.13333333333333333,0.0,0.0,0.0,0.0,0.0,0.13333333333333333,0.06666666666666667,0.2,0.06666666666666667,0.0,0.7332259491917537
ep_52594,RFLAVLLLGVLVLLL,15,1652.16,2.85,0.07,9.33,9.75,1.0,0.9997836637651505,0.4666666666666667,D538G,False,,0.06666666666666667,0.0,0.0,0.0,0.06666666666666667,0.06666666666666667,0.0,0.0,0.0,0.5333333333333333,0.0,0.0,0.0,0.0,0.06666666666666667,0.0,0.0,0.2,0.0,0.0,0.7332251652159085
ep_24845,PLLHERLLTLLAQRC,15,1776.15,0.37,0.0,9.33,8.68,1.05,0.9997787364870045,0.4666666666666667,E380Q,False,,0.06666666666666667,0.06666666666666667,0.0,0.06666666666666667,0.0,0.0,0.06666666666666667,0.0,0.0,0.4,0.0,0.0,0.06666666666666667,0.06666666666666667,0.13333333333333333,0.0,0.06666666666666667,0.0,0.0,0.0,0.7332227015768356
ep_20556,IFKHFDIVLLPYQAN,15,1818.12,0.51,0.2,7.81,6.74,0.09,0.9997595739723947,0.4666666666666667,E380Q,False,,0.06666666666666667,0.0,0.06666666666666667,0.0,0.13333333333333333,0.0,0.06666666666666667,0.13333333333333333,0.06666666666666667,0.13333333333333333,0.0,0.06666666666666667,0.06666666666666667,0.06666666666666667,0.0,0.0,0.0,0.06666666666666667,0.0,0.06666666666666667,0.7332131203195307
ep_58709,PDITYYTTVLDVLAR,15,1739.96,0.3,0.13,6.87,4.21,-1.0,0.9997515916654802,0.4666666666666667,E380Q,False,,0.06666666666666667,0.0,0.13333333333333333,0.0,0.0,0.0,0.0,0.06666666666666667,0.0,0.13333333333333333,0.0,0.0,0.06666666666666667,0.0,0.06666666666666667,0.0,0.2,0.13333333333333333,0.0,0.13333333333333333,0.7332091291660734
ep_65776,RSVLLRLLDEVCRRL,15,1841.23,0.27,0.0,89.65,10.2,1.96,0.9997449519210824,0.4666666666666667,Y537S,False,,0.0,0.06666666666666667,0.06666666666666667,0.06666666666666667,0.0,0.0,0.0,0.0,0.0,0.3333333333333333,0.0,0.0,0.0,0.0,0.26666666666666666,0.06666666666666667,0.0,0.13333333333333333,0.0,0.0,0.7332058092938745
ep_35425,CGYVHSDLKPENVLM,15,1704.96,-0.09,0.07,4.57,5.32,-0.95,0.9997229528370898,0.4666666666666667,Y537S,False,,0.0,0.06666666666666667,0.06666666666666667,0.06666666666666667,0.0,0.06666666666666667,0.06666666666666667,0.0,0.06666666666666667,0.13333333333333333,0.06666666666666667,0.06666666666666667,0.06666666666666667,0.0,0.0,0.06666666666666667,0.0,0.13333333333333333,0.0,0.06666666666666667,0.7331948097518782
ep_49357,ADDLLALVREVLASL,15,1597.85,1.13,0.0,3.67,4.05,-2.0,0.9997127654455497,0.4666666666666667,L536H,False,,0.2,0.0,0.13333333333333333,0.06666666666666667,0.0,0.0,0.0,0.0,0.0,0.3333333333333333,0.0,0.0,0.0,0.0,0.06666666666666667,0.06666666666666667,0.0,0.13333333333333333,0.0,0.0,0.7331897160561082
ep_20045,VWENASAVLKSLLEA,15,1629.85,0.55,0.07,3.67,4.53,-1.0,0.9997124890610257,0.4666666666666667,S463P,False,,0.2,0.0,0.0,0.13333333333333333,0.0,0.0,0.0,0.0,0.06666666666666667,0.2,0.0,0.06666666666666667,0.0,0.0,0.0,0.13333333333333333,0.0,0.13333333333333333,0.06666666666666667,0.0,0.7331895778638462
ep_8833,PYVLALGYLAVLVAR,15,1617.97,1.61,0.13,3.67,9.0,1.0,0.9997099792639589,0.4666666666666667,L536H,False,,0.2,0.0,0.0,0.0,0.0,0.06666666666666667,0.0,0.0,0.0,0.26666666666666666,0.0,0.0,0.06666666666666667,0.0,0.06666666666666667,0.0,0.0,0.2,0.0,0.13333333333333333,0.7331883229653128
ep_935,VLVLLVCYLAWVFFC,15,1788.26,2.81,0.27,3.67,5.48,-0.09,0.9997070662891463,0.4666666666666667,E380Q,False,,0.06666666666666667,0.13333333333333333,0.0,0.0,0.13333333333333333,0.0,0.0,0.0,0.0,0.26666666666666666,0.0,0.0,0.0,0.0,0.0,0.0,0.0,0.26666666666666666,0.06666666666666667,0.06666666666666667,0.7331868664779064
ep_46151,VDLVIPKFDRVSVSL,15,1686.99,0.87,0.07,0.59,5.93,-0.0,0.9996653727852681,0.4666666666666667,K303R,False,,0.0,0.0,0.13333333333333333,0.0,0.06666666666666667,0.0,0.0,0.06666666666666667,0.06666666666666667,0.13333333333333333,0.0,0.0,0.06666666666666667,0.0,0.06666666666666667,0.13333333333333333,0.0,0.26666666666666666,0.0,0.0,0.7331660197259674
ep_24432,MSFEEQLALLKLREE,15,1836.11,-0.33,0.07,96.45,4.69,-2.0,0.9996542572003273,0.4666666666666667,S463P,False,,0.06666666666666667,0.0,0.0,0.26666666666666666,0.06666666666666667,0.0,0.0,0.0,0.06666666666666667,0.26666666666666666,0.06666666666666667,0.0,0.0,0.06666666666666667,0.06666666666666667,0.06666666666666667,0.0,0.0,0.0,0.0,0.733160461933497
ep_4805,MLHDVYDALQQACVP,15,1702.95,0.26,0.07,91.77,4.2,-1.96,0.9996177997687827,0.4666666666666667,E380Q,False,,0.13333333333333333,0.06666666666666667,0.13333333333333333,0.0,0.0,0.0,0.06666666666666667,0.0,0.0,0.13333333333333333,0.06666666666666667,0.0,0.06666666666666667,0.13333333333333333,0.0,0.0,0.0,0.13333333333333333,0.0,0.06666666666666667,0.7331422332177246
ep_35378,VGIALAVLSVLLLIG,15,1450.85,2.84,0.0,-1.99,5.49,-0.0,0.9996164334955888,0.4666666666666667,Y537S,False,,0.13333333333333333,0.0,0.0,0.0,0.0,0.13333333333333333,0.0,0.13333333333333333,0.0,0.3333333333333333,0.0,0.0,0.0,0.0,0.0,0.06666666666666667,0.0,0.2,0.0,0.0,0.7331415500811278
ep_21882,LLHRLHFVQVLLLLL,15,1827.31,1.81,0.07,-2.61,9.76,1.18,0.999615188228204,0.4666666666666667,E380Q,False,,0.0,0.0,0.0,0.0,0.06666666666666667,0.0,0.13333333333333333,0.0,0.0,0.5333333333333333,0.0,0.0,0.0,0.06666666666666667,0.06666666666666667,0.0,0.0,0.13333333333333333,0.0,0.0,0.7331409274474354
ep_6627,VYFCASDLLDLFKHS,15,1758.0,0.57,0.2,-5.71,5.21,-0.96,0.9995658703083847,0.4666666666666667,S463P,False,,0.06666666666666667,0.06666666666666667,0.13333333333333333,0.0,0.13333333333333333,0.0,0.06666666666666667,0.0,0.06666666666666667,0.2,0.0,0.0,0.0,0.0,0.0,0.13333333333333333,0.0,0.06666666666666667,0.0,0.06666666666666667,0.7331162684875256
ep_32368,PIRLTWRYLLGMLVA,15,1802.23,0.91,0.13,-5.71,10.84,2.0,0.9995637907111316,0.4666666666666667,L536H,False,,0.06666666666666667,0.0,0.0,0.0,0.0,0.06666666666666667,0.0,0.06666666666666667,0.0,0.26666666666666666,0.06666666666666667,0.0,0.06666666666666667,0.0,0.13333333333333333,0.0,0.06666666666666667,0.06666666666666667,0.06666666666666667,0.06666666666666667,0.7331152286888991
ep_33705,TLLEQSRHELDVALQ,15,1751.93,-0.37,0.0,98.88,4.65,-1.91,0.9995444342064682,0.4666666666666667,E380Q,False,,0.06666666666666667,0.0,0.06666666666666667,0.13333333333333333,0.0,0.0,0.06666666666666667,0.0,0.0,0.26666666666666666,0.0,0.0,0.0,0.13333333333333333,0.06666666666666667,0.06666666666666667,0.06666666666666667,0.06666666666666667,0.0,0.0,0.7331055504365674
ep_37411,DVDLELLKAVVEASG,15,1557.74,0.57,0.0,-6.35,4.05,-3.0,0.9995391402342356,0.4666666666666667,L536H,False,,0.13333333333333333,0.0,0.13333333333333333,0.13333333333333333,0.0,0.06666666666666667,0.0,0.0,0.06666666666666667,0.2,0.0,0.0,0.0,0.0,0.0,0.06666666666666667,0.0,0.2,0.0,0.0,0.7331029034504511
ep_51890,NWAGRVLRGALLVLG,15,1594.9,0.84,0.07,-6.08,12.0,2.0,0.9995390872972495,0.4666666666666667,D538G,False,,0.13333333333333333,0.0,0.0,0.0,0.0,0.2,0.0,0.0,0.0,0.26666666666666666,0.0,0.06666666666666667,0.0,0.0,0.13333333333333333,0.0,0.0,0.13333333333333333,0.06666666666666667,0.0,0.7331028769819581
ep_64700,HNVESALAFLESMSS,15,1621.77,0.21,0.07,92.93,4.51,-1.91,0.9995181048503935,0.4666666666666667,Y537S,False,,0.13333333333333333,0.0,0.0,0.13333333333333333,0.06666666666666667,0.0,0.06666666666666667,0.0,0.0,0.13333333333333333,0.06666666666666667,0.06666666666666667,0.0,0.0,0.0,0.26666666666666666,0.0,0.06666666666666667,0.0,0.0,0.7330923857585301
ep_39676,MPAMHDNLHRLLLQY,15,1852.19,-0.23,0.07,106.36,6.69,0.18,0.9995147449913341,0.4666666666666667,L536H,False,,0.06666666666666667,0.0,0.06666666666666667,0.0,0.0,0.0,0.13333333333333333,0.0,0.0,0.26666666666666666,0.13333333333333333,0.06666666666666667,0.06666666666666667,0.06666666666666667,0.06666666666666667,0.0,0.0,0.0,0.0,0.06666666666666667,0.7330907058290004
ep_23690,VPPVIHRDIKPANIL,15,1682.02,0.27,0.0,100.37,8.73,1.09,0.9994406677637605,0.4666666666666667,K303R,False,,0.06666666666666667,0.0,0.06666666666666667,0.0,0.0,0.0,0.06666666666666667,0.2,0.06666666666666667,0.06666666666666667,0.0,0.06666666666666667,0.2,0.0,0.06666666666666667,0.0,0.0,0.13333333333333333,0.0,0.0,0.7330536672152136
ep_20725,HFTDTQLLEVVQALV,15,1712.94,0.67,0.07,-12.63,4.35,-1.91,0.9994352789035812,0.4666666666666667,E380Q,False,,0.06666666666666667,0.0,0.06666666666666667,0.06666666666666667,0.06666666666666667,0.0,0.06666666666666667,0.0,0.0,0.2,0.0,0.0,0.0,0.13333333333333333,0.0,0.0,0.13333333333333333,0.2,0.0,0.0,0.733050972785124
ep_64788,SDTLTWLLTQLAHQY,15,1789.98,-0.12,0.13,-18.19,5.06,-0.91,0.9993381952594402,0.4666666666666667,E380Q,False,,0.06666666666666667,0.0,0.06666666666666667,0.0,0.0,0.0,0.06666666666666667,0.0,0.0,0.26666666666666666,0.0,0.0,0.0,0.13333333333333333,0.0,0.06666666666666667,0.2,0.0,0.06666666666666667,0.06666666666666667,0.7330024309630534
ep_29617,MPVKPMPSYNLLIEL,15,1745.15,0.41,0.07,110.92,5.75,-0.0,0.9993060090574069,0.4666666666666667,L536H,False,,0.0,0.0,0.0,0.06666666666666667,0.0,0.0,0.0,0.06666666666666667,0.06666666666666667,0.2,0.13333333333333333,0.06666666666666667,0.2,0.0,0.0,0.06666666666666667,0.0,0.06666666666666667,0.0,0.06666666666666667,0.7329863378620367
ep_51011,ALLQHLRSVMASLQG,15,1623.92,0.55,0.0,103.16,9.8,1.09,0.9993031802371499,0.4666666666666667,E380Q,False,,0.13333333333333333,0.0,0.0,0.0,0.0,0.06666666666666667,0.06666666666666667,0.0,0.0,0.26666666666666666,0.06666666666666667,0.0,0.0,0.13333333333333333,0.06666666666666667,0.13333333333333333,0.0,0.06666666666666667,0.0,0.0,0.7329849234519084
ep_63900,NDELLLKLMRTGKLE,15,1773.1,-0.43,0.0,-23.99,6.3,0.0,0.999210136952063,0.4666666666666667,Y537S,False,,0.0,0.0,0.06666666666666667,0.13333333333333333,0.0,0.06666666666666667,0.0,0.0,0.13333333333333333,0.3333333333333333,0.06666666666666667,0.06666666666666667,0.0,0.0,0.06666666666666667,0.0,0.06666666666666667,0.0,0.0,0.0,0.7329384018093648
ep_6176,VPALLPLLPLPPPQH,15,1601.97,0.58,0.0,112.05,6.71,0.09,0.9990484142966066,0.4666666666666667,L536H,False,,0.06666666666666667,0.0,0.0,0.0,0.0,0.0,0.06666666666666667,0.0,0.0,0.3333333333333333,0.0,0.0,0.4,0.06666666666666667,0.0,0.0,0.0,0.06666666666666667,0.0,0.0,0.7328575404816366
ep_21488,SSWLVTMSRLLSECL,15,1725.04,0.73,0.07,121.85,5.72,-0.04,0.9990187924647271,0.4666666666666667,K303R,False,,0.0,0.06666666666666667,0.0,0.06666666666666667,0.0,0.0,0.0,0.0,0.0,0.26666666666666666,0.06666666666666667,0.0,0.0,0.0,0.06666666666666667,0.26666666666666666,0.06666666666666667,0.06666666666666667,0.06666666666666667,0.0,0.732842729565697
ep_28382,VLLPLLRSPAPDPRH,15,1680.99,-0.11,0.0,122.07,9.58,1.09,0.9989264207116131,0.4666666666666667,L536H,False,,0.06666666666666667,0.0,0.06666666666666667,0.0,0.0,0.0,0.06666666666666667,0.0,0.0,0.26666666666666666,0.0,0.0,0.26666666666666666,0.0,0.13333333333333333,0.06666666666666667,0.0,0.06666666666666667,0.0,0.0,0.7327965436891399
ep_2715,TCAPLLLPPSPPPLL,15,1528.9,0.81,0.0,115.67,5.18,-0.05,0.9987845408289011,0.4666666666666667,Y537S,False,,0.06666666666666667,0.06666666666666667,0.0,0.0,0.0,0.0,0.0,0.0,0.0,0.3333333333333333,0.0,0.0,0.4,0.0,0.0,0.06666666666666667,0.06666666666666667,0.0,0.0,0.0,0.7327256037477838
ep_45205,CPSPPPRPAHTSRPS,15,1586.77,-1.37,0.0,138.47,10.35,2.04,0.9981436242978357,0.4666666666666667,K303R,False,,0.06666666666666667,0.06666666666666667,0.0,0.0,0.0,0.0,0.06666666666666667,0.0,0.0,0.0,0.0,0.0,0.4,0.0,0.13333333333333333,0.2,0.06666666666666667,0.0,0.0,0.0,0.7324051454822511
ep_58363,PSPPPRPAHTSRPSS,15,1570.71,-1.59,0.0,138.47,12.0,2.09,0.9980850157317654,0.4666666666666667,K303R,False,,0.06666666666666667,0.0,0.0,0.0,0.0,0.0,0.06666666666666667,0.0,0.0,0.0,0.0,0.0,0.4,0.0,0.13333333333333333,0.26666666666666666,0.06666666666666667,0.0,0.0,0.0,0.7323758411992161
ep_5092,PMPSPPPIPQRPFSS,15,1634.9,-0.83,0.07,150.85,10.18,1.0,0.9978318556627875,0.4666666666666667,K303R,False,,0.0,0.0,0.0,0.0,0.06666666666666667,0.0,0.0,0.06666666666666667,0.0,0.0,0.06666666666666667,0.0,0.4666666666666667,0.06666666666666667,0.06666666666666667,0.2,0.0,0.0,0.0,0.0,0.7322492611647271
ep_137,PSPPPIPQRPFSSSS,15,1580.74,-0.95,0.07,152.27,10.18,1.0,0.9975583542435138,0.4666666666666667,K303R,False,,0.0,0.0,0.0,0.0,0.06666666666666667,0.0,0.0,0.06666666666666667,0.0,0.0,0.0,0.0,0.4,0.06666666666666667,0.06666666666666667,0.3333333333333333,0.0,0.0,0.0,0.0,0.7321125104550903
ep_54812,PSPLPIPPTPSPPPS,15,1480.7,-0.61,0.0,155.88,5.95,-0.0,0.9969056808053656,0.4666666666666667,K303R,False,,0.0,0.0,0.0,0.0,0.0,0.0,0.0,0.06666666666666667,0.0,0.06666666666666667,0.0,0.0,0.6,0.0,0.0,0.2,0.06666666666666667,0.0,0.0,0.0,0.7317861737360161
ep_2787,ILDVINKEKSKVISE,15,1715.0,-0.11,0.0,45.14,6.3,0.0,0.9999998328330034,0.4,K303R,False,,0.0,0.0,0.06666666666666667,0.13333333333333333,0.0,0.0,0.0,0.2,0.2,0.06666666666666667,0.0,0.06666666666666667,0.0,0.0,0.0,0.13333333333333333,0.0,0.13333333333333333,0.0,0.0,0.6999999164165017
ep_29029,TESIQRLLDAVHKVQ,15,1736.97,-0.32,0.0,45.14,6.42,0.09,0.9999997610868947,0.4,E380Q,False,,0.06666666666666667,0.0,0.06666666666666667,0.06666666666666667,0.0,0.0,0.06666666666666667,0.06666666666666667,0.06666666666666667,0.13333333333333333,0.0,0.0,0.0,0.13333333333333333,0.06666666666666667,0.06666666666666667,0.06666666666666667,0.13333333333333333,0.0,0.0,0.6999998805434473
ep_36341,IMHRDIKPENVLINE,15,1821.11,-0.49,0.0,48.42,5.58,-0.91,0.9999996427333508,0.4,Y537N,False,,0.0,0.0,0.06666666666666667,0.13333333333333333,0.0,0.0,0.06666666666666667,0.2,0.06666666666666667,0.06666666666666667,0.06666666666666667,0.13333333333333333,0.06666666666666667,0.0,0.06666666666666667,0.0,0.0,0.06666666666666667,0.0,0.0,0.6999998213666754
ep_63850,RTVLLWLVALPLIDE,15,1751.12,1.27,0.07,46.19,4.75,-1.0,0.9999996000322142,0.4,L536H,False,,0.06666666666666667,0.0,0.06666666666666667,0.06666666666666667,0.0,0.0,0.0,0.06666666666666667,0.0,0.3333333333333333,0.0,0.0,0.06666666666666667,0.0,0.06666666666666667,0.0,0.06666666666666667,0.13333333333333333,0.06666666666666667,0.0,0.6999998000161072
ep_29354,VRSVVAELDPHLPCV,15,1633.91,0.67,0.0,41.41,5.32,-0.95,0.9999993933178807,0.4,L536H,False,,0.06666666666666667,0.06666666666666667,0.06666666666666667,0.06666666666666667,0.0,0.0,0.06666666666666667,0.0,0.0,0.13333333333333333,0.0,0.0,0.13333333333333333,0.0,0.06666666666666667,0.06666666666666667,0.0,0.26666666666666666,0.0,0.0,0.6999996966589404
ep_5891,PRVQLLLDHISRCFE,15,1826.13,0.02,0.07,46.44,7.14,0.05,0.9999993725357619,0.4,L536H,False,,0.0,0.06666666666666667,0.06666666666666667,0.06666666666666667,0.06666666666666667,0.0,0.06666666666666667,0.06666666666666667,0.0,0.2,0.0,0.0,0.06666666666666667,0.06666666666666667,0.13333333333333333,0.06666666666666667,0.0,0.06666666666666667,0.0,0.0,0.699999686267881
ep_40417,DHAVRSLGETLAHLP,15,1615.79,-0.15,0.0,40.78,5.99,-0.82,0.9999991741907531,0.4,E380Q,False,,0.13333333333333333,0.0,0.06666666666666667,0.06666666666666667,0.0,0.06666666666666667,0.13333333333333333,0.0,0.0,0.2,0.0,0.0,0.06666666666666667,0.0,0.06666666666666667,0.06666666666666667,0.06666666666666667,0.06666666666666667,0.0,0.0,0.6999995870953766
ep_50493,THHELPILLLTETHV,15,1753.01,0.24,0.0,47.85,5.71,-1.73,0.9999991675091441,0.4,S463P,False,,0.0,0.0,0.0,0.13333333333333333,0.0,0.0,0.2,0.06666666666666667,0.0,0.26666666666666666,0.0,0.0,0.06666666666666667,0.0,0.0,0.0,0.2,0.06666666666666667,0.0,0.0,0.699999583754572
ep_11091,IVHRDIKPANILLNE,15,1745.03,-0.01,0.0,47.96,6.77,0.09,0.9999989737826653,0.4,L536H,False,,0.06666666666666667,0.0,0.06666666666666667,0.06666666666666667,0.0,0.0,0.06666666666666667,0.2,0.06666666666666667,0.13333333333333333,0.0,0.13333333333333333,0.06666666666666667,0.0,0.06666666666666667,0.0,0.0,0.06666666666666667,0.0,0.0,0.6999994868913326
ep_34048,GGWEPDPWAGLLPAH,15,1602.75,-0.45,0.13,41.68,4.35,-1.91,0.9999989492013167,0.4,L536H,False,,0.13333333333333333,0.0,0.06666666666666667,0.06666666666666667,0.0,0.2,0.06666666666666667,0.0,0.0,0.13333333333333333,0.0,0.0,0.2,0.0,0.0,0.0,0.0,0.0,0.13333333333333333,0.0,0.6999994746006584
ep_29470,HVRSVVAELDPHLPC,15,1671.92,0.17,0.0,46.44,5.99,-0.86,0.9999986778794938,0.4,L536H,False,,0.06666666666666667,0.06666666666666667,0.06666666666666667,0.06666666666666667,0.0,0.0,0.13333333333333333,0.0,0.0,0.13333333333333333,0.0,0.0,0.13333333333333333,0.0,0.06666666666666667,0.06666666666666667,0.0,0.2,0.0,0.0,0.699999338939747
ep_10637,ICEQVTPHVEDHSLQ,15,1734.88,-0.52,0.0,46.06,4.63,-2.86,0.9999986432324496,0.4,E380Q,False,,0.0,0.06666666666666667,0.06666666666666667,0.13333333333333333,0.0,0.0,0.13333333333333333,0.06666666666666667,0.0,0.06666666666666667,0.0,0.0,0.06666666666666667,0.13333333333333333,0.0,0.06666666666666667,0.06666666666666667,0.13333333333333333,0.0,0.0,0.6999993216162248
ep_41463,ATHHELPILLLTETH,15,1724.95,0.08,0.0,47.85,5.74,-1.73,0.9999985748449725,0.4,S463P,False,,0.06666666666666667,0.0,0.0,0.13333333333333333,0.0,0.0,0.2,0.06666666666666667,0.0,0.26666666666666666,0.0,0.0,0.06666666666666667,0.0,0.0,0.0,0.2,0.0,0.0,0.0,0.6999992874224863
ep_21230,IHTRHETFLLLTEYI,15,1886.15,0.13,0.13,46.44,6.0,-0.82,0.9999984318847511,0.4,S463P,False,,0.0,0.0,0.0,0.13333333333333333,0.06666666666666667,0.0,0.13333333333333333,0.13333333333333333,0.0,0.2,0.0,0.0,0.0,0.0,0.06666666666666667,0.0,0.2,0.0,0.0,0.06666666666666667,0.6999992159423756
ep_16384,VWTTFLAVLSKCPFP,15,1709.06,1.05,0.2,46.06,8.19,0.95,0.9999982700725057,0.4,S463P,False,,0.06666666666666667,0.06666666666666667,0.0,0.0,0.13333333333333333,0.0,0.0,0.0,0.06666666666666667,0.13333333333333333,0.0,0.0,0.13333333333333333,0.0,0.0,0.06666666666666667,0.13333333333333333,0.13333333333333333,0.06666666666666667,0.0,0.6999991350362529
ep_5135,PTHGACPPLLLVHGT,15,1512.77,0.43,0.0,39.16,7.28,0.14,0.9999980049846822,0.4,L536H,False,,0.06666666666666667,0.06666666666666667,0.0,0.0,0.0,0.13333333333333333,0.13333333333333333,0.0,0.0,0.2,0.0,0.0,0.2,0.0,0.0,0.0,0.13333333333333333,0.06666666666666667,0.0,0.0,0.699999002492341
ep_57276,NNPRVQLLLDHISRC,15,1778.04,-0.4,0.0,44.52,8.26,1.04,0.9999979715512507,0.4,L536H,False,,0.0,0.06666666666666667,0.06666666666666667,0.0,0.0,0.0,0.06666666666666667,0.06666666666666667,0.0,0.2,0.0,0.13333333333333333,0.06666666666666667,0.06666666666666667,0.13333333333333333,0.06666666666666667,0.0,0.06666666666666667,0.0,0.0,0.6999989857756254
ep_14939,NYLCLTEFFELNFPS,15,1837.06,0.26,0.27,50.67,4.05,-2.04,0.9999979300878913,0.4,S463P,False,,0.0,0.06666666666666667,0.0,0.13333333333333333,0.2,0.0,0.0,0.0,0.0,0.2,0.0,0.13333333333333333,0.06666666666666667,0.0,0.0,0.06666666666666667,0.06666666666666667,0.0,0.0,0.06666666666666667,0.6999989650439457
ep_53733,PLVVLAAVAIELAVL,15,1490.87,2.57,0.0,38.63,4.05,-1.0,0.9999975101708369,0.4,L536H,False,,0.26666666666666666,0.0,0.0,0.06666666666666667,0.0,0.0,0.0,0.06666666666666667,0.0,0.26666666666666666,0.0,0.0,0.06666666666666667,0.0,0.0,0.0,0.0,0.26666666666666666,0.0,0.0,0.6999987550854185
ep_59884,HDTPDHILDMAVQMD,15,1737.91,-0.54,0.0,44.65,4.31,-3.82,0.9999975069746657,0.4,E380Q,False,,0.06666666666666667,0.0,0.26666666666666666,0.0,0.0,0.0,0.13333333333333333,0.06666666666666667,0.0,0.06666666666666667,0.13333333333333333,0.0,0.06666666666666667,0.06666666666666667,0.0,0.0,0.06666666666666667,0.06666666666666667,0.0,0.0,0.6999987534873329
ep_23361,FCELPVLLSVSVWED,15,1735.99,0.98,0.13,47.85,4.05,-3.04,0.9999974523760237,0.4,S463P,False,,0.0,0.06666666666666667,0.06666666666666667,0.13333333333333333,0.06666666666666667,0.0,0.0,0.0,0.0,0.2,0.0,0.0,0.06666666666666667,0.0,0.0,0.13333333333333333,0.0,0.2,0.06666666666666667,0.0,0.6999987261880118
ep_44790,AALEDMLASLQRTAA,15,1560.77,0.39,0.0,43.91,4.37,-1.0,0.9999974486608957,0.4,E380Q,False,,0.3333333333333333,0.0,0.06666666666666667,0.06666666666666667,0.0,0.0,0.0,0.0,0.0,0.2,0.06666666666666667,0.0,0.0,0.06666666666666667,0.06666666666666667,0.06666666666666667,0.06666666666666667,0.0,0.0,0.0,0.6999987243304479
ep_11863,TLLAVFAVVLAILQL,15,1583.99,2.67,0.07,43.91,5.18,-0.0,0.9999974021942625,0.4,E380Q,False,,0.2,0.0,0.0,0.0,0.06666666666666667,0.0,0.0,0.06666666666666667,0.0,0.3333333333333333,0.0,0.0,0.0,0.06666666666666667,0.0,0.0,0.06666666666666667,0.2,0.0,0.0,0.6999987010971312
ep_26569,TCLSAEDILEYINTR,15,1740.93,-0.07,0.07,42.19,4.14,-2.04,0.999997102167088,0.4,Y537S,False,,0.06666666666666667,0.06666666666666667,0.06666666666666667,0.13333333333333333,0.0,0.0,0.0,0.13333333333333333,0.0,0.13333333333333333,0.0,0.06666666666666667,0.0,0.0,0.06666666666666667,0.06666666666666667,0.13333333333333333,0.0,0.0,0.06666666666666667,0.699998551083544
ep_27326,AWQLIYFDPVPLSML,15,1793.13,0.89,0.2,43.24,4.05,-1.0,0.9999970384954537,0.4,K303R,False,,0.06666666666666667,0.0,0.06666666666666667,0.0,0.06666666666666667,0.0,0.0,0.06666666666666667,0.0,0.2,0.06666666666666667,0.0,0.13333333333333333,0.06666666666666667,0.0,0.06666666666666667,0.0,0.06666666666666667,0.06666666666666667,0.06666666666666667,0.6999985192477269
ep_19991,CSARVPLPPDFVAAM,15,1573.88,0.75,0.07,37.8,5.83,-0.05,0.9999970296102267,0.4,Y537S,False,,0.2,0.06666666666666667,0.06666666666666667,0.0,0.06666666666666667,0.0,0.0,0.0,0.0,0.06666666666666667,0.06666666666666667,0.0,0.2,0.0,0.06666666666666667,0.06666666666666667,0.0,0.13333333333333333,0.0,0.0,0.6999985148051133
ep_29698,DLLKQFYIDNKALLE,15,1823.09,-0.15,0.13,51.93,4.85,-1.0,0.9999970136417928,0.4,E380Q,False,,0.06666666666666667,0.0,0.13333333333333333,0.06666666666666667,0.06666666666666667,0.0,0.0,0.06666666666666667,0.13333333333333333,0.26666666666666666,0.0,0.06666666666666667,0.0,0.06666666666666667,0.0,0.0,0.0,0.0,0.0,0.06666666666666667,0.6999985068208965
ep_12929,PIQLRLLAYIFIHKC,15,1828.27,0.93,0.13,46.19,9.37,2.04,0.999996864873276,0.4,L536H,False,,0.06666666666666667,0.06666666666666667,0.0,0.0,0.06666666666666667,0.0,0.06666666666666667,0.2,0.06666666666666667,0.2,0.0,0.0,0.06666666666666667,0.06666666666666667,0.06666666666666667,0.0,0.0,0.0,0.0,0.06666666666666667,0.699998432436638
ep_36300,SIQRLLDAVHKVQNI,15,1734.01,0.03,0.0,48.75,8.49,1.09,0.9999965936198031,0.4,E380Q,False,,0.06666666666666667,0.0,0.06666666666666667,0.0,0.0,0.0,0.06666666666666667,0.13333333333333333,0.06666666666666667,0.13333333333333333,0.0,0.06666666666666667,0.0,0.13333333333333333,0.06666666666666667,0.06666666666666667,0.0,0.13333333333333333,0.0,0.0,0.6999982968099016
ep_30775,MNKMKNEMNEMMNLM,15,1889.33,-0.91,0.0,44.93,5.9,0.0,0.9999964084693053,0.4,Y537N,False,,0.0,0.0,0.0,0.13333333333333333,0.0,0.0,0.0,0.0,0.13333333333333333,0.06666666666666667,0.4,0.26666666666666666,0.0,0.0,0.0,0.0,0.0,0.0,0.0,0.0,0.6999982042346526
ep_37561,HRALLETMYAAGCRV,15,1690.99,0.23,0.07,40.91,8.23,1.05,0.999996362505922,0.4,L536H,False,,0.2,0.06666666666666667,0.0,0.06666666666666667,0.0,0.06666666666666667,0.06666666666666667,0.0,0.0,0.13333333333333333,0.06666666666666667,0.0,0.0,0.0,0.13333333333333333,0.0,0.06666666666666667,0.06666666666666667,0.0,0.06666666666666667,0.699998181252961
ep_623,RSLHLDCVTLPPDVL,15,1677.96,0.45,0.0,48.59,5.21,-0.95,0.9999961395599563,0.4,E380Q,False,,0.0,0.06666666666666667,0.13333333333333333,0.0,0.0,0.0,0.06666666666666667,0.0,0.0,0.26666666666666666,0.0,0.0,0.13333333333333333,0.0,0.06666666666666667,0.06666666666666667,0.06666666666666667,0.13333333333333333,0.0,0.0,0.6999980697799781
ep_34127,MSDHQLALDAINKLI,15,1681.95,0.27,0.0,48.75,5.19,-0.91,0.9999960662551169,0.4,E380Q,False,,0.13333333333333333,0.0,0.13333333333333333,0.0,0.0,0.0,0.06666666666666667,0.13333333333333333,0.06666666666666667,0.2,0.06666666666666667,0.06666666666666667,0.0,0.06666666666666667,0.0,0.06666666666666667,0.0,0.0,0.0,0.0,0.6999980331275585
ep_15395,AVLQQVFSNLLDNAI,15,1644.87,0.83,0.07,38.88,4.05,-1.0,0.9999960291285866,0.4,E380Q,False,,0.13333333333333333,0.0,0.06666666666666667,0.0,0.06666666666666667,0.0,0.0,0.06666666666666667,0.0,0.2,0.0,0.13333333333333333,0.0,0.13333333333333333,0.0,0.06666666666666667,0.0,0.13333333333333333,0.0,0.0,0.6999980145642933
ep_62899,NPKIIHRDIKASNIL,15,1732.04,-0.32,0.0,46.45,9.99,2.09,0.9999957196256778,0.4,K303R,False,,0.06666666666666667,0.0,0.06666666666666667,0.0,0.0,0.0,0.06666666666666667,0.26666666666666666,0.13333333333333333,0.06666666666666667,0.0,0.13333333333333333,0.06666666666666667,0.0,0.06666666666666667,0.06666666666666667,0.0,0.0,0.0,0.0,0.6999978598128389
ep_25987,PIVHRDLKAENILIS,15,1718.01,0.17,0.0,40.15,7.18,0.09,0.9999955308583844,0.4,K303R,False,,0.06666666666666667,0.0,0.06666666666666667,0.06666666666666667,0.0,0.0,0.06666666666666667,0.2,0.06666666666666667,0.13333333333333333,0.0,0.06666666666666667,0.06666666666666667,0.0,0.06666666666666667,0.06666666666666667,0.0,0.06666666666666667,0.0,0.0,0.6999977654291922
ep_36006,YCAVGRRASLAMIAL,15,1594.94,1.09,0.07,41.86,9.5,1.95,0.9999950971432181,0.4,Y537S,False,,0.26666666666666666,0.06666666666666667,0.0,0.0,0.0,0.06666666666666667,0.0,0.06666666666666667,0.0,0.13333333333333333,0.06666666666666667,0.0,0.0,0.0,0.13333333333333333,0.06666666666666667,0.0,0.06666666666666667,0.0,0.06666666666666667,0.699997548571609
ep_55123,DLQALASELEAIRAD,15,1614.75,0.02,0.0,38.25,4.12,-3.0,0.9999949945145411,0.4,E380Q,False,,0.26666666666666666,0.0,0.13333333333333333,0.13333333333333333,0.0,0.0,0.0,0.06666666666666667,0.0,0.2,0.0,0.0,0.0,0.06666666666666667,0.06666666666666667,0.06666666666666667,0.0,0.0,0.0,0.0,0.6999974972572706
ep_26774,TFRHELQCAVDLLKR,15,1829.13,-0.31,0.07,53.16,7.92,1.05,0.9999949492290536,0.4,E380Q,False,LQC,0.06666666666666667,0.06666666666666667,0.06666666666666667,0.06666666666666667,0.06666666666666667,0.0,0.06666666666666667,0.0,0.06666666666666667,0.2,0.0,0.0,0.0,0.06666666666666667,0.13333333333333333,0.0,0.06666666666666667,0.06666666666666667,0.0,0.0,0.6999974746145268
ep_13607,FIGEYYLNLLIEKAK,15,1814.13,0.25,0.2,41.83,6.14,-0.0,0.9999948654796872,0.4,S463P,False,,0.06666666666666667,0.0,0.0,0.13333333333333333,0.06666666666666667,0.06666666666666667,0.0,0.13333333333333333,0.13333333333333333,0.2,0.0,0.06666666666666667,0.0,0.0,0.0,0.0,0.0,0.0,0.0,0.13333333333333333,0.6999974327398436
ep_58042,EMNGFDLVKEIRKIE,15,1821.1,-0.57,0.07,42.09,5.06,-1.0,0.9999947163261924,0.4,S463P,False,,0.0,0.0,0.06666666666666667,0.2,0.06666666666666667,0.06666666666666667,0.0,0.13333333333333333,0.13333333333333333,0.06666666666666667,0.06666666666666667,0.06666666666666667,0.0,0.0,0.06666666666666667,0.0,0.0,0.06666666666666667,0.0,0.0,0.6999973581630963
ep_14606,NKMKNEMNEMMNLMT,15,1859.24,-1.08,0.0,43.01,6.14,0.0,0.9999946607978962,0.4,Y537N,False,,0.0,0.0,0.0,0.13333333333333333,0.0,0.0,0.0,0.0,0.13333333333333333,0.06666666666666667,0.3333333333333333,0.26666666666666666,0.0,0.0,0.0,0.0,0.06666666666666667,0.0,0.0,0.0,0.6999973303989482
ep_24177,VMEYCPGGSVHDMIH,15,1674.92,0.09,0.07,38.63,5.15,-1.86,0.9999945664258421,0.4,L536H,False,,0.0,0.06666666666666667,0.06666666666666667,0.06666666666666667,0.0,0.13333333333333333,0.13333333333333333,0.06666666666666667,0.0,0.0,0.13333333333333333,0.0,0.06666666666666667,0.0,0.0,0.06666666666666667,0.0,0.13333333333333333,0.0,0.06666666666666667,0.6999972832129211
ep_27937,VTHRDIKSNNILLDN,15,1751.94,-0.65,0.0,40.15,6.72,0.09,0.9999941804252133,0.4,L536H,False,,0.0,0.0,0.13333333333333333,0.0,0.0,0.0,0.06666666666666667,0.13333333333333333,0.06666666666666667,0.13333333333333333,0.0,0.2,0.0,0.0,0.06666666666666667,0.06666666666666667,0.06666666666666667,0.06666666666666667,0.0,0.0,0.6999970902126067
ep_22644,AMVLLILVVLPFTSD,15,1631.03,2.15,0.07,47.85,4.3,-1.0,0.9999940775540042,0.4,L536H,False,,0.06666666666666667,0.0,0.06666666666666667,0.0,0.06666666666666667,0.0,0.0,0.06666666666666667,0.0,0.26666666666666666,0.06666666666666667,0.0,0.06666666666666667,0.0,0.0,0.06666666666666667,0.06666666666666667,0.2,0.0,0.0,0.699997038777002
ep_13664,HEAVLARLQRQADAV,15,1676.87,-0.2,0.0,38.25,6.75,0.09,0.999993782527693,0.4,E380Q,False,,0.26666666666666666,0.0,0.06666666666666667,0.06666666666666667,0.0,0.0,0.06666666666666667,0.0,0.0,0.13333333333333333,0.0,0.0,0.0,0.13333333333333333,0.13333333333333333,0.0,0.0,0.13333333333333333,0.0,0.0,0.6999968912638466
ep_58463,RPAWPPWLVGLALLV,15,1688.07,1.05,0.13,48.5,9.75,1.0,0.9999934714095767,0.4,D538G,False,,0.13333333333333333,0.0,0.0,0.0,0.0,0.06666666666666667,0.0,0.0,0.0,0.26666666666666666,0.0,0.0,0.2,0.0,0.06666666666666667,0.0,0.0,0.13333333333333333,0.13333333333333333,0.0,0.6999967357047884
ep_58896,VHRDLKPGNILINKD,15,1731.99,-0.71,0.0,50.91,8.57,1.09,0.9999930942057061,0.4,L536H,False,,0.0,0.0,0.13333333333333333,0.0,0.0,0.06666666666666667,0.06666666666666667,0.13333333333333333,0.13333333333333333,0.13333333333333333,0.0,0.13333333333333333,0.06666666666666667,0.0,0.06666666666666667,0.0,0.0,0.06666666666666667,0.0,0.0,0.6999965471028531
ep_50960,LHDLLLACSRLLTRL,15,1737.12,0.91,0.0,51.47,8.26,1.04,0.9999927939028295,0.4,E380Q,False,,0.06666666666666667,0.06666666666666667,0.06666666666666667,0.0,0.0,0.0,0.06666666666666667,0.0,0.0,0.4666666666666667,0.0,0.0,0.0,0.0,0.13333333333333333,0.06666666666666667,0.06666666666666667,0.0,0.0,0.0,0.6999963969514147
ep_47256,NGILEQIMSLKEKTG,15,1660.93,-0.37,0.0,37.31,6.14,0.0,0.999992649952431,0.4,S463P,False,,0.0,0.0,0.0,0.13333333333333333,0.0,0.13333333333333333,0.0,0.13333333333333333,0.13333333333333333,0.13333333333333333,0.06666666666666667,0.06666666666666667,0.0,0.06666666666666667,0.0,0.06666666666666667,0.06666666666666667,0.0,0.0,0.0,0.6999963249762156
ep_7021,WHLLAILLLAVLALL,15,1672.15,2.69,0.07,37.96,6.74,0.09,0.9999925065751408,0.4,L536H,False,,0.2,0.0,0.0,0.0,0.0,0.0,0.06666666666666667,0.06666666666666667,0.0,0.5333333333333333,0.0,0.0,0.0,0.0,0.0,0.0,0.0,0.06666666666666667,0.06666666666666667,0.0,0.6999962532875704
ep_10150,HTVFDILSHSLRVAN,15,1708.91,0.33,0.07,38.21,6.92,0.18,0.999992219108845,0.4,S463P,False,,0.06666666666666667,0.0,0.06666666666666667,0.0,0.06666666666666667,0.0,0.13333333333333333,0.06666666666666667,0.0,0.13333333333333333,0.0,0.06666666666666667,0.0,0.0,0.06666666666666667,0.13333333333333333,0.06666666666666667,0.13333333333333333,0.0,0.0,0.6999961095544225
ep_32195,RPHDLRALASFIASS,15,1640.84,0.04,0.07,47.85,9.61,1.09,0.9999919858083027,0.4,L536H,False,,0.2,0.0,0.06666666666666667,0.0,0.06666666666666667,0.0,0.06666666666666667,0.06666666666666667,0.0,0.13333333333333333,0.0,0.0,0.06666666666666667,0.0,0.13333333333333333,0.2,0.0,0.0,0.0,0.0,0.6999959929041514
ep_24159,ILQRLARAVLHLHHQ,15,1805.14,0.13,0.0,43.91,12.0,2.27,0.9999915693309368,0.4,E380Q,False,,0.13333333333333333,0.0,0.0,0.0,0.0,0.0,0.2,0.06666666666666667,0.0,0.26666666666666666,0.0,0.0,0.0,0.13333333333333333,0.13333333333333333,0.0,0.0,0.06666666666666667,0.0,0.0,0.6999957846654684
ep_53371,HGYALLAEQCVRALQ,15,1671.92,0.24,0.07,37.07,6.74,0.05,0.9999914670756359,0.4,E380Q,False,,0.2,0.06666666666666667,0.0,0.06666666666666667,0.0,0.06666666666666667,0.06666666666666667,0.0,0.0,0.2,0.0,0.0,0.0,0.13333333333333333,0.06666666666666667,0.0,0.0,0.06666666666666667,0.0,0.06666666666666667,0.699995733537818
ep_64119,LLPRFVAAVLRLLPH,15,1715.14,1.23,0.07,42.83,12.0,2.09,0.999991395194995,0.4,L536H,False,,0.13333333333333333,0.0,0.0,0.0,0.06666666666666667,0.0,0.06666666666666667,0.0,0.0,0.3333333333333333,0.0,0.0,0.13333333333333333,0.0,0.13333333333333333,0.0,0.0,0.13333333333333333,0.0,0.0,0.6999956975974975
ep_18147,KPQIIHRDIKPGNIL,15,1742.07,-0.52,0.0,51.16,9.99,2.09,0.9999909943258334,0.4,K303R,False,,0.0,0.0,0.06666666666666667,0.0,0.0,0.06666666666666667,0.06666666666666667,0.26666666666666666,0.13333333333333333,0.06666666666666667,0.0,0.06666666666666667,0.13333333333333333,0.06666666666666667,0.06666666666666667,0.0,0.0,0.0,0.0,0.0,0.6999954971629168
ep_52612,PPPLLSLVLERPNFQ,15,1720.02,0.0,0.07,37.83,6.43,-0.0,0.9999909199222949,0.4,K303R,False,,0.0,0.0,0.0,0.06666666666666667,0.06666666666666667,0.0,0.0,0.0,0.0,0.26666666666666666,0.0,0.06666666666666667,0.26666666666666666,0.06666666666666667,0.06666666666666667,0.06666666666666667,0.0,0.06666666666666667,0.0,0.0,0.6999954599611475
ep_65126,ARPHPAALQRALLDF,15,1675.93,-0.07,0.07,49.8,9.65,1.09,0.9999905258696719,0.4,L536H,False,,0.26666666666666666,0.0,0.06666666666666667,0.0,0.06666666666666667,0.0,0.06666666666666667,0.0,0.0,0.2,0.0,0.0,0.13333333333333333,0.06666666666666667,0.13333333333333333,0.0,0.0,0.0,0.0,0.0,0.6999952629348359
ep_38003,RALPPHLLARLLPRL,15,1736.16,0.33,0.0,42.83,12.0,3.09,0.9999903713778499,0.4,K303R,False,,0.13333333333333333,0.0,0.0,0.0,0.0,0.0,0.06666666666666667,0.0,0.0,0.4,0.0,0.0,0.2,0.0,0.2,0.0,0.0,0.0,0.0,0.0,0.6999951856889249
ep_19902,IFPTNNAMNKCLREL,15,1764.08,-0.24,0.07,53.62,8.22,0.95,0.9999900430472433,0.4,S463P,False,,0.06666666666666667,0.06666666666666667,0.0,0.06666666666666667,0.06666666666666667,0.0,0.0,0.06666666666666667,0.06666666666666667,0.13333333333333333,0.06666666666666667,0.2,0.06666666666666667,0.0,0.06666666666666667,0.0,0.06666666666666667,0.0,0.0,0.0,0.6999950215236217
ep_4981,RIIHRDLKASNILLD,15,1777.08,-0.05,0.0,54.03,8.75,1.09,0.9999895918951164,0.4,L536H,False,,0.06666666666666667,0.0,0.13333333333333333,0.0,0.0,0.0,0.06666666666666667,0.2,0.06666666666666667,0.2,0.0,0.06666666666666667,0.0,0.0,0.13333333333333333,0.06666666666666667,0.0,0.0,0.0,0.0,0.6999947959475582
ep_9987,TIQAHVKRIKRLLKQ,15,1832.24,-0.6,0.0,49.66,12.0,5.09,0.9999895607536923,0.4,K303R,False,,0.06666666666666667,0.0,0.0,0.0,0.0,0.0,0.06666666666666667,0.13333333333333333,0.2,0.13333333333333333,0.0,0.0,0.0,0.13333333333333333,0.13333333333333333,0.0,0.06666666666666667,0.06666666666666667,0.0,0.0,0.6999947803768461
ep_44064,CSFYVYTHAILLPVT,15,1727.03,1.2,0.2,53.24,6.73,0.04,0.9999891028546157,0.4,S463P,False,,0.06666666666666667,0.06666666666666667,0.0,0.0,0.06666666666666667,0.0,0.06666666666666667,0.06666666666666667,0.0,0.13333333333333333,0.0,0.0,0.06666666666666667,0.0,0.0,0.06666666666666667,0.13333333333333333,0.13333333333333333,0.0,0.13333333333333333,0.6999945514273078
ep_27840,PSSATTLLTSICESF,15,1556.73,0.59,0.07,47.85,4.05,-1.04,0.999988918419053,0.4,S463P,False,,0.06666666666666667,0.06666666666666667,0.0,0.06666666666666667,0.06666666666666667,0.0,0.0,0.06666666666666667,0.0,0.13333333333333333,0.0,0.0,0.06666666666666667,0.0,0.0,0.26666666666666666,0.2,0.0,0.0,0.0,0.6999944592095265
ep_61477,HMVLQMELCPHGSLE,15,1724.03,0.15,0.0,36.99,5.37,-1.86,0.9999883046041084,0.4,S463P,False,,0.0,0.06666666666666667,0.0,0.13333333333333333,0.0,0.06666666666666667,0.13333333333333333,0.0,0.0,0.2,0.13333333333333333,0.0,0.06666666666666667,0.06666666666666667,0.0,0.06666666666666667,0.0,0.06666666666666667,0.0,0.0,0.6999941523020542
ep_47622,PLHFILDVILDFLHK,15,1820.18,1.01,0.13,38.86,6.0,-0.82,0.9999879918845549,0.4,E380Q,False,,0.0,0.0,0.13333333333333333,0.0,0.13333333333333333,0.0,0.13333333333333333,0.13333333333333333,0.06666666666666667,0.26666666666666666,0.0,0.0,0.06666666666666667,0.0,0.0,0.0,0.0,0.06666666666666667,0.0,0.0,0.6999939959422774
ep_64488,LLSELHRLHHTLQLL,15,1823.15,0.27,0.0,38.88,7.03,0.27,0.9999877095189592,0.4,E380Q,False,,0.0,0.0,0.0,0.06666666666666667,0.0,0.0,0.2,0.0,0.0,0.4666666666666667,0.0,0.0,0.0,0.06666666666666667,0.06666666666666667,0.06666666666666667,0.06666666666666667,0.0,0.0,0.0,0.6999938547594796
ep_21590,MVLQMELCPHGSLER,15,1743.08,0.06,0.0,36.99,5.38,-0.95,0.9999874127175077,0.4,S463P,False,,0.0,0.06666666666666667,0.0,0.13333333333333333,0.0,0.06666666666666667,0.06666666666666667,0.0,0.0,0.2,0.13333333333333333,0.0,0.06666666666666667,0.06666666666666667,0.06666666666666667,0.06666666666666667,0.0,0.06666666666666667,0.0,0.0,0.6999937063587538
ep_4682,RPLLLACIALHLTLL,15,1660.12,1.81,0.0,51.47,8.26,1.04,0.9999864179036584,0.4,L536H,False,,0.13333333333333333,0.06666666666666667,0.0,0.0,0.0,0.0,0.06666666666666667,0.06666666666666667,0.0,0.4666666666666667,0.0,0.0,0.06666666666666667,0.0,0.06666666666666667,0.0,0.06666666666666667,0.0,0.0,0.0,0.6999932089518293
ep_6317,SNILLDEDFHAHLSD,15,1725.81,-0.33,0.07,53.62,4.39,-3.82,0.9999860105991288,0.4,L536H,False,LSD,0.06666666666666667,0.0,0.2,0.06666666666666667,0.06666666666666667,0.0,0.13333333333333333,0.06666666666666667,0.0,0.2,0.0,0.06666666666666667,0.0,0.0,0.0,0.13333333333333333,0.0,0.0,0.0,0.0,0.6999930052995644
ep_18359,ISDHDYYLCSLLLFY,15,1865.11,0.62,0.27,39.29,4.2,-1.96,0.9999856132598387,0.4,L536H,False,,0.0,0.06666666666666667,0.13333333333333333,0.0,0.06666666666666667,0.0,0.06666666666666667,0.06666666666666667,0.0,0.26666666666666666,0.0,0.0,0.0,0.0,0.0,0.13333333333333333,0.0,0.0,0.0,0.2,0.6999928066299194
ep_37474,ILIHLLLSFHLYHLL,15,1845.28,1.78,0.13,38.63,7.02,0.27,0.999985432060749,0.4,E380Q,False,,0.0,0.0,0.0,0.0,0.06666666666666667,0.0,0.2,0.13333333333333333,0.0,0.4666666666666667,0.0,0.0,0.0,0.0,0.0,0.06666666666666667,0.0,0.0,0.0,0.06666666666666667,0.6999927160303745
ep_63417,SDPLPVALGALALAA,15,1378.61,1.37,0.0,29.35,4.05,-1.0,0.9999848207069748,0.4,E380Q,False,,0.3333333333333333,0.0,0.06666666666666667,0.0,0.0,0.06666666666666667,0.0,0.0,0.0,0.26666666666666666,0.0,0.0,0.13333333333333333,0.0,0.0,0.06666666666666667,0.0,0.06666666666666667,0.0,0.0,0.6999924103534874
ep_43372,RHRLLWGFGILLVLE,15,1822.2,0.87,0.13,38.23,9.61,1.09,0.9999839581845811,0.4,S463P,False,,0.0,0.0,0.0,0.06666666666666667,0.06666666666666667,0.13333333333333333,0.06666666666666667,0.06666666666666667,0.0,0.3333333333333333,0.0,0.0,0.0,0.0,0.13333333333333333,0.0,0.0,0.06666666666666667,0.06666666666666667,0.0,0.6999919790922906
ep_5048,ALIHRDIKSANILLH,15,1714.02,0.39,0.0,54.03,8.8,1.18,0.9999839263573632,0.4,K303R,False,,0.13333333333333333,0.0,0.06666666666666667,0.0,0.0,0.0,0.13333333333333333,0.2,0.06666666666666667,0.2,0.0,0.06666666666666667,0.0,0.0,0.06666666666666667,0.06666666666666667,0.0,0.0,0.0,0.0,0.6999919631786816
ep_20050,TDQQLRFALALAAFH,15,1701.92,0.35,0.13,35.01,6.41,0.09,0.9999838722786732,0.4,E380Q,False,,0.26666666666666666,0.0,0.06666666666666667,0.0,0.13333333333333333,0.0,0.06666666666666667,0.0,0.0,0.2,0.0,0.0,0.0,0.13333333333333333,0.06666666666666667,0.0,0.06666666666666667,0.0,0.0,0.0,0.6999919361393366
ep_30143,NFYPANFIMSLLLKS,15,1758.09,0.65,0.2,55.73,8.59,1.0,0.9999834851188486,0.4,S463P,False,,0.06666666666666667,0.0,0.0,0.0,0.13333333333333333,0.0,0.0,0.06666666666666667,0.06666666666666667,0.2,0.06666666666666667,0.13333333333333333,0.06666666666666667,0.0,0.0,0.13333333333333333,0.0,0.0,0.0,0.06666666666666667,0.6999917425594243
ep_59193,CLGIVVKMQLVLPVL,15,1625.13,2.1,0.0,51.32,8.22,0.95,0.9999831281137511,0.4,Y537S,False,,0.0,0.06666666666666667,0.0,0.0,0.0,0.06666666666666667,0.0,0.06666666666666667,0.06666666666666667,0.26666666666666666,0.06666666666666667,0.0,0.06666666666666667,0.06666666666666667,0.0,0.0,0.0,0.26666666666666666,0.0,0.0,0.6999915640568756
ep_13118,STHELSVVLELLRIL,15,1722.03,0.99,0.0,35.01,5.38,-0.91,0.9999825402709462,0.4,S463P,False,,0.0,0.0,0.0,0.13333333333333333,0.0,0.0,0.06666666666666667,0.06666666666666667,0.0,0.3333333333333333,0.0,0.0,0.0,0.0,0.06666666666666667,0.13333333333333333,0.06666666666666667,0.13333333333333333,0.0,0.0,0.6999912701354731
ep_15054,IGEYYLNLLIEKAKI,15,1780.11,0.36,0.13,36.17,6.14,-0.0,0.999982508907248,0.4,S463P,False,,0.06666666666666667,0.0,0.0,0.13333333333333333,0.0,0.06666666666666667,0.0,0.2,0.13333333333333333,0.2,0.0,0.06666666666666667,0.0,0.0,0.0,0.0,0.0,0.0,0.0,0.13333333333333333,0.699991254453624
ep_48285,IIHRDLKASNILLDG,15,1677.94,0.23,0.0,54.03,6.75,0.09,0.999981827642188,0.4,L536H,False,,0.06666666666666667,0.0,0.13333333333333333,0.0,0.0,0.06666666666666667,0.06666666666666667,0.2,0.06666666666666667,0.2,0.0,0.06666666666666667,0.0,0.0,0.06666666666666667,0.06666666666666667,0.0,0.0,0.0,0.0,0.699990913821094
ep_31293,THELSVVLELLRILV,15,1734.09,1.33,0.0,35.01,5.37,-0.91,0.9999816096399065,0.4,L536H,False,,0.0,0.0,0.0,0.13333333333333333,0.0,0.0,0.06666666666666667,0.06666666666666667,0.0,0.3333333333333333,0.0,0.0,0.0,0.0,0.06666666666666667,0.06666666666666667,0.06666666666666667,0.2,0.0,0.0,0.6999908048199532
ep_22968,TPDHILDMAVQMDLD,15,1713.93,-0.07,0.0,54.67,4.05,-3.91,0.9999814059535509,0.4,L536H,False,,0.06666666666666667,0.0,0.26666666666666666,0.0,0.0,0.0,0.06666666666666667,0.06666666666666667,0.0,0.13333333333333333,0.13333333333333333,0.0,0.06666666666666667,0.06666666666666667,0.0,0.0,0.06666666666666667,0.06666666666666667,0.0,0.0,0.6999907029767755
ep_30209,VCVSMPVALNGITLV,15,1515.88,1.87,0.0,30.76,5.49,-0.05,0.999981059133163,0.4,Y537N,False,,0.06666666666666667,0.06666666666666667,0.0,0.0,0.0,0.06666666666666667,0.0,0.06666666666666667,0.0,0.13333333333333333,0.06666666666666667,0.06666666666666667,0.06666666666666667,0.0,0.0,0.06666666666666667,0.06666666666666667,0.26666666666666666,0.0,0.0,0.6999905295665816
ep_7136,IGQLLRLHQTEVAAR,15,1704.97,-0.01,0.0,35.01,9.61,1.09,0.9999808003523919,0.4,E380Q,False,,0.13333333333333333,0.0,0.0,0.06666666666666667,0.0,0.06666666666666667,0.06666666666666667,0.06666666666666667,0.0,0.2,0.0,0.0,0.0,0.13333333333333333,0.13333333333333333,0.0,0.06666666666666667,0.06666666666666667,0.0,0.0,0.699990400176196
ep_43079,VKKRGRPKGSKNKPL,15,1693.05,-1.92,0.0,41.43,12.0,7.0,0.9999807452101357,0.4,K303R,False,,0.0,0.0,0.0,0.0,0.0,0.13333333333333333,0.0,0.0,0.3333333333333333,0.06666666666666667,0.0,0.06666666666666667,0.13333333333333333,0.0,0.13333333333333333,0.06666666666666667,0.0,0.06666666666666667,0.0,0.0,0.6999903726050678
ep_35952,TALRDTFAALLQPHH,15,1690.9,-0.09,0.07,54.95,6.61,0.18,0.9999800354005834,0.4,E380Q,False,,0.2,0.0,0.06666666666666667,0.0,0.06666666666666667,0.0,0.13333333333333333,0.0,0.0,0.2,0.0,0.0,0.06666666666666667,0.06666666666666667,0.06666666666666667,0.0,0.13333333333333333,0.0,0.0,0.0,0.6999900177002918
ep_17895,IQDLLNESKHSMLTM,15,1760.04,-0.25,0.0,35.01,5.32,-0.91,0.999979816505212,0.4,L536H,False,,0.0,0.0,0.06666666666666667,0.06666666666666667,0.0,0.0,0.06666666666666667,0.06666666666666667,0.06666666666666667,0.2,0.13333333333333333,0.06666666666666667,0.0,0.06666666666666667,0.0,0.13333333333333333,0.06666666666666667,0.0,0.0,0.0,0.699989908252606
ep_66273,PHIFKHFDIVLLPYQ,15,1867.2,0.31,0.2,37.1,7.32,0.18,0.999979420613446,0.4,E380Q,False,,0.0,0.0,0.06666666666666667,0.0,0.13333333333333333,0.0,0.13333333333333333,0.13333333333333333,0.06666666666666667,0.13333333333333333,0.0,0.0,0.13333333333333333,0.06666666666666667,0.0,0.0,0.0,0.06666666666666667,0.0,0.06666666666666667,0.699989710306723
ep_44831,CEARLLELLLRQLLS,15,1770.15,0.71,0.0,35.01,6.14,-0.04,0.9999791738473711,0.4,Y537S,False,,0.06666666666666667,0.06666666666666667,0.0,0.13333333333333333,0.0,0.0,0.0,0.0,0.0,0.4666666666666667,0.0,0.0,0.0,0.06666666666666667,0.13333333333333333,0.06666666666666667,0.0,0.0,0.0,0.0,0.6999895869236856
ep_32091,HPTSTSLRHAALTLL,15,1617.85,0.17,0.0,33.09,9.76,1.18,0.9999791032545823,0.4,Y537S,False,,0.13333333333333333,0.0,0.0,0.0,0.0,0.0,0.13333333333333333,0.0,0.0,0.26666666666666666,0.0,0.0,0.06666666666666667,0.0,0.06666666666666667,0.13333333333333333,0.2,0.0,0.0,0.0,0.6999895516272912
ep_44163,VHRDLKPANILVSGD,15,1633.85,-0.17,0.0,53.62,6.73,0.09,0.9999777349458954,0.4,L536H,False,,0.06666666666666667,0.0,0.13333333333333333,0.0,0.0,0.06666666666666667,0.06666666666666667,0.06666666666666667,0.06666666666666667,0.13333333333333333,0.0,0.06666666666666667,0.06666666666666667,0.0,0.06666666666666667,0.06666666666666667,0.0,0.13333333333333333,0.0,0.0,0.6999888674729478
ep_9089,RQFHLYPKEVCRHVE,15,1941.22,-1.01,0.13,38.21,8.22,1.14,0.9999771744070651,0.4,S463P,False,,0.0,0.06666666666666667,0.0,0.13333333333333333,0.06666666666666667,0.0,0.13333333333333333,0.0,0.06666666666666667,0.06666666666666667,0.0,0.0,0.06666666666666667,0.06666666666666667,0.13333333333333333,0.0,0.0,0.13333333333333333,0.0,0.06666666666666667,0.6999885872035325
ep_3694,KLLERALLVLKSSCG,15,1630.01,0.65,0.0,32.59,9.31,1.95,0.9999765978059691,0.4,Y537S,False,,0.06666666666666667,0.06666666666666667,0.0,0.06666666666666667,0.0,0.06666666666666667,0.0,0.0,0.13333333333333333,0.3333333333333333,0.0,0.0,0.0,0.0,0.06666666666666667,0.13333333333333333,0.0,0.06666666666666667,0.0,0.0,0.6999882989029846
ep_23891,QNTTACINKLLEICE,15,1692.95,0.04,0.0,55.93,4.86,-1.09,0.9999765696023353,0.4,S463P,False,,0.06666666666666667,0.13333333333333333,0.0,0.13333333333333333,0.0,0.0,0.0,0.13333333333333333,0.06666666666666667,0.13333333333333333,0.0,0.13333333333333333,0.0,0.06666666666666667,0.0,0.0,0.13333333333333333,0.0,0.0,0.0,0.6999882848011676
ep_50480,NIYITKEELLEAKHE,15,1830.04,-0.81,0.07,60.36,5.06,-1.91,0.9999763861466061,0.4,S463P,False,,0.06666666666666667,0.0,0.0,0.26666666666666666,0.0,0.0,0.06666666666666667,0.13333333333333333,0.13333333333333333,0.13333333333333333,0.0,0.06666666666666667,0.0,0.0,0.0,0.0,0.06666666666666667,0.0,0.0,0.06666666666666667,0.6999881930733031
ep_18137,KFDWLKYYSNLLKQL,15,1959.29,-0.57,0.27,38.45,9.4,2.0,0.9999757450516559,0.4,K303R,False,,0.0,0.0,0.06666666666666667,0.0,0.06666666666666667,0.0,0.0,0.0,0.2,0.26666666666666666,0.0,0.06666666666666667,0.0,0.06666666666666667,0.0,0.06666666666666667,0.0,0.0,0.06666666666666667,0.13333333333333333,0.699987872525828
ep_58567,ALMVWLVLLVCVVFY,15,1768.27,2.87,0.2,34.27,5.56,-0.05,0.9999755597996396,0.4,E380Q,False,,0.06666666666666667,0.06666666666666667,0.0,0.0,0.06666666666666667,0.0,0.0,0.0,0.0,0.26666666666666666,0.06666666666666667,0.0,0.0,0.0,0.0,0.0,0.0,0.3333333333333333,0.06666666666666667,0.06666666666666667,0.6999877798998198
ep_40707,FYFVYFLLFLFILFN,15,2006.43,2.31,0.53,38.88,5.52,-0.0,0.9999752126601738,0.4,S463P,False,,0.0,0.0,0.0,0.0,0.4,0.0,0.0,0.06666666666666667,0.0,0.26666666666666666,0.0,0.06666666666666667,0.0,0.0,0.0,0.0,0.0,0.06666666666666667,0.0,0.13333333333333333,0.6999876063300869
ep_2053,VAILVKMTPVVLLAF,15,1614.09,2.32,0.07,52.91,8.72,1.0,0.999975114954141,0.4,E380Q,False,,0.13333333333333333,0.0,0.0,0.0,0.06666666666666667,0.0,0.0,0.06666666666666667,0.06666666666666667,0.2,0.06666666666666667,0.0,0.06666666666666667,0.0,0.0,0.0,0.06666666666666667,0.26666666666666666,0.0,0.0,0.6999875574770705
ep_63804,IFYFVYFLLFLFILF,15,2005.48,2.84,0.53,38.88,5.52,-0.0,0.9999750002106477,0.4,S463P,False,,0.0,0.0,0.0,0.0,0.4,0.0,0.0,0.13333333333333333,0.0,0.26666666666666666,0.0,0.0,0.0,0.0,0.0,0.0,0.0,0.06666666666666667,0.0,0.13333333333333333,0.6999875001053238
ep_22930,YIFYFVYFLLFLFIL,15,2021.48,2.57,0.53,38.88,5.52,-0.0,0.9999740218743145,0.4,S463P,False,,0.0,0.0,0.0,0.0,0.3333333333333333,0.0,0.0,0.13333333333333333,0.0,0.26666666666666666,0.0,0.0,0.0,0.0,0.0,0.0,0.0,0.06666666666666667,0.0,0.2,0.6999870109371573
ep_31373,AGLWHLLAILLLAVL,15,1616.04,2.41,0.07,53.75,6.79,0.09,0.9999738556030546,0.4,L536H,False,,0.2,0.0,0.0,0.0,0.0,0.06666666666666667,0.06666666666666667,0.06666666666666667,0.0,0.4666666666666667,0.0,0.0,0.0,0.0,0.0,0.0,0.0,0.06666666666666667,0.06666666666666667,0.0,0.6999869278015274
ep_41478,WGVVLAWFALAAIEL,15,1658.98,1.91,0.2,31.71,4.05,-1.0,0.9999737528944695,0.4,L536H,False,,0.26666666666666666,0.0,0.0,0.06666666666666667,0.06666666666666667,0.06666666666666667,0.0,0.06666666666666667,0.0,0.2,0.0,0.0,0.0,0.0,0.0,0.0,0.0,0.13333333333333333,0.13333333333333333,0.0,0.6999868764472348
ep_35973,IKIMNELLERSEQCL,15,1819.15,-0.13,0.0,60.8,4.79,-1.04,0.9999736769069969,0.4,Y537S,False,,0.0,0.06666666666666667,0.0,0.2,0.0,0.0,0.0,0.13333333333333333,0.06666666666666667,0.2,0.06666666666666667,0.06666666666666667,0.0,0.06666666666666667,0.06666666666666667,0.06666666666666667,0.0,0.0,0.0,0.0,0.6999868384534984
ep_38913,CHSQNVTLFMALMAA,15,1636.96,0.97,0.07,54.7,6.73,0.04,0.9999736360710536,0.4,E380Q,False,,0.2,0.06666666666666667,0.0,0.0,0.06666666666666667,0.0,0.06666666666666667,0.0,0.0,0.13333333333333333,0.13333333333333333,0.06666666666666667,0.0,0.06666666666666667,0.0,0.06666666666666667,0.06666666666666667,0.06666666666666667,0.0,0.0,0.6999868180355269
ep_39172,VIHRDIKPENILLDE,15,1804.05,-0.36,0.0,60.59,4.95,-1.91,0.9999722982176763,0.4,L536H,False,,0.0,0.0,0.13333333333333333,0.13333333333333333,0.0,0.0,0.06666666666666667,0.2,0.06666666666666667,0.13333333333333333,0.0,0.06666666666666667,0.06666666666666667,0.0,0.06666666666666667,0.0,0.0,0.06666666666666667,0.0,0.0,0.6999861491088382
ep_44241,PTMDQIMSKLEAIQR,15,1761.07,-0.47,0.0,32.97,6.49,0.0,0.9999716611305745,0.4,K303R,False,,0.06666666666666667,0.0,0.06666666666666667,0.06666666666666667,0.0,0.0,0.0,0.13333333333333333,0.06666666666666667,0.06666666666666667,0.13333333333333333,0.0,0.06666666666666667,0.13333333333333333,0.06666666666666667,0.06666666666666667,0.06666666666666667,0.0,0.0,0.0,0.6999858305652873
ep_64585,FFRQVALGLQYLHSL,15,1792.09,0.64,0.2,33.85,8.75,1.09,0.9999715396665195,0.4,D538G,False,,0.06666666666666667,0.0,0.0,0.0,0.13333333333333333,0.06666666666666667,0.06666666666666667,0.0,0.0,0.26666666666666666,0.0,0.0,0.0,0.13333333333333333,0.06666666666666667,0.06666666666666667,0.0,0.06666666666666667,0.0,0.06666666666666667,0.6999857698332598
ep_33476,RWLALVVLAALHLAM,15,1677.11,1.86,0.07,55.75,9.76,1.09,0.999971537543091,0.4,E380Q,False,,0.26666666666666666,0.0,0.0,0.0,0.0,0.0,0.06666666666666667,0.0,0.0,0.3333333333333333,0.06666666666666667,0.0,0.0,0.0,0.06666666666666667,0.0,0.0,0.13333333333333333,0.06666666666666667,0.0,0.6999857687715455
ep_26524,EQVTPHVEDHSLQIL,15,1744.9,-0.43,0.0,58.9,4.63,-2.82,0.9999704346314497,0.4,E380Q,False,,0.0,0.0,0.06666666666666667,0.13333333333333333,0.0,0.0,0.13333333333333333,0.06666666666666667,0.0,0.13333333333333333,0.0,0.0,0.06666666666666667,0.13333333333333333,0.0,0.06666666666666667,0.06666666666666667,0.13333333333333333,0.0,0.0,0.6999852173157248
ep_22137,FRGLPASARLELAAG,15,1528.75,0.38,0.07,29.35,9.6,1.0,0.9999699892671472,0.4,S463P,False,,0.26666666666666666,0.0,0.0,0.06666666666666667,0.06666666666666667,0.13333333333333333,0.0,0.0,0.0,0.2,0.0,0.0,0.06666666666666667,0.0,0.13333333333333333,0.06666666666666667,0.0,0.0,0.0,0.0,0.6999849946335737
ep_43635,VIHRNLKSKNVLLDS,15,1736.02,-0.22,0.0,32.97,9.99,2.09,0.9999698605201132,0.4,K303R,False,,0.0,0.0,0.06666666666666667,0.0,0.0,0.0,0.06666666666666667,0.06666666666666667,0.13333333333333333,0.2,0.0,0.13333333333333333,0.0,0.0,0.06666666666666667,0.13333333333333333,0.0,0.13333333333333333,0.0,0.0,0.6999849302600566
ep_43941,TPQYKRYPIVLATWN,15,1850.12,-0.61,0.2,34.63,9.7,2.0,0.9999688624755181,0.4,E380Q,False,,0.06666666666666667,0.0,0.0,0.0,0.0,0.0,0.0,0.06666666666666667,0.06666666666666667,0.06666666666666667,0.0,0.06666666666666667,0.13333333333333333,0.06666666666666667,0.06666666666666667,0.0,0.13333333333333333,0.06666666666666667,0.06666666666666667,0.13333333333333333,0.699984431237759
ep_52226,CIVHRDLNPSNILLG,15,1663.94,0.41,0.0,56.73,6.74,0.04,0.9999687188722123,0.4,S463P,False,,0.0,0.06666666666666667,0.06666666666666667,0.0,0.0,0.06666666666666667,0.06666666666666667,0.13333333333333333,0.0,0.2,0.0,0.13333333333333333,0.06666666666666667,0.0,0.06666666666666667,0.06666666666666667,0.0,0.06666666666666667,0.0,0.0,0.6999843594361062
ep_32502,VWRVLRSVVSAIHEL,15,1764.08,0.83,0.07,59.69,9.58,1.09,0.9999684917912133,0.4,K303R,False,,0.06666666666666667,0.0,0.0,0.06666666666666667,0.0,0.0,0.06666666666666667,0.06666666666666667,0.0,0.13333333333333333,0.0,0.0,0.0,0.0,0.13333333333333333,0.13333333333333333,0.0,0.26666666666666666,0.06666666666666667,0.0,0.6999842458956067
ep_39929,ELSRALVDLSERMRQ,15,1803.05,-0.65,0.0,32.81,6.28,0.0,0.9999675441304887,0.4,Y537S,False,,0.06666666666666667,0.0,0.06666666666666667,0.13333333333333333,0.0,0.0,0.0,0.0,0.0,0.2,0.06666666666666667,0.0,0.0,0.06666666666666667,0.2,0.13333333333333333,0.0,0.06666666666666667,0.0,0.0,0.6999837720652444
ep_818,RHVESHIRAVLALCQ,15,1732.02,0.23,0.0,59.28,8.27,1.14,0.9999665758666068,0.4,E380Q,False,,0.13333333333333333,0.06666666666666667,0.0,0.06666666666666667,0.0,0.0,0.13333333333333333,0.06666666666666667,0.0,0.13333333333333333,0.0,0.0,0.0,0.06666666666666667,0.13333333333333333,0.06666666666666667,0.0,0.13333333333333333,0.0,0.0,0.6999832879333034
ep_25715,AQLVRQLLEGVAYIH,15,1709.99,0.53,0.07,30.4,6.79,0.09,0.9999641249554484,0.4,L536H,False,,0.13333333333333333,0.0,0.0,0.06666666666666667,0.0,0.06666666666666667,0.06666666666666667,0.06666666666666667,0.0,0.2,0.0,0.0,0.0,0.13333333333333333,0.06666666666666667,0.0,0.0,0.13333333333333333,0.0,0.06666666666666667,0.6999820624777242
ep_43052,HHELPILLLTETHVP,15,1749.02,0.18,0.0,60.69,5.74,-1.73,0.999963880676555,0.4,L536H,False,,0.0,0.0,0.0,0.13333333333333333,0.0,0.0,0.2,0.06666666666666667,0.0,0.26666666666666666,0.0,0.0,0.13333333333333333,0.0,0.0,0.0,0.13333333333333333,0.06666666666666667,0.0,0.0,0.6999819403382774
ep_35969,MLCKVTWLPMVLPAA,15,1673.16,1.4,0.07,29.71,7.98,0.95,0.9999626160778086,0.4,E380Q,False,,0.13333333333333333,0.06666666666666667,0.0,0.0,0.0,0.0,0.0,0.0,0.06666666666666667,0.2,0.13333333333333333,0.0,0.13333333333333333,0.0,0.0,0.0,0.06666666666666667,0.13333333333333333,0.06666666666666667,0.0,0.6999813080389043
ep_58766,DRMKSLLSELRALEG,15,1717.98,-0.43,0.0,29.99,6.18,0.0,0.9999614223785782,0.4,L536H,False,,0.06666666666666667,0.0,0.06666666666666667,0.13333333333333333,0.0,0.06666666666666667,0.0,0.0,0.06666666666666667,0.26666666666666666,0.06666666666666667,0.0,0.0,0.0,0.13333333333333333,0.13333333333333333,0.0,0.0,0.0,0.0,0.6999807111892891
ep_19640,WSSICALLSQVRLLL,15,1702.07,1.38,0.07,29.99,8.25,0.95,0.9999613977096384,0.4,K303R,False,,0.06666666666666667,0.06666666666666667,0.0,0.0,0.0,0.0,0.0,0.06666666666666667,0.0,0.3333333333333333,0.0,0.0,0.0,0.06666666666666667,0.06666666666666667,0.2,0.0,0.06666666666666667,0.06666666666666667,0.0,0.6999806988548192
ep_4615,WSILNSLSNELKSSI,15,1690.89,0.07,0.07,29.35,6.0,-0.0,0.9999606224786007,0.4,K303R,False,,0.0,0.0,0.0,0.06666666666666667,0.0,0.0,0.0,0.13333333333333333,0.06666666666666667,0.2,0.0,0.13333333333333333,0.0,0.0,0.0,0.3333333333333333,0.0,0.0,0.06666666666666667,0.0,0.6999803112393004
ep_15070,SHVPDRPSAALVVDH,15,1599.75,-0.18,0.0,27.78,5.93,-0.82,0.9999603927846349,0.4,L536H,False,,0.13333333333333333,0.0,0.13333333333333333,0.0,0.0,0.0,0.13333333333333333,0.0,0.0,0.06666666666666667,0.0,0.0,0.13333333333333333,0.0,0.06666666666666667,0.13333333333333333,0.0,0.2,0.0,0.0,0.6999801963923175
ep_11860,ELPILLLTETHVPNH,15,1725.98,0.16,0.0,60.69,5.23,-1.82,0.9999597536824181,0.4,L536H,False,,0.0,0.0,0.0,0.13333333333333333,0.0,0.0,0.13333333333333333,0.06666666666666667,0.0,0.26666666666666666,0.0,0.06666666666666667,0.13333333333333333,0.0,0.0,0.0,0.13333333333333333,0.06666666666666667,0.0,0.0,0.6999798768412091
ep_21121,NSNFYPANFIMSLLL,15,1744.02,0.68,0.2,61.39,5.52,-0.0,0.9999596719827561,0.4,Y537S,False,,0.06666666666666667,0.0,0.0,0.0,0.13333333333333333,0.0,0.0,0.06666666666666667,0.0,0.2,0.06666666666666667,0.2,0.06666666666666667,0.0,0.0,0.13333333333333333,0.0,0.0,0.0,0.06666666666666667,0.699979835991378
ep_4191,ALGALALHAALALLQ,15,1445.75,1.77,0.0,25.41,6.79,0.09,0.9999596710172257,0.4,E380Q,False,,0.4,0.0,0.0,0.0,0.0,0.06666666666666667,0.06666666666666667,0.0,0.0,0.4,0.0,0.0,0.0,0.06666666666666667,0.0,0.0,0.0,0.0,0.0,0.0,0.6999798355086129
ep_48903,QCIPRVLEEMDNDQE,15,1818.98,-1.15,0.0,31.93,4.05,-4.04,0.999959517969014,0.4,Y537N,False,,0.0,0.06666666666666667,0.13333333333333333,0.2,0.0,0.0,0.0,0.06666666666666667,0.0,0.06666666666666667,0.06666666666666667,0.06666666666666667,0.06666666666666667,0.13333333333333333,0.06666666666666667,0.0,0.0,0.06666666666666667,0.0,0.0,0.6999797589845069
ep_49246,ERVWQNLCDCLLQCL,15,1836.16,0.27,0.07,64.56,4.37,-1.13,0.9999594586883561,0.4,E380Q,False,LQC,0.0,0.2,0.06666666666666667,0.06666666666666667,0.0,0.0,0.0,0.0,0.0,0.26666666666666666,0.0,0.06666666666666667,0.0,0.13333333333333333,0.06666666666666667,0.0,0.0,0.06666666666666667,0.06666666666666667,0.0,0.6999797293441781
ep_5774,HETRMLWDTSNMEEC,15,1882.06,-1.21,0.07,66.13,4.4,-2.95,0.9999583846249291,0.4,S463P,False,,0.0,0.06666666666666667,0.06666666666666667,0.2,0.0,0.0,0.06666666666666667,0.0,0.0,0.06666666666666667,0.13333333333333333,0.06666666666666667,0.0,0.0,0.06666666666666667,0.06666666666666667,0.13333333333333333,0.0,0.06666666666666667,0.0,0.6999791923124645
ep_23095,TSIYILIHLLLSFHL,15,1783.16,1.69,0.13,30.4,6.61,0.18,0.9999575336908091,0.4,L536H,False,,0.0,0.0,0.0,0.0,0.06666666666666667,0.0,0.13333333333333333,0.2,0.0,0.3333333333333333,0.0,0.0,0.0,0.0,0.0,0.13333333333333333,0.06666666666666667,0.0,0.0,0.06666666666666667,0.6999787668454045
ep_28900,TDRMKSLLSELRALE,15,1762.04,-0.45,0.0,29.99,5.98,0.0,0.9999575227181106,0.4,S463P,False,,0.06666666666666667,0.0,0.06666666666666667,0.13333333333333333,0.0,0.0,0.0,0.0,0.06666666666666667,0.26666666666666666,0.06666666666666667,0.0,0.0,0.0,0.13333333333333333,0.13333333333333333,0.06666666666666667,0.0,0.0,0.0,0.6999787613590553
ep_36684,RTIQAHVKRIKRLLK,15,1860.3,-0.67,0.0,33.9,12.0,6.09,0.9999565570974966,0.4,K303R,False,,0.06666666666666667,0.0,0.0,0.0,0.0,0.0,0.06666666666666667,0.13333333333333333,0.2,0.13333333333333333,0.0,0.0,0.0,0.06666666666666667,0.2,0.0,0.06666666666666667,0.06666666666666667,0.0,0.0,0.6999782785487483
ep_12720,SRNERLLLLLILQRL,15,1850.26,0.42,0.0,64.97,11.7,2.0,0.9999551084880541,0.4,Y537S,False,,0.0,0.0,0.0,0.06666666666666667,0.0,0.0,0.0,0.06666666666666667,0.0,0.4666666666666667,0.0,0.06666666666666667,0.0,0.06666666666666667,0.2,0.06666666666666667,0.0,0.0,0.0,0.0,0.6999775542440271
ep_42233,DRLLSRCLDHVRAEL,15,1796.06,-0.29,0.0,29.99,6.75,0.05,0.9999544357116973,0.4,E380Q,False,,0.06666666666666667,0.06666666666666667,0.13333333333333333,0.06666666666666667,0.0,0.0,0.06666666666666667,0.0,0.0,0.26666666666666666,0.0,0.0,0.0,0.0,0.2,0.06666666666666667,0.0,0.06666666666666667,0.0,0.0,0.6999772178558487
ep_52116,VAARPHPAALQRALL,15,1583.88,0.38,0.0,54.83,12.0,2.09,0.99995435049513,0.4,L536H,False,,0.3333333333333333,0.0,0.0,0.0,0.0,0.0,0.06666666666666667,0.0,0.0,0.2,0.0,0.0,0.13333333333333333,0.06666666666666667,0.13333333333333333,0.0,0.0,0.06666666666666667,0.0,0.0,0.699977175247565
ep_58225,VPDRPSAALVVDHIC,15,1591.83,0.55,0.0,57.07,5.21,-0.95,0.9999533478804011,0.4,L536H,False,,0.13333333333333333,0.06666666666666667,0.13333333333333333,0.0,0.0,0.0,0.06666666666666667,0.06666666666666667,0.0,0.06666666666666667,0.0,0.0,0.13333333333333333,0.0,0.06666666666666667,0.06666666666666667,0.0,0.2,0.0,0.0,0.6999766739402006
ep_62286,PLYHAIVELCLEHPE,15,1763.02,0.2,0.07,29.38,4.92,-2.86,0.999953317822802,0.4,L536H,False,,0.06666666666666667,0.06666666666666667,0.0,0.2,0.0,0.0,0.13333333333333333,0.06666666666666667,0.0,0.2,0.0,0.0,0.13333333333333333,0.0,0.0,0.0,0.0,0.06666666666666667,0.0,0.06666666666666667,0.6999766589114009
ep_28124,RVWQNLCDCLLQCLS,15,1794.13,0.45,0.07,64.56,5.82,-0.14,0.9999523621855633,0.4,E380Q,False,LQC,0.0,0.2,0.06666666666666667,0.0,0.0,0.0,0.0,0.0,0.0,0.26666666666666666,0.0,0.06666666666666667,0.0,0.13333333333333333,0.06666666666666667,0.06666666666666667,0.0,0.06666666666666667,0.06666666666666667,0.0,0.6999761810927816
ep_46345,GAWSRIRVLLRLALG,15,1681.04,0.77,0.07,29.35,12.0,3.0,0.9999523238298123,0.4,K303R,False,,0.13333333333333333,0.0,0.0,0.0,0.0,0.13333333333333333,0.0,0.06666666666666667,0.0,0.26666666666666666,0.0,0.0,0.0,0.0,0.2,0.06666666666666667,0.0,0.06666666666666667,0.06666666666666667,0.0,0.6999761619149061
ep_47612,HMHPKHQRTLLQLCR,15,1898.27,-1.07,0.0,67.33,10.86,3.23,0.9999519809322871,0.4,E380Q,False,,0.0,0.06666666666666667,0.0,0.0,0.0,0.0,0.2,0.0,0.06666666666666667,0.2,0.06666666666666667,0.0,0.06666666666666667,0.13333333333333333,0.13333333333333333,0.0,0.06666666666666667,0.0,0.0,0.0,0.6999759904661436
ep_65801,VRQLLEGVAYIHRNG,15,1724.96,-0.17,0.07,28.61,8.72,1.09,0.9999517096209752,0.4,L536H,False,,0.06666666666666667,0.0,0.0,0.06666666666666667,0.0,0.13333333333333333,0.06666666666666667,0.06666666666666667,0.0,0.13333333333333333,0.0,0.06666666666666667,0.0,0.06666666666666667,0.13333333333333333,0.0,0.0,0.13333333333333333,0.0,0.06666666666666667,0.6999758548104876
ep_48134,YTDPHDLMHKLRICG,15,1799.08,-0.62,0.07,64.83,6.91,0.14,0.9999515480551352,0.4,E380Q,False,,0.0,0.06666666666666667,0.13333333333333333,0.0,0.0,0.06666666666666667,0.13333333333333333,0.06666666666666667,0.06666666666666667,0.13333333333333333,0.06666666666666667,0.0,0.06666666666666667,0.0,0.06666666666666667,0.0,0.06666666666666667,0.0,0.0,0.06666666666666667,0.6999757740275676
ep_32709,FPTHTQIYAKLLEQF,15,1836.09,-0.16,0.2,30.06,6.75,0.09,0.999951252739084,0.4,E380Q,False,,0.06666666666666667,0.0,0.0,0.06666666666666667,0.13333333333333333,0.0,0.06666666666666667,0.06666666666666667,0.06666666666666667,0.13333333333333333,0.0,0.0,0.06666666666666667,0.13333333333333333,0.0,0.0,0.13333333333333333,0.0,0.0,0.06666666666666667,0.699975626369542
ep_40841,NQESIINSVKNELIN,15,1714.87,-0.57,0.0,28.07,4.53,-1.0,0.9999510003305745,0.4,K303R,False,,0.0,0.0,0.0,0.13333333333333333,0.0,0.0,0.0,0.2,0.06666666666666667,0.06666666666666667,0.0,0.26666666666666666,0.0,0.06666666666666667,0.0,0.13333333333333333,0.0,0.06666666666666667,0.0,0.0,0.6999755001652872
ep_48367,RVALLRRLAATVLFL,15,1712.13,1.43,0.07,60.36,12.0,3.0,0.9999503986838428,0.4,Y537S,False,,0.2,0.0,0.0,0.0,0.06666666666666667,0.0,0.0,0.0,0.0,0.3333333333333333,0.0,0.0,0.0,0.0,0.2,0.0,0.06666666666666667,0.13333333333333333,0.0,0.0,0.6999751993419214
ep_44894,PALSEVLLQHTPQVL,15,1644.91,0.47,0.0,59.53,5.25,-0.91,0.9999502443553195,0.4,E380Q,False,,0.06666666666666667,0.0,0.0,0.06666666666666667,0.0,0.0,0.06666666666666667,0.0,0.0,0.26666666666666666,0.0,0.0,0.13333333333333333,0.13333333333333333,0.0,0.06666666666666667,0.06666666666666667,0.13333333333333333,0.0,0.0,0.6999751221776598
ep_27692,RVSLPSLRIIVSSAA,15,1568.86,0.99,0.0,55.03,12.0,2.0,0.9999500134384066,0.4,K303R,False,LPS,0.13333333333333333,0.0,0.0,0.0,0.0,0.0,0.0,0.13333333333333333,0.0,0.13333333333333333,0.0,0.0,0.06666666666666667,0.0,0.13333333333333333,0.26666666666666666,0.0,0.13333333333333333,0.0,0.0,0.6999750067192033
ep_54922,RHPPHPRPLLLHPPP,15,1761.08,-1.23,0.0,62.75,12.0,2.27,0.999948190764836,0.4,L536H,False,,0.0,0.0,0.0,0.0,0.0,0.0,0.2,0.0,0.0,0.2,0.0,0.0,0.4666666666666667,0.0,0.13333333333333333,0.0,0.0,0.0,0.0,0.0,0.6999740953824181
ep_65099,IGWLLAVVSLALLAY,15,1601.97,2.26,0.13,25.79,5.52,-0.0,0.9999477875000589,0.4,E380Q,False,,0.2,0.0,0.0,0.0,0.0,0.06666666666666667,0.0,0.06666666666666667,0.0,0.3333333333333333,0.0,0.0,0.0,0.0,0.0,0.06666666666666667,0.0,0.13333333333333333,0.06666666666666667,0.06666666666666667,0.6999738937500295
ep_39946,DVAEELFDEMLLKGL,15,1721.96,0.27,0.07,27.97,4.05,-4.0,0.9999476963541558,0.4,S463P,False,,0.06666666666666667,0.0,0.13333333333333333,0.2,0.06666666666666667,0.06666666666666667,0.0,0.0,0.06666666666666667,0.26666666666666666,0.06666666666666667,0.0,0.0,0.0,0.0,0.0,0.0,0.06666666666666667,0.0,0.0,0.6999738481770779
ep_792,FLQWALMVWLVLLVC,15,1834.34,2.35,0.2,29.27,5.52,-0.05,0.9999465889980202,0.4,E380Q,False,,0.06666666666666667,0.06666666666666667,0.0,0.0,0.06666666666666667,0.0,0.0,0.0,0.0,0.3333333333333333,0.06666666666666667,0.0,0.0,0.06666666666666667,0.0,0.0,0.0,0.2,0.13333333333333333,0.0,0.6999732944990101
ep_5026,ITPFQPHITLAKNYK,15,1771.07,-0.43,0.13,64.31,9.7,2.09,0.9999457643086819,0.4,S463P,False,,0.06666666666666667,0.0,0.0,0.0,0.06666666666666667,0.0,0.06666666666666667,0.13333333333333333,0.13333333333333333,0.06666666666666667,0.0,0.06666666666666667,0.13333333333333333,0.06666666666666667,0.0,0.0,0.13333333333333333,0.0,0.0,0.06666666666666667,0.699972882154341
ep_37081,YSHYVIPALVLFPLA,15,1703.03,1.39,0.2,62.39,6.74,0.09,0.9999454720568306,0.4,L536H,False,,0.13333333333333333,0.0,0.0,0.0,0.06666666666666667,0.0,0.06666666666666667,0.06666666666666667,0.0,0.2,0.0,0.0,0.13333333333333333,0.0,0.0,0.06666666666666667,0.0,0.13333333333333333,0.0,0.13333333333333333,0.6999727360284154
ep_13291,KIMNELLERSEQCLT,15,1807.1,-0.47,0.0,66.46,4.79,-1.04,0.9999439185238012,0.4,Y537S,False,,0.0,0.06666666666666667,0.0,0.2,0.0,0.0,0.0,0.06666666666666667,0.06666666666666667,0.2,0.06666666666666667,0.06666666666666667,0.0,0.06666666666666667,0.06666666666666667,0.06666666666666667,0.06666666666666667,0.0,0.0,0.0,0.6999719592619006
ep_26115,QPMTTHDAMVHRHQH,15,1826.03,-1.4,0.0,28.07,7.1,0.36,0.9999403268250349,0.4,E380Q,False,,0.06666666666666667,0.0,0.06666666666666667,0.0,0.0,0.0,0.26666666666666666,0.0,0.0,0.0,0.13333333333333333,0.0,0.06666666666666667,0.13333333333333333,0.06666666666666667,0.0,0.13333333333333333,0.06666666666666667,0.0,0.0,0.6999701634125175
ep_11198,SYYNKALTIRNKILG,15,1754.04,-0.36,0.13,64.54,10.0,3.0,0.9999393859906641,0.4,K303R,False,,0.06666666666666667,0.0,0.0,0.0,0.0,0.06666666666666667,0.0,0.13333333333333333,0.13333333333333333,0.13333333333333333,0.0,0.13333333333333333,0.0,0.0,0.06666666666666667,0.06666666666666667,0.06666666666666667,0.0,0.0,0.13333333333333333,0.6999696929953321
ep_9276,MAALGIAHYGIMLLL,15,1587.0,1.87,0.07,24.21,6.49,0.09,0.9999388051109614,0.4,D538G,False,,0.2,0.0,0.0,0.0,0.0,0.13333333333333333,0.06666666666666667,0.13333333333333333,0.0,0.26666666666666666,0.13333333333333333,0.0,0.0,0.0,0.0,0.0,0.0,0.0,0.0,0.06666666666666667,0.6999694025554808
ep_61015,PHVSPALVQSFVDTM,15,1627.86,0.48,0.07,60.72,5.08,-0.91,0.999938515343821,0.4,Y537S,False,,0.06666666666666667,0.0,0.06666666666666667,0.0,0.06666666666666667,0.0,0.06666666666666667,0.0,0.0,0.06666666666666667,0.06666666666666667,0.0,0.13333333333333333,0.06666666666666667,0.0,0.13333333333333333,0.06666666666666667,0.2,0.0,0.0,0.6999692576719105
ep_28330,ALVLVPEISLTPQTL,15,1593.9,1.17,0.0,59.44,4.05,-1.0,0.9999380173568198,0.4,S463P,False,,0.06666666666666667,0.0,0.0,0.06666666666666667,0.0,0.0,0.0,0.06666666666666667,0.0,0.26666666666666666,0.0,0.0,0.13333333333333333,0.06666666666666667,0.0,0.06666666666666667,0.13333333333333333,0.13333333333333333,0.0,0.0,0.6999690086784098
ep_41875,IPPELQLRMRQVNDM,15,1840.18,-0.64,0.0,69.2,6.07,0.0,0.9999350006955007,0.4,K303R,False,,0.0,0.0,0.06666666666666667,0.06666666666666667,0.0,0.0,0.0,0.06666666666666667,0.0,0.13333333333333333,0.13333333333333333,0.06666666666666667,0.13333333333333333,0.13333333333333333,0.13333333333333333,0.0,0.0,0.06666666666666667,0.0,0.0,0.6999675003477503
ep_40935,KMKNEMNEMMNLMTI,15,1858.29,-0.55,0.0,27.23,6.14,0.0,0.9999327687322431,0.4,Y537N,False,,0.0,0.0,0.0,0.13333333333333333,0.0,0.0,0.0,0.06666666666666667,0.13333333333333333,0.06666666666666667,0.3333333333333333,0.2,0.0,0.0,0.0,0.0,0.06666666666666667,0.0,0.0,0.0,0.6999663843661216
ep_36436,QPRNRVLAAALEAWI,15,1707.97,0.1,0.07,25.37,9.6,1.0,0.9999324958543074,0.4,E380Q,False,,0.26666666666666666,0.0,0.0,0.06666666666666667,0.0,0.0,0.0,0.06666666666666667,0.0,0.13333333333333333,0.0,0.06666666666666667,0.06666666666666667,0.06666666666666667,0.13333333333333333,0.0,0.0,0.06666666666666667,0.06666666666666667,0.0,0.6999662479271538
ep_16600,WLPYVLALGYLAVLV,15,1690.07,1.98,0.2,24.74,5.52,-0.0,0.9999324341776037,0.4,L536H,False,,0.13333333333333333,0.0,0.0,0.0,0.0,0.06666666666666667,0.0,0.0,0.0,0.3333333333333333,0.0,0.0,0.06666666666666667,0.0,0.0,0.0,0.0,0.2,0.06666666666666667,0.13333333333333333,0.6999662170888019
ep_31002,KSALSASKSLASSLS,15,1436.61,0.23,0.0,22.17,10.0,2.0,0.9999323061336187,0.4,K303R,False,,0.2,0.0,0.0,0.0,0.0,0.0,0.0,0.0,0.13333333333333333,0.2,0.0,0.0,0.0,0.0,0.0,0.4666666666666667,0.0,0.0,0.0,0.0,0.6999661530668093
ep_27041,TWSSEQLQAARDRIL,15,1773.94,-0.7,0.07,67.38,5.74,0.0,0.9999306974214454,0.4,K303R,False,,0.13333333333333333,0.0,0.06666666666666667,0.06666666666666667,0.0,0.0,0.0,0.06666666666666667,0.0,0.13333333333333333,0.0,0.0,0.0,0.13333333333333333,0.13333333333333333,0.13333333333333333,0.06666666666666667,0.0,0.06666666666666667,0.0,0.6999653487107227
ep_49613,RQTEKLLKSICEQVT,15,1776.06,-0.65,0.0,25.85,8.2,0.96,0.999930668841422,0.4,S463P,False,,0.0,0.06666666666666667,0.0,0.13333333333333333,0.0,0.0,0.0,0.06666666666666667,0.13333333333333333,0.13333333333333333,0.0,0.0,0.0,0.13333333333333333,0.06666666666666667,0.06666666666666667,0.13333333333333333,0.06666666666666667,0.0,0.0,0.6999653344207111
ep_11272,RETLLQRIADHLDAL,15,1763.99,-0.24,0.0,25.41,5.38,-0.91,0.9999300799974303,0.4,E380Q,False,,0.13333333333333333,0.0,0.13333333333333333,0.06666666666666667,0.0,0.0,0.06666666666666667,0.06666666666666667,0.0,0.26666666666666666,0.0,0.0,0.0,0.06666666666666667,0.13333333333333333,0.0,0.06666666666666667,0.0,0.0,0.0,0.6999650399987152
ep_46460,PHLLYQAMQNIVKYS,15,1805.1,-0.17,0.13,26.02,8.9,1.09,0.999928629213197,0.4,K303R,False,,0.06666666666666667,0.0,0.0,0.0,0.0,0.0,0.06666666666666667,0.06666666666666667,0.06666666666666667,0.13333333333333333,0.06666666666666667,0.06666666666666667,0.06666666666666667,0.13333333333333333,0.0,0.06666666666666667,0.0,0.06666666666666667,0.0,0.13333333333333333,0.6999643146065986
ep_2362,DSRGRTPLHVAAARG,15,1563.72,-0.71,0.0,23.69,11.7,2.09,0.999928288054219,0.4,E380Q,False,,0.2,0.0,0.06666666666666667,0.0,0.0,0.13333333333333333,0.06666666666666667,0.0,0.0,0.06666666666666667,0.0,0.0,0.06666666666666667,0.0,0.2,0.06666666666666667,0.06666666666666667,0.06666666666666667,0.0,0.0,0.6999641440271095
ep_64025,WPAAFALAGFAVLLL,15,1559.89,2.07,0.2,22.17,5.53,-0.0,0.9999267782531579,0.4,D538G,False,,0.3333333333333333,0.0,0.0,0.0,0.13333333333333333,0.06666666666666667,0.0,0.0,0.0,0.26666666666666666,0.0,0.0,0.06666666666666667,0.0,0.0,0.0,0.0,0.06666666666666667,0.06666666666666667,0.0,0.699963389126579
ep_38245,TPAELFEAVLAQAAE,15,1559.72,0.49,0.07,22.17,4.05,-3.0,0.9999258481650676,0.4,E380Q,False,,0.3333333333333333,0.0,0.0,0.2,0.06666666666666667,0.0,0.0,0.0,0.0,0.13333333333333333,0.0,0.0,0.06666666666666667,0.06666666666666667,0.0,0.0,0.06666666666666667,0.06666666666666667,0.0,0.0,0.6999629240825338
ep_49880,WLELDCVDSHILRMV,15,1829.15,0.59,0.07,70.33,4.54,-1.95,0.9999246117305362,0.4,E380Q,False,,0.0,0.06666666666666667,0.13333333333333333,0.06666666666666667,0.0,0.0,0.06666666666666667,0.06666666666666667,0.0,0.2,0.06666666666666667,0.0,0.0,0.0,0.06666666666666667,0.06666666666666667,0.0,0.13333333333333333,0.06666666666666667,0.0,0.6999623058652681
ep_28352,SLQELQKLERIIVSS,15,1743.01,-0.01,0.0,67.16,5.86,0.0,0.9999243187515964,0.4,K303R,False,,0.0,0.0,0.0,0.13333333333333333,0.0,0.0,0.0,0.13333333333333333,0.06666666666666667,0.2,0.0,0.0,0.0,0.13333333333333333,0.06666666666666667,0.2,0.0,0.06666666666666667,0.0,0.0,0.6999621593757982
ep_32934,KQVAAGLGYLHSEGI,15,1542.73,0.17,0.07,21.59,6.75,0.09,0.9999241386465773,0.4,D538G,False,,0.13333333333333333,0.0,0.0,0.06666666666666667,0.0,0.2,0.06666666666666667,0.06666666666666667,0.06666666666666667,0.13333333333333333,0.0,0.0,0.0,0.06666666666666667,0.0,0.06666666666666667,0.0,0.06666666666666667,0.0,0.06666666666666667,0.6999620693232886
ep_5059,HYLSPDQERALIDFM,15,1835.04,-0.45,0.13,70.71,4.54,-1.91,0.9999234728943451,0.4,L536H,False,,0.06666666666666667,0.0,0.13333333333333333,0.06666666666666667,0.06666666666666667,0.0,0.06666666666666667,0.06666666666666667,0.0,0.13333333333333333,0.06666666666666667,0.0,0.06666666666666667,0.06666666666666667,0.06666666666666667,0.06666666666666667,0.0,0.0,0.0,0.06666666666666667,0.6999617364471726
ep_5277,HEKRLLLDALRSIAD,15,1750.01,-0.27,0.0,67.54,6.76,0.09,0.999923368193546,0.4,L536H,False,,0.13333333333333333,0.0,0.13333333333333333,0.06666666666666667,0.0,0.0,0.06666666666666667,0.06666666666666667,0.06666666666666667,0.26666666666666666,0.0,0.0,0.0,0.0,0.13333333333333333,0.06666666666666667,0.0,0.0,0.0,0.0,0.6999616840967731
ep_53113,KVVHGDIKPDNILID,15,1675.92,-0.09,0.0,23.18,5.44,-0.91,0.9999231573216473,0.4,L536H,False,,0.0,0.0,0.2,0.0,0.0,0.06666666666666667,0.06666666666666667,0.2,0.13333333333333333,0.06666666666666667,0.0,0.06666666666666667,0.06666666666666667,0.0,0.0,0.0,0.0,0.13333333333333333,0.0,0.0,0.6999615786608236
ep_44183,FPLLFKACAKLKSLK,15,1707.17,0.59,0.13,24.47,10.04,3.95,0.9999228000562925,0.4,K303R,False,,0.13333333333333333,0.06666666666666667,0.0,0.0,0.13333333333333333,0.0,0.0,0.0,0.26666666666666666,0.26666666666666666,0.0,0.0,0.06666666666666667,0.0,0.0,0.06666666666666667,0.0,0.0,0.0,0.0,0.6999614000281462
ep_45198,TSLLGYLRLLPRLAQ,15,1714.06,0.49,0.07,24.33,10.83,2.0,0.9999223189316475,0.4,L536H,False,,0.06666666666666667,0.0,0.0,0.0,0.0,0.06666666666666667,0.0,0.0,0.0,0.4,0.0,0.0,0.06666666666666667,0.06666666666666667,0.13333333333333333,0.06666666666666667,0.06666666666666667,0.0,0.0,0.06666666666666667,0.6999611594658237
ep_49192,PEPEPVDPTAELDAL,15,1592.7,-0.61,0.0,61.01,4.05,-5.0,0.9999222915757904,0.4,L536H,False,,0.13333333333333333,0.0,0.13333333333333333,0.2,0.0,0.0,0.0,0.0,0.0,0.13333333333333333,0.0,0.0,0.26666666666666666,0.0,0.0,0.0,0.06666666666666667,0.06666666666666667,0.0,0.0,0.6999611457878951
ep_13337,TWRLLRQLLLVAVAI,15,1765.19,1.43,0.07,24.99,12.0,2.0,0.999920230928405,0.4,E380Q,False,,0.13333333333333333,0.0,0.0,0.0,0.0,0.0,0.0,0.06666666666666667,0.0,0.3333333333333333,0.0,0.0,0.0,0.06666666666666667,0.13333333333333333,0.0,0.06666666666666667,0.13333333333333333,0.06666666666666667,0.0,0.6999601154642026
ep_13765,ATDVRFCPTCAAELE,15,1625.82,0.21,0.07,22.17,4.43,-2.09,0.9999199800794022,0.4,S463P,False,,0.2,0.13333333333333333,0.06666666666666667,0.13333333333333333,0.06666666666666667,0.0,0.0,0.0,0.0,0.06666666666666667,0.0,0.0,0.06666666666666667,0.0,0.06666666666666667,0.0,0.13333333333333333,0.06666666666666667,0.0,0.0,0.6999599900397011
ep_38113,YGHPTDKELVKACFE,15,1736.94,-0.69,0.13,23.47,5.58,-0.95,0.9999190526923643,0.4,S463P,False,,0.06666666666666667,0.06666666666666667,0.06666666666666667,0.13333333333333333,0.06666666666666667,0.06666666666666667,0.06666666666666667,0.0,0.13333333333333333,0.06666666666666667,0.0,0.0,0.06666666666666667,0.0,0.0,0.0,0.06666666666666667,0.06666666666666667,0.0,0.06666666666666667,0.6999595263461822
ep_51596,RSLLEHFRQCAVDMD,15,1820.06,-0.41,0.07,24.48,5.49,-0.95,0.9999182342195664,0.4,E380Q,False,,0.06666666666666667,0.06666666666666667,0.13333333333333333,0.06666666666666667,0.06666666666666667,0.0,0.06666666666666667,0.0,0.0,0.13333333333333333,0.06666666666666667,0.0,0.0,0.06666666666666667,0.13333333333333333,0.06666666666666667,0.0,0.06666666666666667,0.0,0.0,0.6999591171097832
ep_31489,IPTLLHLCQVLHSSR,15,1717.04,0.54,0.0,23.04,8.27,1.14,0.9999165911478755,0.4,E380Q,False,,0.0,0.06666666666666667,0.0,0.0,0.0,0.0,0.13333333333333333,0.06666666666666667,0.0,0.26666666666666666,0.0,0.0,0.06666666666666667,0.06666666666666667,0.06666666666666667,0.13333333333333333,0.06666666666666667,0.06666666666666667,0.0,0.0,0.6999582955739377
ep_41362,NEQLLPLHQIYTLMQ,15,1841.14,-0.18,0.07,24.33,5.24,-0.91,0.9999151385369981,0.4,E380Q,False,,0.0,0.0,0.0,0.06666666666666667,0.0,0.0,0.06666666666666667,0.06666666666666667,0.0,0.26666666666666666,0.06666666666666667,0.06666666666666667,0.06666666666666667,0.2,0.0,0.0,0.06666666666666667,0.0,0.0,0.06666666666666667,0.6999575692684991
ep_57970,GLVHRDVKPENILLR,15,1759.06,-0.29,0.0,68.95,8.75,1.09,0.9999142289663652,0.4,E380Q,False,,0.0,0.0,0.06666666666666667,0.06666666666666667,0.0,0.06666666666666667,0.06666666666666667,0.06666666666666667,0.06666666666666667,0.2,0.0,0.06666666666666667,0.06666666666666667,0.0,0.13333333333333333,0.0,0.0,0.13333333333333333,0.0,0.0,0.6999571144831827
ep_19227,RAHVRRVLWSILVVL,15,1817.23,1.07,0.07,70.49,12.0,3.09,0.9999138583737163,0.4,Y537S,False,,0.06666666666666667,0.0,0.0,0.0,0.0,0.0,0.06666666666666667,0.06666666666666667,0.0,0.2,0.0,0.0,0.0,0.0,0.2,0.06666666666666667,0.0,0.26666666666666666,0.06666666666666667,0.0,0.6999569291868581
ep_46010,TCLLSLSVHIPVSLT,15,1582.9,1.47,0.0,62.39,6.4,0.04,0.9999122942661683,0.4,S463P,False,,0.0,0.06666666666666667,0.0,0.0,0.0,0.0,0.06666666666666667,0.06666666666666667,0.0,0.26666666666666666,0.0,0.0,0.06666666666666667,0.0,0.0,0.2,0.13333333333333333,0.13333333333333333,0.0,0.0,0.6999561471330842
ep_29692,VLIWVPLLPVMISPW,15,1763.24,1.83,0.13,69.57,5.49,-0.0,0.9999122005037394,0.4,K303R,False,,0.0,0.0,0.0,0.0,0.0,0.0,0.0,0.13333333333333333,0.0,0.2,0.06666666666666667,0.0,0.2,0.0,0.0,0.06666666666666667,0.0,0.2,0.13333333333333333,0.0,0.6999561002518697
ep_45375,HYVIPALVLFPLAAG,15,1580.91,1.63,0.13,62.39,6.74,0.09,0.9999113703576872,0.4,L536H,False,,0.2,0.0,0.0,0.0,0.06666666666666667,0.06666666666666667,0.06666666666666667,0.06666666666666667,0.0,0.2,0.0,0.0,0.13333333333333333,0.0,0.0,0.0,0.0,0.13333333333333333,0.0,0.06666666666666667,0.6999556851788435
ep_59242,TQVRLSEWLHSMLPT,15,1798.07,-0.18,0.07,23.17,6.41,0.09,0.9999109698185962,0.4,S463P,False,,0.0,0.0,0.0,0.06666666666666667,0.0,0.0,0.06666666666666667,0.0,0.0,0.2,0.06666666666666667,0.0,0.06666666666666667,0.06666666666666667,0.06666666666666667,0.13333333333333333,0.13333333333333333,0.06666666666666667,0.06666666666666667,0.0,0.6999554849092982
ep_47779,VGLCLVPDVLVGVAV,15,1452.8,2.33,0.0,18.67,4.05,-1.05,0.9999080254395247,0.4,E380Q,False,,0.06666666666666667,0.06666666666666667,0.06666666666666667,0.0,0.0,0.13333333333333333,0.0,0.0,0.0,0.2,0.0,0.0,0.06666666666666667,0.0,0.0,0.0,0.0,0.4,0.0,0.0,0.6999540127197623
ep_23796,STCLLSLSVHIPVSL,15,1568.88,1.46,0.0,62.39,6.45,0.04,0.9999074728231284,0.4,S463P,False,,0.0,0.06666666666666667,0.0,0.0,0.0,0.0,0.06666666666666667,0.06666666666666667,0.0,0.26666666666666666,0.0,0.0,0.06666666666666667,0.0,0.0,0.26666666666666666,0.06666666666666667,0.13333333333333333,0.0,0.0,0.6999537364115642
ep_50788,VLWRAGVGLAAVLAL,15,1508.85,1.92,0.07,19.46,9.72,1.0,0.9999047349986995,0.4,D538G,False,,0.26666666666666666,0.0,0.0,0.0,0.0,0.13333333333333333,0.0,0.0,0.0,0.26666666666666666,0.0,0.0,0.0,0.0,0.06666666666666667,0.0,0.0,0.2,0.06666666666666667,0.0,0.6999523674993497
ep_26263,HLMRALEYAHSRGVI,15,1753.04,0.03,0.07,21.61,8.76,1.18,0.9999017267965643,0.4,L536H,False,,0.13333333333333333,0.0,0.0,0.06666666666666667,0.0,0.06666666666666667,0.13333333333333333,0.06666666666666667,0.0,0.13333333333333333,0.06666666666666667,0.0,0.0,0.0,0.13333333333333333,0.06666666666666667,0.0,0.06666666666666667,0.0,0.06666666666666667,0.6999508633982822
ep_60699,CEALLAALKGRLLQL,15,1611.99,0.99,0.0,19.75,8.22,0.95,0.9999003111829392,0.4,Y537S,False,,0.2,0.06666666666666667,0.0,0.06666666666666667,0.0,0.06666666666666667,0.0,0.0,0.06666666666666667,0.4,0.0,0.0,0.0,0.06666666666666667,0.06666666666666667,0.0,0.0,0.0,0.0,0.0,0.6999501555914696
ep_62990,EPVDPTAELDALKAK,15,1596.78,-0.57,0.0,19.33,4.32,-2.0,0.9998993001010938,0.4,E380Q,False,,0.2,0.0,0.13333333333333333,0.13333333333333333,0.0,0.0,0.0,0.0,0.13333333333333333,0.13333333333333333,0.0,0.0,0.13333333333333333,0.0,0.0,0.0,0.06666666666666667,0.06666666666666667,0.0,0.0,0.6999496500505469
ep_25491,KLPDSVAAKLDELAS,15,1556.76,-0.03,0.0,18.67,4.56,-1.0,0.9998981490645129,0.4,E380Q,False,,0.2,0.0,0.13333333333333333,0.06666666666666667,0.0,0.0,0.0,0.0,0.13333333333333333,0.2,0.0,0.0,0.06666666666666667,0.0,0.0,0.13333333333333333,0.0,0.06666666666666667,0.0,0.0,0.6999490745322565
ep_795,NYLNTHLKFMDACIK,15,1811.13,-0.16,0.13,21.65,8.18,1.04,0.9998971401059629,0.4,L536H,False,,0.06666666666666667,0.06666666666666667,0.06666666666666667,0.0,0.06666666666666667,0.0,0.06666666666666667,0.06666666666666667,0.13333333333333333,0.13333333333333333,0.06666666666666667,0.13333333333333333,0.0,0.0,0.0,0.0,0.06666666666666667,0.0,0.0,0.06666666666666667,0.6999485700529815
ep_24149,ALPVLIWVPLLPVMI,15,1674.18,2.32,0.07,67.87,5.57,-0.0,0.9998969714498207,0.4,L536H,False,,0.06666666666666667,0.0,0.0,0.0,0.0,0.0,0.0,0.13333333333333333,0.0,0.26666666666666666,0.06666666666666667,0.0,0.2,0.0,0.0,0.0,0.0,0.2,0.06666666666666667,0.0,0.6999484857249103
ep_16378,NHIHTRHETFLLLTE,15,1861.07,-0.53,0.07,75.73,6.28,-0.73,0.9998952417903068,0.4,S463P,False,,0.0,0.0,0.0,0.13333333333333333,0.06666666666666667,0.0,0.2,0.06666666666666667,0.0,0.2,0.0,0.06666666666666667,0.0,0.0,0.06666666666666667,0.0,0.2,0.0,0.0,0.0,0.6999476208951534
ep_64885,TLLQRIADHLDALDR,15,1749.97,-0.24,0.0,20.38,5.27,-0.91,0.9998936851413295,0.4,E380Q,False,,0.13333333333333333,0.0,0.2,0.0,0.0,0.0,0.06666666666666667,0.06666666666666667,0.0,0.26666666666666666,0.0,0.0,0.0,0.06666666666666667,0.13333333333333333,0.0,0.06666666666666667,0.0,0.0,0.0,0.6999468425706648
ep_5925,RLLPELLPLLLPHPP,15,1718.13,0.49,0.0,70.36,6.75,0.09,0.999891535823176,0.4,L536H,False,,0.0,0.0,0.0,0.06666666666666667,0.0,0.0,0.06666666666666667,0.0,0.0,0.4666666666666667,0.0,0.0,0.3333333333333333,0.0,0.06666666666666667,0.0,0.0,0.0,0.0,0.0,0.699945767911588
ep_47613,YDIFQHFHDLACAYM,15,1874.1,0.16,0.27,76.79,5.05,-1.87,0.9998907325261192,0.4,E380Q,False,,0.13333333333333333,0.06666666666666667,0.13333333333333333,0.0,0.13333333333333333,0.0,0.13333333333333333,0.06666666666666667,0.0,0.06666666666666667,0.06666666666666667,0.0,0.0,0.06666666666666667,0.0,0.0,0.0,0.0,0.0,0.13333333333333333,0.6999453662630596
ep_48010,YPMLHDAVLRGFTAM,15,1722.04,0.45,0.13,19.71,6.74,0.09,0.9998907024149725,0.4,E380Q,False,,0.13333333333333333,0.0,0.06666666666666667,0.0,0.06666666666666667,0.06666666666666667,0.06666666666666667,0.0,0.0,0.13333333333333333,0.13333333333333333,0.0,0.06666666666666667,0.0,0.06666666666666667,0.0,0.06666666666666667,0.06666666666666667,0.0,0.06666666666666667,0.6999453512074862
ep_13249,AELSRALVDLSERMR,15,1746.0,-0.3,0.0,19.97,6.23,0.0,0.9998906419527674,0.4,Y537S,False,,0.13333333333333333,0.0,0.06666666666666667,0.13333333333333333,0.0,0.0,0.0,0.0,0.0,0.2,0.06666666666666667,0.0,0.0,0.0,0.2,0.13333333333333333,0.0,0.06666666666666667,0.0,0.0,0.6999453209763837
ep_51423,PVIHRDIKPANILVT,15,1686.01,0.33,0.0,69.03,9.18,1.09,0.9998892817198323,0.4,K303R,False,,0.06666666666666667,0.0,0.06666666666666667,0.0,0.0,0.0,0.06666666666666667,0.2,0.06666666666666667,0.06666666666666667,0.0,0.06666666666666667,0.13333333333333333,0.0,0.06666666666666667,0.0,0.06666666666666667,0.13333333333333333,0.0,0.0,0.6999446408599161
ep_19509,HGIFQQVHNELLLHL,15,1798.05,0.18,0.07,20.36,6.26,-0.73,0.9998890393323862,0.4,E380Q,False,,0.0,0.0,0.0,0.06666666666666667,0.06666666666666667,0.06666666666666667,0.2,0.06666666666666667,0.0,0.26666666666666666,0.0,0.06666666666666667,0.0,0.13333333333333333,0.0,0.0,0.0,0.06666666666666667,0.0,0.0,0.6999445196661931
ep_53605,QYKRYPIVLATWNML,15,1896.26,-0.08,0.2,21.79,9.7,2.0,0.9998888487895752,0.4,Y537N,False,,0.06666666666666667,0.0,0.0,0.0,0.0,0.0,0.0,0.06666666666666667,0.06666666666666667,0.13333333333333333,0.06666666666666667,0.06666666666666667,0.06666666666666667,0.06666666666666667,0.06666666666666667,0.0,0.06666666666666667,0.06666666666666667,0.06666666666666667,0.13333333333333333,0.6999444243947877
ep_54726,WKLPDSVAAKLDELA,15,1655.89,-0.04,0.07,18.67,4.56,-1.0,0.9998880119966824,0.4,E380Q,False,,0.2,0.0,0.13333333333333333,0.06666666666666667,0.0,0.0,0.0,0.0,0.13333333333333333,0.2,0.0,0.0,0.06666666666666667,0.0,0.0,0.06666666666666667,0.0,0.06666666666666667,0.06666666666666667,0.0,0.6999440059983413
ep_42930,SLATLASLLGILVAL,15,1454.79,2.28,0.0,16.51,5.24,-0.0,0.9998870942808723,0.4,E380Q,False,,0.2,0.0,0.0,0.0,0.0,0.06666666666666667,0.0,0.06666666666666667,0.0,0.4,0.0,0.0,0.0,0.0,0.0,0.13333333333333333,0.06666666666666667,0.06666666666666667,0.0,0.0,0.6999435471404362
ep_42297,RPVYFCASDLLDLFK,15,1787.09,0.43,0.2,19.97,5.95,-0.05,0.9998868028479956,0.4,S463P,False,,0.06666666666666667,0.06666666666666667,0.13333333333333333,0.0,0.13333333333333333,0.0,0.0,0.0,0.06666666666666667,0.2,0.0,0.0,0.06666666666666667,0.0,0.06666666666666667,0.06666666666666667,0.0,0.06666666666666667,0.0,0.06666666666666667,0.6999434014239978
ep_14513,VDPALRERCLAAARS,15,1627.87,-0.09,0.0,67.13,8.22,0.96,0.9998855155965819,0.4,L536H,False,,0.26666666666666666,0.06666666666666667,0.06666666666666667,0.06666666666666667,0.0,0.0,0.0,0.0,0.0,0.13333333333333333,0.0,0.0,0.06666666666666667,0.0,0.2,0.06666666666666667,0.0,0.06666666666666667,0.0,0.0,0.699942757798291
ep_11864,MPAWQLQLLEGAKAA,15,1626.92,0.21,0.07,67.54,5.75,-0.0,0.9998831079822204,0.4,L536H,False,,0.26666666666666666,0.0,0.0,0.06666666666666667,0.0,0.06666666666666667,0.0,0.0,0.06666666666666667,0.2,0.06666666666666667,0.0,0.06666666666666667,0.13333333333333333,0.0,0.0,0.0,0.0,0.06666666666666667,0.0,0.6999415539911102
ep_46978,QVDQLVRENRCLRAQ,15,1828.06,-0.95,0.0,19.97,8.25,0.96,0.9998817068687554,0.4,L536H,False,,0.06666666666666667,0.06666666666666667,0.06666666666666667,0.06666666666666667,0.0,0.0,0.0,0.0,0.0,0.13333333333333333,0.0,0.06666666666666667,0.0,0.2,0.2,0.0,0.0,0.13333333333333333,0.0,0.0,0.6999408534343777
ep_64919,ATLASLLGILVALAW,15,1511.85,2.14,0.07,16.51,5.57,-0.0,0.9998813838111517,0.4,E380Q,False,,0.26666666666666666,0.0,0.0,0.0,0.0,0.06666666666666667,0.0,0.06666666666666667,0.0,0.3333333333333333,0.0,0.0,0.0,0.0,0.0,0.06666666666666667,0.06666666666666667,0.06666666666666667,0.06666666666666667,0.0,0.6999406919055758
ep_54240,HGACPPLLLVHGTED,15,1558.76,0.12,0.0,64.84,5.28,-1.86,0.9998811988948211,0.4,L536H,False,,0.06666666666666667,0.06666666666666667,0.06666666666666667,0.06666666666666667,0.0,0.13333333333333333,0.13333333333333333,0.0,0.0,0.2,0.0,0.0,0.13333333333333333,0.0,0.0,0.0,0.06666666666666667,0.06666666666666667,0.0,0.0,0.6999405994474106
ep_52052,CLISRLLQLHKAQHS,15,1747.07,0.04,0.0,72.53,9.51,2.13,0.999880025076886,0.4,L536H,False,,0.06666666666666667,0.06666666666666667,0.0,0.0,0.0,0.0,0.13333333333333333,0.06666666666666667,0.06666666666666667,0.26666666666666666,0.0,0.0,0.0,0.13333333333333333,0.06666666666666667,0.13333333333333333,0.0,0.0,0.0,0.0,0.699940012538443
ep_12234,IALFGAALTLVCLLL,15,1530.96,2.74,0.07,16.51,5.52,-0.05,0.9998789618478444,0.4,E380Q,False,,0.2,0.06666666666666667,0.0,0.0,0.06666666666666667,0.06666666666666667,0.0,0.06666666666666667,0.0,0.4,0.0,0.0,0.0,0.0,0.0,0.0,0.06666666666666667,0.06666666666666667,0.0,0.0,0.6999394809239222
ep_61863,RVALSISRCVLQSLV,15,1643.99,1.19,0.0,68.17,10.35,1.95,0.9998784920146654,0.4,K303R,False,,0.06666666666666667,0.06666666666666667,0.0,0.0,0.0,0.0,0.0,0.06666666666666667,0.0,0.2,0.0,0.0,0.0,0.06666666666666667,0.13333333333333333,0.2,0.0,0.2,0.0,0.0,0.6999392460073327
ep_1491,QPAMLLLAVLALLAC,15,1539.99,2.23,0.0,64.31,5.52,-0.05,0.9998781569287795,0.4,E380Q,False,,0.26666666666666666,0.06666666666666667,0.0,0.0,0.0,0.0,0.0,0.0,0.0,0.4,0.06666666666666667,0.0,0.06666666666666667,0.06666666666666667,0.0,0.0,0.0,0.06666666666666667,0.0,0.0,0.6999390784643897
ep_28594,HDLLLACSRLLTRLQ,15,1752.09,0.43,0.0,73.2,8.26,1.04,0.9998779866965756,0.4,E380Q,False,,0.06666666666666667,0.06666666666666667,0.06666666666666667,0.0,0.0,0.0,0.06666666666666667,0.0,0.0,0.4,0.0,0.0,0.0,0.06666666666666667,0.13333333333333333,0.06666666666666667,0.06666666666666667,0.0,0.0,0.0,0.6999389933482878
ep_20478,HLRQVLINLIGNAIK,15,1702.05,0.56,0.0,18.67,11.0,2.09,0.9998778139077296,0.4,E380Q,False,,0.06666666666666667,0.0,0.0,0.0,0.0,0.06666666666666667,0.06666666666666667,0.2,0.06666666666666667,0.2,0.0,0.13333333333333333,0.0,0.06666666666666667,0.06666666666666667,0.0,0.0,0.06666666666666667,0.0,0.0,0.6999389069538648
ep_43448,FCAAVASWLIFVLLV,15,1652.05,2.69,0.2,17.56,5.52,-0.05,0.9998773993705339,0.4,Y537S,False,,0.2,0.06666666666666667,0.0,0.0,0.13333333333333333,0.0,0.0,0.06666666666666667,0.0,0.2,0.0,0.0,0.0,0.0,0.0,0.06666666666666667,0.0,0.2,0.06666666666666667,0.0,0.699938699685267
ep_54,LFCAAVASWLIFVLL,15,1666.08,2.66,0.2,17.56,5.52,-0.05,0.999876076461109,0.4,Y537S,False,,0.2,0.06666666666666667,0.0,0.0,0.13333333333333333,0.0,0.0,0.06666666666666667,0.0,0.26666666666666666,0.0,0.0,0.0,0.0,0.0,0.06666666666666667,0.0,0.13333333333333333,0.06666666666666667,0.0,0.6999380382305544
ep_19561,KKFYIRPYDLRMALL,15,1927.36,-0.14,0.2,80.76,9.99,3.0,0.9998735913776825,0.4,L536H,False,,0.06666666666666667,0.0,0.06666666666666667,0.0,0.06666666666666667,0.0,0.0,0.06666666666666667,0.13333333333333333,0.2,0.06666666666666667,0.0,0.06666666666666667,0.0,0.13333333333333333,0.0,0.0,0.0,0.0,0.13333333333333333,0.6999367956888413
ep_12235,AYMSRLLIDKAEKEL,15,1780.09,-0.23,0.07,75.1,6.22,0.0,0.9998726928833456,0.4,K303R,False,,0.13333333333333333,0.0,0.06666666666666667,0.13333333333333333,0.0,0.0,0.0,0.06666666666666667,0.13333333333333333,0.2,0.06666666666666667,0.0,0.0,0.0,0.06666666666666667,0.06666666666666667,0.0,0.0,0.0,0.06666666666666667,0.6999363464416728
ep_9022,RQLSPTQVCKLMHAF,15,1759.1,-0.06,0.07,73.94,9.51,2.04,0.9998721482401611,0.4,E380Q,False,,0.06666666666666667,0.06666666666666667,0.0,0.0,0.06666666666666667,0.0,0.06666666666666667,0.0,0.06666666666666667,0.13333333333333333,0.06666666666666667,0.0,0.06666666666666667,0.13333333333333333,0.06666666666666667,0.06666666666666667,0.06666666666666667,0.06666666666666667,0.0,0.0,0.6999360741200806
ep_32381,SLLLDDLLSKSPKAC,15,1602.89,0.3,0.0,67.92,5.68,-0.05,0.9998695670389894,0.4,E380Q,False,,0.06666666666666667,0.06666666666666667,0.13333333333333333,0.0,0.0,0.0,0.0,0.0,0.13333333333333333,0.3333333333333333,0.0,0.0,0.06666666666666667,0.0,0.0,0.2,0.0,0.0,0.0,0.0,0.6999347835194947
ep_25973,RYIFYFVYFLLFLFI,15,2064.51,2.01,0.53,21.01,8.5,1.0,0.9998695363133225,0.4,S463P,False,,0.0,0.0,0.0,0.0,0.3333333333333333,0.0,0.0,0.13333333333333333,0.0,0.2,0.0,0.0,0.0,0.0,0.06666666666666667,0.0,0.0,0.06666666666666667,0.0,0.2,0.6999347681566612
ep_9236,KVVIDEKKCLGCGMC,15,1626.04,0.44,0.0,16.51,7.94,0.87,0.9998693271513159,0.4,Y537S,False,,0.0,0.2,0.06666666666666667,0.06666666666666667,0.0,0.13333333333333333,0.0,0.06666666666666667,0.2,0.06666666666666667,0.06666666666666667,0.0,0.0,0.0,0.0,0.0,0.0,0.13333333333333333,0.0,0.0,0.699934663575658
ep_30647,HSLLGRLLQQPLPGL,15,1641.95,0.22,0.0,69.59,9.76,1.09,0.9998658619518682,0.4,D538G,False,,0.0,0.0,0.0,0.0,0.0,0.13333333333333333,0.06666666666666667,0.0,0.0,0.4,0.0,0.0,0.13333333333333333,0.13333333333333333,0.06666666666666667,0.06666666666666667,0.0,0.0,0.0,0.0,0.6999329309759341
ep_64022,LLPHLHALAIRTGLL,15,1638.01,1.15,0.0,16.51,9.76,1.18,0.9998657038836317,0.4,E380Q,False,,0.13333333333333333,0.0,0.0,0.0,0.0,0.06666666666666667,0.13333333333333333,0.06666666666666667,0.0,0.4,0.0,0.0,0.06666666666666667,0.0,0.06666666666666667,0.0,0.06666666666666667,0.0,0.0,0.0,0.6999328519418159
ep_4349,NVMHRDIKPENIMLL,15,1823.19,-0.17,0.0,77.71,6.75,0.09,0.9998655760194111,0.4,L536H,False,,0.0,0.0,0.06666666666666667,0.06666666666666667,0.0,0.0,0.06666666666666667,0.13333333333333333,0.06666666666666667,0.13333333333333333,0.13333333333333333,0.13333333333333333,0.06666666666666667,0.0,0.06666666666666667,0.0,0.0,0.06666666666666667,0.0,0.0,0.6999327880097055
ep_14331,RHRLLAVAMLVYVAA,15,1683.07,1.31,0.07,17.15,10.84,2.09,0.9998655026266081,0.4,L536H,False,,0.26666666666666666,0.0,0.0,0.0,0.0,0.0,0.06666666666666667,0.0,0.0,0.2,0.06666666666666667,0.0,0.0,0.0,0.13333333333333333,0.0,0.0,0.2,0.0,0.06666666666666667,0.699932751313304
ep_47643,YSMLPVLFSYIMSRC,15,1810.21,0.95,0.2,77.15,8.2,0.95,0.999864777195963,0.4,K303R,False,,0.0,0.06666666666666667,0.0,0.0,0.06666666666666667,0.0,0.0,0.06666666666666667,0.0,0.13333333333333333,0.13333333333333333,0.0,0.06666666666666667,0.0,0.06666666666666667,0.2,0.0,0.06666666666666667,0.0,0.13333333333333333,0.6999323885979816
ep_24064,SQRLLGKLRMVGRLL,15,1740.17,0.17,0.0,18.03,12.0,4.0,0.9998647239076258,0.4,K303R,False,,0.0,0.0,0.0,0.0,0.0,0.13333333333333333,0.0,0.0,0.06666666666666667,0.3333333333333333,0.06666666666666667,0.0,0.0,0.06666666666666667,0.2,0.06666666666666667,0.0,0.06666666666666667,0.0,0.0,0.6999323619538129
ep_64058,SLRSAALRLLTSVAA,15,1528.8,0.97,0.0,64.31,12.0,2.0,0.9998627598242312,0.4,K303R,False,,0.26666666666666666,0.0,0.0,0.0,0.0,0.0,0.0,0.0,0.0,0.26666666666666666,0.0,0.0,0.0,0.0,0.13333333333333333,0.2,0.06666666666666667,0.06666666666666667,0.0,0.0,0.6999313799121156
ep_59689,TKMHVVFIDLEKSFD,15,1809.09,0.08,0.13,77.48,5.46,-0.91,0.9998622871774538,0.4,L536H,False,,0.0,0.0,0.13333333333333333,0.06666666666666667,0.13333333333333333,0.0,0.06666666666666667,0.06666666666666667,0.13333333333333333,0.06666666666666667,0.06666666666666667,0.0,0.0,0.0,0.0,0.06666666666666667,0.06666666666666667,0.13333333333333333,0.0,0.0,0.699931143588727
ep_55357,RLLLVAGAVLVLRLL,15,1619.09,2.23,0.0,16.51,12.0,2.0,0.9998615251455069,0.4,L536H,False,,0.13333333333333333,0.0,0.0,0.0,0.0,0.06666666666666667,0.0,0.0,0.0,0.4666666666666667,0.0,0.0,0.0,0.0,0.13333333333333333,0.0,0.0,0.2,0.0,0.0,0.6999307625727534
ep_6793,RQTQALLTEACAMFP,15,1679.96,0.15,0.07,72.12,5.99,-0.04,0.9998606542241749,0.4,E380Q,False,,0.2,0.06666666666666667,0.0,0.06666666666666667,0.06666666666666667,0.0,0.0,0.0,0.0,0.13333333333333333,0.06666666666666667,0.0,0.06666666666666667,0.13333333333333333,0.06666666666666667,0.0,0.13333333333333333,0.0,0.0,0.0,0.6999303271120875
ep_40791,QSSQTALLVQVHQQL,15,1679.87,-0.09,0.0,72.12,6.74,0.09,0.9998603742849375,0.4,E380Q,False,,0.06666666666666667,0.0,0.0,0.0,0.0,0.0,0.06666666666666667,0.0,0.0,0.2,0.0,0.0,0.0,0.3333333333333333,0.0,0.13333333333333333,0.06666666666666667,0.13333333333333333,0.0,0.0,0.6999301871424688
ep_20953,QIVLNNLLINARQAM,15,1711.04,0.54,0.0,16.51,9.75,1.0,0.9998596717722941,0.4,E380Q,False,,0.13333333333333333,0.0,0.0,0.0,0.0,0.0,0.0,0.13333333333333333,0.0,0.2,0.06666666666666667,0.2,0.0,0.13333333333333333,0.06666666666666667,0.0,0.0,0.06666666666666667,0.0,0.0,0.699929835886147
ep_65415,VLLVCYLAWVFFCIL,15,1802.29,2.83,0.27,16.51,5.48,-0.09,0.9998535153398354,0.4,E380Q,False,,0.06666666666666667,0.13333333333333333,0.0,0.0,0.13333333333333333,0.0,0.0,0.06666666666666667,0.0,0.26666666666666666,0.0,0.0,0.0,0.0,0.0,0.0,0.0,0.2,0.06666666666666667,0.06666666666666667,0.6999267576699177
ep_18747,NVTLFMALMAAFQVL,15,1669.06,1.79,0.13,15.1,5.53,-0.0,0.9998521431346922,0.4,Y537S,False,,0.2,0.0,0.0,0.0,0.13333333333333333,0.0,0.0,0.0,0.0,0.2,0.13333333333333333,0.06666666666666667,0.0,0.06666666666666667,0.0,0.0,0.06666666666666667,0.13333333333333333,0.0,0.0,0.6999260715673461
ep_61511,IIHCDLKPQNILLTP,15,1718.07,0.39,0.0,74.69,6.73,0.04,0.999851368180168,0.4,Y537N,False,,0.0,0.06666666666666667,0.06666666666666667,0.0,0.0,0.0,0.06666666666666667,0.2,0.06666666666666667,0.2,0.0,0.06666666666666667,0.13333333333333333,0.06666666666666667,0.0,0.0,0.06666666666666667,0.0,0.0,0.0,0.699925684090084
ep_39754,VLSPERQAQLVRQLL,15,1750.05,-0.0,0.0,75.89,9.57,1.0,0.9998508525085397,0.4,Y537S,False,,0.06666666666666667,0.0,0.0,0.06666666666666667,0.0,0.0,0.0,0.0,0.0,0.26666666666666666,0.0,0.0,0.06666666666666667,0.2,0.13333333333333333,0.06666666666666667,0.0,0.13333333333333333,0.0,0.0,0.6999254262542698
ep_47974,AALHHILAVLVRCHQ,15,1681.02,0.97,0.0,73.2,8.32,1.23,0.9998484655527625,0.4,E380Q,False,,0.2,0.06666666666666667,0.0,0.0,0.0,0.0,0.2,0.06666666666666667,0.0,0.2,0.0,0.0,0.0,0.06666666666666667,0.06666666666666667,0.0,0.0,0.13333333333333333,0.0,0.0,0.6999242327763813
ep_25296,TWLPYVLALGYLAVL,15,1692.05,1.65,0.2,14.72,5.18,-0.0,0.9998461836032863,0.4,E380Q,False,,0.13333333333333333,0.0,0.0,0.0,0.0,0.06666666666666667,0.0,0.0,0.0,0.3333333333333333,0.0,0.0,0.06666666666666667,0.0,0.0,0.0,0.06666666666666667,0.13333333333333333,0.06666666666666667,0.13333333333333333,0.6999230918016431
ep_6092,RQWLAVLAVTALAWA,15,1668.98,1.22,0.13,14.72,9.75,1.0,0.9998450500935022,0.4,E380Q,False,,0.3333333333333333,0.0,0.0,0.0,0.0,0.0,0.0,0.0,0.0,0.2,0.0,0.0,0.0,0.06666666666666667,0.06666666666666667,0.0,0.06666666666666667,0.13333333333333333,0.13333333333333333,0.0,0.6999225250467511
ep_22059,TLAFLVIVYWLALWQ,15,1836.22,1.81,0.27,15.75,5.18,-0.0,0.9998438398440896,0.4,E380Q,False,,0.13333333333333333,0.0,0.0,0.0,0.06666666666666667,0.0,0.0,0.06666666666666667,0.0,0.26666666666666666,0.0,0.0,0.0,0.06666666666666667,0.0,0.0,0.06666666666666667,0.13333333333333333,0.13333333333333333,0.06666666666666667,0.6999219199220448
ep_26580,AFLVIVYWLALWQAF,15,1840.21,1.91,0.33,15.75,5.57,-0.0,0.9998435476591703,0.4,E380Q,False,,0.2,0.0,0.0,0.0,0.13333333333333333,0.0,0.0,0.06666666666666667,0.0,0.2,0.0,0.0,0.0,0.06666666666666667,0.0,0.0,0.0,0.13333333333333333,0.13333333333333333,0.06666666666666667,0.6999217738295851
ep_2267,NIFNSLSNELNILKS,15,1705.91,-0.04,0.07,75.1,6.0,-0.0,0.9998418480748515,0.4,S463P,False,,0.0,0.0,0.0,0.06666666666666667,0.06666666666666667,0.0,0.0,0.13333333333333333,0.06666666666666667,0.2,0.0,0.26666666666666666,0.0,0.0,0.0,0.2,0.0,0.0,0.0,0.0,0.6999209240374258
ep_64706,HELLLQLLRERAARR,15,1874.2,-0.61,0.0,82.09,11.52,2.09,0.9998407155478931,0.4,E380Q,False,,0.13333333333333333,0.0,0.0,0.13333333333333333,0.0,0.0,0.06666666666666667,0.0,0.0,0.3333333333333333,0.0,0.0,0.0,0.06666666666666667,0.26666666666666666,0.0,0.0,0.0,0.0,0.0,0.6999203577739466
ep_65786,NYAVTCAKVLLSYID,15,1672.94,0.77,0.13,13.8,6.08,-0.05,0.9998384443928104,0.4,Y537S,False,,0.13333333333333333,0.06666666666666667,0.06666666666666667,0.0,0.0,0.0,0.0,0.06666666666666667,0.06666666666666667,0.13333333333333333,0.0,0.06666666666666667,0.0,0.0,0.0,0.06666666666666667,0.06666666666666667,0.13333333333333333,0.0,0.13333333333333333,0.6999192221964052
ep_29539,PMPSYNLLIELCGRT,15,1707.02,0.16,0.07,75.73,6.38,-0.05,0.9998357436336982,0.4,L536H,False,,0.0,0.06666666666666667,0.0,0.06666666666666667,0.0,0.06666666666666667,0.0,0.06666666666666667,0.0,0.2,0.06666666666666667,0.06666666666666667,0.13333333333333333,0.0,0.06666666666666667,0.06666666666666667,0.06666666666666667,0.0,0.0,0.06666666666666667,0.6999178718168491
ep_45906,TLVGLALMAAAYVAS,15,1450.74,1.83,0.07,11.9,5.18,-0.0,0.9998356966410565,0.4,E380Q,False,,0.3333333333333333,0.0,0.0,0.0,0.0,0.06666666666666667,0.0,0.0,0.0,0.2,0.06666666666666667,0.0,0.0,0.0,0.0,0.06666666666666667,0.06666666666666667,0.13333333333333333,0.0,0.06666666666666667,0.6999178483205283
ep_55980,VDKHHLSMAIRVLSR,15,1762.09,-0.01,0.0,14.72,10.83,2.18,0.9998354238218311,0.4,K303R,False,,0.06666666666666667,0.0,0.06666666666666667,0.0,0.0,0.0,0.13333333333333333,0.06666666666666667,0.06666666666666667,0.13333333333333333,0.06666666666666667,0.0,0.0,0.0,0.13333333333333333,0.13333333333333333,0.0,0.13333333333333333,0.0,0.0,0.6999177119109156
ep_15503,VGTAWVLLEPVGVAL,15,1523.81,1.62,0.07,12.37,4.05,-1.0,0.9998348273249675,0.4,L536H,False,,0.13333333333333333,0.0,0.0,0.06666666666666667,0.0,0.13333333333333333,0.0,0.0,0.0,0.2,0.0,0.0,0.06666666666666667,0.0,0.0,0.0,0.06666666666666667,0.26666666666666666,0.06666666666666667,0.0,0.6999174136624837
ep_31394,RHAATVLRRLLDAGL,15,1661.95,0.23,0.0,73.2,11.7,2.09,0.9998336107673218,0.4,L536H,False,,0.2,0.0,0.06666666666666667,0.0,0.0,0.06666666666666667,0.06666666666666667,0.0,0.0,0.26666666666666666,0.0,0.0,0.0,0.0,0.2,0.0,0.06666666666666667,0.06666666666666667,0.0,0.0,0.6999168053836609
ep_65256,SNELKSSIFKILLEK,15,1749.06,-0.09,0.07,13.67,8.22,1.0,0.9998294169085687,0.4,K303R,False,,0.0,0.0,0.0,0.13333333333333333,0.06666666666666667,0.0,0.0,0.13333333333333333,0.2,0.2,0.0,0.06666666666666667,0.0,0.0,0.0,0.2,0.0,0.0,0.0,0.0,0.6999147084542844
ep_60295,NIVHRDIKPANILLN,15,1730.02,-0.01,0.0,77.25,8.75,1.09,0.999828727493951,0.4,Y537N,False,,0.06666666666666667,0.0,0.06666666666666667,0.0,0.0,0.0,0.06666666666666667,0.2,0.06666666666666667,0.13333333333333333,0.0,0.2,0.06666666666666667,0.0,0.06666666666666667,0.0,0.0,0.06666666666666667,0.0,0.0,0.6999143637469756
ep_47185,HSLLLHPAPLLPHRS,15,1687.99,0.02,0.0,75.23,9.77,1.27,0.9998286525883412,0.4,L536H,False,,0.06666666666666667,0.0,0.0,0.0,0.0,0.0,0.2,0.0,0.0,0.3333333333333333,0.0,0.0,0.2,0.0,0.06666666666666667,0.13333333333333333,0.0,0.0,0.0,0.0,0.6999143262941706
ep_45923,LLSPRQCLAMRPALL,15,1682.11,0.7,0.0,74.91,10.35,1.95,0.9998278292548566,0.4,K303R,False,,0.13333333333333333,0.06666666666666667,0.0,0.0,0.0,0.0,0.0,0.0,0.0,0.3333333333333333,0.06666666666666667,0.0,0.13333333333333333,0.06666666666666667,0.13333333333333333,0.06666666666666667,0.0,0.0,0.0,0.0,0.6999139146274282
ep_20511,WLTHAEALEAMQAAQ,15,1669.86,-0.02,0.07,12.53,4.51,-1.91,0.9998242434708685,0.4,E380Q,False,,0.3333333333333333,0.0,0.0,0.13333333333333333,0.0,0.0,0.06666666666666667,0.0,0.0,0.13333333333333333,0.06666666666666667,0.0,0.0,0.13333333333333333,0.0,0.0,0.06666666666666667,0.0,0.06666666666666667,0.0,0.6999121217354343
ep_45675,SGDVTVTLSSDGSIT,15,1438.49,0.24,0.0,10.85,4.05,-2.0,0.9998232831201466,0.4,S463P,False,,0.0,0.0,0.13333333333333333,0.0,0.0,0.13333333333333333,0.0,0.06666666666666667,0.0,0.06666666666666667,0.0,0.0,0.0,0.0,0.0,0.26666666666666666,0.2,0.13333333333333333,0.0,0.0,0.6999116415600732
ep_8465,AALGIVTASLPSPAA,15,1338.55,1.29,0.0,60.17,5.57,-0.0,0.9998211392659107,0.4,S463P,False,LPS,0.3333333333333333,0.0,0.0,0.0,0.0,0.06666666666666667,0.0,0.06666666666666667,0.0,0.13333333333333333,0.0,0.0,0.13333333333333333,0.0,0.0,0.13333333333333333,0.06666666666666667,0.06666666666666667,0.0,0.0,0.6999105696329553
ep_53561,CEQRARLSDTLAVLS,15,1661.88,-0.01,0.0,12.15,6.06,-0.04,0.9998211277868725,0.4,Y537S,False,LSD,0.13333333333333333,0.06666666666666667,0.06666666666666667,0.06666666666666667,0.0,0.0,0.0,0.0,0.0,0.2,0.0,0.0,0.0,0.06666666666666667,0.13333333333333333,0.13333333333333333,0.06666666666666667,0.06666666666666667,0.0,0.0,0.6999105638934362
ep_54398,KPKILLLKSIINEDK,15,1752.15,-0.24,0.0,13.01,9.53,2.0,0.9998202150708267,0.4,L536H,False,,0.0,0.0,0.06666666666666667,0.06666666666666667,0.0,0.0,0.0,0.2,0.26666666666666666,0.2,0.0,0.06666666666666667,0.06666666666666667,0.0,0.0,0.06666666666666667,0.0,0.0,0.0,0.0,0.6999101075354134
ep_18848,HHASVLLELYHTLVC,15,1735.01,0.8,0.07,12.53,6.26,-0.77,0.9998195631153638,0.4,L536H,False,,0.06666666666666667,0.06666666666666667,0.0,0.06666666666666667,0.0,0.0,0.2,0.0,0.0,0.26666666666666666,0.0,0.0,0.0,0.0,0.0,0.06666666666666667,0.06666666666666667,0.13333333333333333,0.0,0.06666666666666667,0.6999097815576819
ep_16204,RVRMDQDTGQWTLQC,15,1837.05,-1.12,0.07,13.18,5.95,-0.05,0.9998181959086528,0.4,E380Q,False,LQC,0.0,0.06666666666666667,0.13333333333333333,0.0,0.0,0.06666666666666667,0.0,0.0,0.0,0.06666666666666667,0.06666666666666667,0.0,0.0,0.2,0.13333333333333333,0.0,0.13333333333333333,0.06666666666666667,0.06666666666666667,0.0,0.6999090979543264
ep_34219,TPGYSDIASSVTAEL,15,1510.6,0.13,0.07,10.85,4.05,-2.0,0.9998172555009351,0.4,K303R,False,,0.13333333333333333,0.0,0.06666666666666667,0.06666666666666667,0.0,0.06666666666666667,0.0,0.06666666666666667,0.0,0.06666666666666667,0.0,0.0,0.06666666666666667,0.0,0.0,0.2,0.13333333333333333,0.06666666666666667,0.0,0.06666666666666667,0.6999086277504676
ep_37382,DPFDAALTRCLTEIH,15,1701.9,-0.01,0.07,77.15,4.54,-1.95,0.9998172466010062,0.4,L536H,False,,0.13333333333333333,0.06666666666666667,0.13333333333333333,0.06666666666666667,0.06666666666666667,0.0,0.06666666666666667,0.06666666666666667,0.0,0.13333333333333333,0.0,0.0,0.06666666666666667,0.0,0.06666666666666667,0.0,0.13333333333333333,0.0,0.0,0.0,0.6999086233005032
ep_15474,NLGIVHCDLKPENVL,15,1663.94,0.25,0.0,11.75,5.32,-0.95,0.9998164416713554,0.4,L536H,False,,0.0,0.06666666666666667,0.06666666666666667,0.06666666666666667,0.0,0.06666666666666667,0.06666666666666667,0.06666666666666667,0.06666666666666667,0.2,0.0,0.13333333333333333,0.06666666666666667,0.0,0.0,0.0,0.0,0.13333333333333333,0.0,0.0,0.6999082208356777
ep_11663,AVSVLRALAIVGLAV,15,1451.8,2.28,0.0,10.85,9.8,1.0,0.9998158471385226,0.4,L536H,False,,0.26666666666666666,0.0,0.0,0.0,0.0,0.06666666666666667,0.0,0.06666666666666667,0.0,0.2,0.0,0.0,0.0,0.0,0.06666666666666667,0.06666666666666667,0.0,0.26666666666666666,0.0,0.0,0.6999079235692613
ep_51939,QQVFSNLLDNAIEAC,15,1664.83,0.23,0.07,75.73,4.05,-2.04,0.9998139618129074,0.4,S463P,False,,0.13333333333333333,0.06666666666666667,0.06666666666666667,0.06666666666666667,0.06666666666666667,0.0,0.0,0.06666666666666667,0.0,0.13333333333333333,0.0,0.13333333333333333,0.0,0.13333333333333333,0.0,0.06666666666666667,0.0,0.06666666666666667,0.0,0.0,0.6999069809064538
ep_38420,ALAAAGLAVLAVQAA,15,1309.55,2.02,0.0,9.33,5.57,-0.0,0.9998124319741253,0.4,E380Q,False,,0.5333333333333333,0.0,0.0,0.0,0.0,0.06666666666666667,0.0,0.0,0.0,0.2,0.0,0.0,0.0,0.06666666666666667,0.0,0.0,0.0,0.13333333333333333,0.0,0.0,0.6999062159870626
ep_54972,YLHPVPMSVLLRFFP,15,1816.21,0.85,0.2,83.04,8.75,1.09,0.9998088576277502,0.4,S463P,False,,0.0,0.0,0.0,0.0,0.13333333333333333,0.0,0.06666666666666667,0.0,0.0,0.2,0.06666666666666667,0.0,0.2,0.0,0.06666666666666667,0.06666666666666667,0.0,0.13333333333333333,0.0,0.06666666666666667,0.6999044288138752
ep_21285,VAGLVLLAAGVAALL,15,1350.69,2.65,0.0,9.33,5.49,-0.0,0.9998087390799923,0.4,L536H,False,,0.3333333333333333,0.0,0.0,0.0,0.0,0.13333333333333333,0.0,0.0,0.0,0.3333333333333333,0.0,0.0,0.0,0.0,0.0,0.0,0.0,0.2,0.0,0.0,0.6999043695399962
ep_44057,STHKRKRGRPRKNPP,15,1815.1,-2.87,0.0,81.66,12.0,7.09,0.9998085597230544,0.4,K303R,False,,0.0,0.0,0.0,0.0,0.0,0.06666666666666667,0.06666666666666667,0.0,0.2,0.0,0.0,0.06666666666666667,0.2,0.0,0.26666666666666666,0.06666666666666667,0.06666666666666667,0.0,0.0,0.0,0.6999042798615271
ep_38205,AGLVLLAAGVAALLL,15,1364.72,2.63,0.0,9.33,5.57,-0.0,0.9998076879901918,0.4,Y537S,False,,0.3333333333333333,0.0,0.0,0.0,0.0,0.13333333333333333,0.0,0.0,0.0,0.4,0.0,0.0,0.0,0.0,0.0,0.0,0.0,0.13333333333333333,0.0,0.0,0.699903843995096
ep_25737,ALSLAGLVSALSALL,15,1398.69,2.09,0.0,9.33,5.57,-0.0,0.999805764818325,0.4,S463P,False,,0.26666666666666666,0.0,0.0,0.0,0.0,0.06666666666666667,0.0,0.0,0.0,0.4,0.0,0.0,0.0,0.0,0.0,0.2,0.0,0.06666666666666667,0.0,0.0,0.6999028824091624
ep_43915,AAAEPLPPPQRLLLL,15,1598.93,0.43,0.0,73.53,6.05,-0.0,0.9998047922484854,0.4,Y537S,False,,0.2,0.0,0.0,0.06666666666666667,0.0,0.0,0.0,0.0,0.0,0.3333333333333333,0.0,0.0,0.26666666666666666,0.06666666666666667,0.06666666666666667,0.0,0.0,0.0,0.0,0.0,0.6999023961242428
ep_6328,AALRQRLEQSLLGLL,15,1680.99,0.38,0.0,77.15,9.64,1.0,0.9998037965763441,0.4,Y537S,False,,0.13333333333333333,0.0,0.0,0.06666666666666667,0.0,0.06666666666666667,0.0,0.0,0.0,0.4,0.0,0.0,0.0,0.13333333333333333,0.13333333333333333,0.06666666666666667,0.0,0.0,0.0,0.0,0.6999018982881721
ep_14468,KKRHIPCLNETIASL,15,1723.05,-0.31,0.0,79.09,9.31,2.05,0.9998036503266726,0.4,K303R,False,,0.06666666666666667,0.06666666666666667,0.0,0.06666666666666667,0.0,0.0,0.06666666666666667,0.13333333333333333,0.13333333333333333,0.13333333333333333,0.0,0.06666666666666667,0.06666666666666667,0.0,0.06666666666666667,0.06666666666666667,0.06666666666666667,0.0,0.0,0.0,0.6999018251633363
ep_47849,YDTCVHVAASIAEAL,15,1562.74,0.89,0.07,10.07,4.35,-1.95,0.9998033903804378,0.4,Y537S,False,,0.26666666666666666,0.06666666666666667,0.06666666666666667,0.06666666666666667,0.0,0.0,0.06666666666666667,0.06666666666666667,0.0,0.06666666666666667,0.0,0.0,0.0,0.0,0.0,0.06666666666666667,0.06666666666666667,0.13333333333333333,0.0,0.06666666666666667,0.6999016951902188
ep_62741,AMATLVIVDEATSIH,15,1570.81,1.07,0.0,10.11,4.35,-1.91,0.9998032638753074,0.4,L536H,False,,0.2,0.0,0.06666666666666667,0.06666666666666667,0.0,0.0,0.06666666666666667,0.13333333333333333,0.0,0.06666666666666667,0.06666666666666667,0.0,0.0,0.0,0.0,0.06666666666666667,0.13333333333333333,0.13333333333333333,0.0,0.0,0.6999016319376536
ep_36414,QHAALVSLLDAAVSG,15,1451.62,0.99,0.0,9.33,5.08,-0.91,0.9998026030524777,0.4,L536H,False,,0.26666666666666666,0.0,0.06666666666666667,0.0,0.0,0.06666666666666667,0.06666666666666667,0.0,0.0,0.2,0.0,0.0,0.0,0.06666666666666667,0.0,0.13333333333333333,0.0,0.13333333333333333,0.0,0.0,0.6999013015262389
ep_6952,AGLGLVLGVLLVLVV,15,1434.85,2.96,0.0,9.33,5.57,-0.0,0.9998021688022041,0.4,D538G,False,,0.06666666666666667,0.0,0.0,0.0,0.0,0.2,0.0,0.0,0.0,0.4,0.0,0.0,0.0,0.0,0.0,0.0,0.0,0.3333333333333333,0.0,0.0,0.699901084401102
ep_30683,QLLPLHQIYTLMQHS,15,1822.14,0.02,0.07,11.49,6.92,0.18,0.9998015282651319,0.4,E380Q,False,,0.0,0.0,0.0,0.0,0.0,0.0,0.13333333333333333,0.06666666666666667,0.0,0.26666666666666666,0.06666666666666667,0.0,0.06666666666666667,0.2,0.0,0.06666666666666667,0.06666666666666667,0.0,0.0,0.06666666666666667,0.699900764132566
ep_56185,AQKLLERALLVLKSS,15,1669.02,0.39,0.0,10.85,9.99,2.0,0.9998010818321162,0.4,Y537S,False,,0.13333333333333333,0.0,0.0,0.06666666666666667,0.0,0.0,0.0,0.0,0.13333333333333333,0.3333333333333333,0.0,0.0,0.0,0.06666666666666667,0.06666666666666667,0.13333333333333333,0.0,0.06666666666666667,0.0,0.0,0.6999005409160581
ep_65215,RVAGLVLLAAGVAAL,15,1393.72,2.1,0.0,9.33,9.75,1.0,0.9997993078456081,0.4,D538G,False,,0.3333333333333333,0.0,0.0,0.0,0.0,0.13333333333333333,0.0,0.0,0.0,0.26666666666666666,0.0,0.0,0.0,0.0,0.06666666666666667,0.0,0.0,0.2,0.0,0.0,0.6998996539228041
ep_47282,GSDLRMAKDALSEAC,15,1566.76,-0.23,0.0,72.53,4.56,-1.04,0.999798445915519,0.4,S463P,False,,0.2,0.06666666666666667,0.13333333333333333,0.06666666666666667,0.0,0.06666666666666667,0.0,0.0,0.06666666666666667,0.13333333333333333,0.06666666666666667,0.0,0.0,0.0,0.06666666666666667,0.13333333333333333,0.0,0.0,0.0,0.0,0.6998992229577595
ep_53603,PLVRLVLRTLRRLLR,15,1874.37,0.43,0.0,86.04,12.0,5.0,0.9997976678793008,0.4,L536H,False,,0.0,0.0,0.0,0.0,0.0,0.0,0.0,0.0,0.0,0.4,0.0,0.0,0.06666666666666667,0.0,0.3333333333333333,0.0,0.06666666666666667,0.13333333333333333,0.0,0.0,0.6998988339396504
ep_17670,ALLRGLLHACATLPP,15,1545.89,0.99,0.0,71.49,8.3,1.04,0.9997969929142273,0.4,E380Q,False,,0.2,0.06666666666666667,0.0,0.0,0.0,0.06666666666666667,0.06666666666666667,0.0,0.0,0.3333333333333333,0.0,0.0,0.13333333333333333,0.0,0.06666666666666667,0.0,0.06666666666666667,0.0,0.0,0.0,0.6998984964571137
ep_10114,GCSLYFDPKAYEFNP,15,1750.92,-0.51,0.27,10.61,4.37,-1.05,0.9997962881973232,0.4,S463P,False,,0.06666666666666667,0.06666666666666667,0.06666666666666667,0.06666666666666667,0.13333333333333333,0.06666666666666667,0.0,0.0,0.06666666666666667,0.06666666666666667,0.0,0.06666666666666667,0.13333333333333333,0.0,0.0,0.06666666666666667,0.0,0.0,0.0,0.13333333333333333,0.6998981440986616
ep_24842,PSNILIDSRGHVKIC,15,1651.93,0.12,0.0,76.75,8.64,1.04,0.9997935098773361,0.4,K303R,False,,0.0,0.06666666666666667,0.06666666666666667,0.0,0.0,0.06666666666666667,0.06666666666666667,0.2,0.06666666666666667,0.06666666666666667,0.0,0.06666666666666667,0.06666666666666667,0.0,0.06666666666666667,0.13333333333333333,0.0,0.06666666666666667,0.0,0.0,0.6998967549386681
ep_21393,DLTAAAERIRTLVAT,15,1600.82,0.36,0.0,9.33,6.07,0.0,0.9997917642240436,0.4,E380Q,False,,0.26666666666666666,0.0,0.06666666666666667,0.06666666666666667,0.0,0.0,0.0,0.06666666666666667,0.0,0.13333333333333333,0.0,0.0,0.0,0.0,0.13333333333333333,0.0,0.2,0.06666666666666667,0.0,0.0,0.6998958821120218
ep_20252,DDTHRLCSAMRRLQS,15,1789.01,-1.05,0.0,83.5,8.26,1.05,0.9997899114926269,0.4,E380Q,False,,0.06666666666666667,0.06666666666666667,0.13333333333333333,0.0,0.0,0.0,0.06666666666666667,0.0,0.0,0.13333333333333333,0.06666666666666667,0.0,0.0,0.06666666666666667,0.2,0.13333333333333333,0.06666666666666667,0.0,0.0,0.0,0.6998949557463134
ep_61091,AIGVLLFSLLLAIIY,15,1619.04,2.71,0.13,9.33,5.57,-0.0,0.9997895510021143,0.4,S463P,False,,0.13333333333333333,0.0,0.0,0.0,0.06666666666666667,0.06666666666666667,0.0,0.2,0.0,0.3333333333333333,0.0,0.0,0.0,0.0,0.0,0.06666666666666667,0.0,0.06666666666666667,0.0,0.06666666666666667,0.6998947755010572
ep_1599,GRAAFWAAVGLTLWS,15,1605.84,0.88,0.2,9.44,9.75,1.0,0.9997888429066312,0.4,S463P,False,,0.26666666666666666,0.0,0.0,0.0,0.06666666666666667,0.13333333333333333,0.0,0.0,0.0,0.13333333333333333,0.0,0.0,0.0,0.0,0.06666666666666667,0.06666666666666667,0.06666666666666667,0.06666666666666667,0.13333333333333333,0.0,0.6998944214533156
ep_363,WGQLRGLAATLLLLL,15,1638.01,1.32,0.07,9.6,9.75,1.0,0.9997888124182921,0.4,D538G,False,,0.13333333333333333,0.0,0.0,0.0,0.0,0.13333333333333333,0.0,0.0,0.0,0.4666666666666667,0.0,0.0,0.0,0.06666666666666667,0.06666666666666667,0.0,0.06666666666666667,0.0,0.06666666666666667,0.0,0.6998944062091461
ep_44642,VPLPPDFVAAMRACL,15,1599.96,1.05,0.07,74.91,5.8,-0.05,0.9997880248393417,0.4,Y537S,False,,0.2,0.06666666666666667,0.06666666666666667,0.0,0.06666666666666667,0.0,0.0,0.0,0.0,0.13333333333333333,0.06666666666666667,0.0,0.2,0.0,0.06666666666666667,0.0,0.0,0.13333333333333333,0.0,0.0,0.6998940124196709
ep_42367,LLGMLVALAIVDLWY,15,1690.1,2.09,0.13,9.44,4.05,-1.0,0.9997861474017669,0.4,E380Q,False,,0.13333333333333333,0.0,0.06666666666666667,0.0,0.0,0.06666666666666667,0.0,0.06666666666666667,0.0,0.3333333333333333,0.06666666666666667,0.0,0.0,0.0,0.0,0.0,0.0,0.13333333333333333,0.06666666666666667,0.06666666666666667,0.6998930737008835
ep_29648,MHRDIKPENIMLLPD,15,1822.16,-0.56,0.0,85.53,5.47,-0.91,0.9997856870049455,0.4,L536H,False,,0.0,0.0,0.13333333333333333,0.06666666666666667,0.0,0.0,0.06666666666666667,0.13333333333333333,0.06666666666666667,0.13333333333333333,0.13333333333333333,0.06666666666666667,0.13333333333333333,0.0,0.06666666666666667,0.0,0.0,0.0,0.0,0.0,0.6998928435024727
ep_53067,HPRTCLNLYFALVGL,15,1717.04,0.75,0.13,9.57,8.23,1.04,0.9997855243704179,0.4,Y537N,False,,0.06666666666666667,0.06666666666666667,0.0,0.0,0.06666666666666667,0.06666666666666667,0.06666666666666667,0.0,0.0,0.26666666666666666,0.0,0.06666666666666667,0.06666666666666667,0.0,0.06666666666666667,0.0,0.06666666666666667,0.06666666666666667,0.0,0.06666666666666667,0.6998927621852089
ep_23168,HLTQAFCILELLVKL,15,1741.15,1.33,0.07,9.57,6.74,0.05,0.9997850508016101,0.4,S463P,False,,0.06666666666666667,0.06666666666666667,0.0,0.06666666666666667,0.06666666666666667,0.0,0.06666666666666667,0.06666666666666667,0.06666666666666667,0.3333333333333333,0.0,0.0,0.0,0.06666666666666667,0.0,0.0,0.06666666666666667,0.06666666666666667,0.0,0.0,0.699892525400805
ep_30688,HQVMRLLDEMIIKMQ,15,1885.32,0.06,0.0,10.33,6.75,0.09,0.9997846708930087,0.4,E380Q,False,,0.0,0.0,0.06666666666666667,0.06666666666666667,0.0,0.0,0.06666666666666667,0.13333333333333333,0.06666666666666667,0.13333333333333333,0.2,0.0,0.0,0.13333333333333333,0.06666666666666667,0.0,0.0,0.06666666666666667,0.0,0.0,0.6998923354465043
ep_43660,YNSVHLLCKAYSMIS,15,1729.03,0.46,0.13,9.33,8.18,1.04,0.9997819538165008,0.4,E380Q,False,,0.06666666666666667,0.06666666666666667,0.0,0.0,0.0,0.0,0.06666666666666667,0.06666666666666667,0.06666666666666667,0.13333333333333333,0.06666666666666667,0.06666666666666667,0.0,0.0,0.0,0.2,0.0,0.06666666666666667,0.0,0.13333333333333333,0.6998909769082504
ep_18510,IGWLGIVIALGYLAW,15,1644.99,1.89,0.2,8.81,5.52,-0.0,0.9997818365367497,0.4,E380Q,False,,0.13333333333333333,0.0,0.0,0.0,0.0,0.2,0.0,0.2,0.0,0.2,0.0,0.0,0.0,0.0,0.0,0.0,0.0,0.06666666666666667,0.13333333333333333,0.06666666666666667,0.6998909182683748
ep_32751,LLGRLVALVFLLLHL,15,1690.17,2.35,0.07,9.33,9.76,1.09,0.9997818343997115,0.4,S463P,False,,0.06666666666666667,0.0,0.0,0.0,0.06666666666666667,0.06666666666666667,0.06666666666666667,0.0,0.0,0.5333333333333333,0.0,0.0,0.0,0.0,0.06666666666666667,0.0,0.0,0.13333333333333333,0.0,0.0,0.6998909171998557
ep_7005,GWLGIVIALGYLAWQ,15,1659.97,1.36,0.2,8.81,5.52,-0.0,0.9997811140237663,0.4,E380Q,False,,0.13333333333333333,0.0,0.0,0.0,0.0,0.2,0.0,0.13333333333333333,0.0,0.2,0.0,0.0,0.0,0.06666666666666667,0.0,0.0,0.0,0.06666666666666667,0.13333333333333333,0.06666666666666667,0.6998905570118832
ep_2114,QLSARQKRHCLLLKM,15,1825.25,-0.43,0.0,85.66,11.01,4.04,0.9997793093301534,0.4,Y537S,False,,0.06666666666666667,0.06666666666666667,0.0,0.0,0.0,0.0,0.06666666666666667,0.0,0.13333333333333333,0.26666666666666666,0.06666666666666667,0.0,0.0,0.13333333333333333,0.13333333333333333,0.06666666666666667,0.0,0.0,0.0,0.0,0.6998896546650767
ep_50529,WLELYHALQILLPSL,15,1809.15,0.95,0.13,86.04,5.24,-0.91,0.9997727928597269,0.4,E380Q,False,LPS,0.06666666666666667,0.0,0.0,0.06666666666666667,0.0,0.0,0.06666666666666667,0.06666666666666667,0.0,0.4,0.0,0.0,0.06666666666666667,0.06666666666666667,0.0,0.06666666666666667,0.0,0.0,0.06666666666666667,0.06666666666666667,0.6998863964298634
ep_34871,ETHQPRQKPQQNSCL,15,1793.96,-2.07,0.0,85.21,8.33,1.05,0.9997721087852675,0.4,K303R,False,,0.0,0.06666666666666667,0.0,0.06666666666666667,0.0,0.0,0.06666666666666667,0.0,0.06666666666666667,0.06666666666666667,0.0,0.06666666666666667,0.13333333333333333,0.26666666666666666,0.06666666666666667,0.06666666666666667,0.06666666666666667,0.0,0.0,0.0,0.6998860543926337
ep_16990,CFTSNQTYKLNKLSN,15,1760.96,-0.88,0.13,8.77,9.2,1.95,0.9997715574172876,0.4,S463P,False,,0.0,0.06666666666666667,0.0,0.0,0.06666666666666667,0.0,0.0,0.0,0.13333333333333333,0.13333333333333333,0.0,0.2,0.0,0.06666666666666667,0.0,0.13333333333333333,0.13333333333333333,0.0,0.0,0.06666666666666667,0.6998857787086439
ep_13585,PHNFVFDGERLVLVD,15,1756.95,0.14,0.13,8.28,4.75,-1.91,0.9997682745674638,0.4,L536H,False,,0.0,0.0,0.13333333333333333,0.06666666666666667,0.13333333333333333,0.06666666666666667,0.06666666666666667,0.0,0.0,0.13333333333333333,0.0,0.06666666666666667,0.06666666666666667,0.0,0.06666666666666667,0.0,0.0,0.2,0.0,0.0,0.6998841372837319
ep_28506,DYKGALETFNKMSRE,15,1788.97,-1.28,0.13,85.89,6.3,0.0,0.999762768119992,0.4,S463P,False,,0.06666666666666667,0.0,0.06666666666666667,0.13333333333333333,0.06666666666666667,0.06666666666666667,0.0,0.0,0.13333333333333333,0.06666666666666667,0.06666666666666667,0.06666666666666667,0.0,0.0,0.06666666666666667,0.06666666666666667,0.06666666666666667,0.0,0.0,0.06666666666666667,0.699881384059996
ep_17696,IIHCDIKPGNILLRP,15,1702.07,0.39,0.0,81.87,8.23,1.04,0.9997598732116318,0.4,Y537N,False,,0.0,0.06666666666666667,0.06666666666666667,0.0,0.0,0.06666666666666667,0.06666666666666667,0.26666666666666666,0.06666666666666667,0.13333333333333333,0.0,0.06666666666666667,0.13333333333333333,0.0,0.06666666666666667,0.0,0.0,0.0,0.0,0.0,0.6998799366058159
ep_19820,DMASVAATLKLLGDA,15,1475.71,0.79,0.0,6.24,4.21,-1.0,0.9997568607359415,0.4,E380Q,False,,0.26666666666666666,0.0,0.13333333333333333,0.0,0.0,0.06666666666666667,0.0,0.0,0.06666666666666667,0.2,0.06666666666666667,0.0,0.0,0.0,0.0,0.06666666666666667,0.06666666666666667,0.06666666666666667,0.0,0.0,0.6998784303679708
ep_52079,FDRLLAFVADVEAAR,15,1692.91,0.62,0.13,6.87,4.56,-1.0,0.999754210137513,0.4,E380Q,False,,0.26666666666666666,0.0,0.13333333333333333,0.06666666666666667,0.13333333333333333,0.0,0.0,0.0,0.0,0.13333333333333333,0.0,0.0,0.0,0.0,0.13333333333333333,0.0,0.0,0.13333333333333333,0.0,0.0,0.6998771050687564
ep_29704,PIMHVDLKPANILID,15,1689.03,0.55,0.0,81.79,5.4,-0.91,0.9997541751873368,0.4,L536H,False,,0.06666666666666667,0.0,0.13333333333333333,0.0,0.0,0.0,0.06666666666666667,0.2,0.06666666666666667,0.13333333333333333,0.06666666666666667,0.06666666666666667,0.13333333333333333,0.0,0.0,0.0,0.0,0.06666666666666667,0.0,0.0,0.6998770875936684
ep_21562,AFKFPYITNIILPSS,15,1711.01,0.7,0.2,82.79,8.63,1.0,0.9997532794826445,0.4,S463P,False,LPS,0.06666666666666667,0.0,0.0,0.0,0.13333333333333333,0.0,0.0,0.2,0.06666666666666667,0.06666666666666667,0.0,0.06666666666666667,0.13333333333333333,0.0,0.0,0.13333333333333333,0.06666666666666667,0.0,0.0,0.06666666666666667,0.6998766397413223
ep_49031,RLLVLRQLPPQDRHT,15,1842.15,-0.78,0.0,89.16,11.7,2.09,0.9997490271217927,0.4,E380Q,False,,0.0,0.0,0.06666666666666667,0.0,0.0,0.0,0.06666666666666667,0.0,0.0,0.26666666666666666,0.0,0.0,0.13333333333333333,0.13333333333333333,0.2,0.0,0.06666666666666667,0.06666666666666667,0.0,0.0,0.6998745135608964
ep_20789,RDKILKGILSALIYL,15,1716.12,0.81,0.07,6.71,9.7,2.0,0.9997475430611839,0.4,D538G,False,,0.06666666666666667,0.0,0.06666666666666667,0.0,0.0,0.06666666666666667,0.0,0.2,0.13333333333333333,0.26666666666666666,0.0,0.0,0.0,0.0,0.06666666666666667,0.06666666666666667,0.0,0.0,0.0,0.06666666666666667,0.6998737715305919
ep_5820,FPALRRIVLENPEFF,15,1848.15,0.25,0.2,90.05,6.14,0.0,0.9997473692405721,0.4,S463P,False,,0.06666666666666667,0.0,0.0,0.13333333333333333,0.2,0.0,0.0,0.06666666666666667,0.0,0.13333333333333333,0.0,0.06666666666666667,0.13333333333333333,0.0,0.13333333333333333,0.0,0.0,0.06666666666666667,0.0,0.0,0.699873684620286
ep_43159,AYFDVLLAHHHAIVA,15,1676.91,1.07,0.13,6.24,6.26,-0.73,0.9997468005337993,0.4,E380Q,False,,0.26666666666666666,0.0,0.06666666666666667,0.0,0.06666666666666667,0.0,0.2,0.06666666666666667,0.0,0.13333333333333333,0.0,0.0,0.0,0.0,0.0,0.0,0.0,0.13333333333333333,0.0,0.06666666666666667,0.6998734002668996
ep_16255,GIVHCDLKPENVLLK,15,1678.01,0.22,0.0,6.09,6.74,0.05,0.9997446388187071,0.4,S463P,False,,0.0,0.06666666666666667,0.06666666666666667,0.06666666666666667,0.0,0.06666666666666667,0.06666666666666667,0.06666666666666667,0.13333333333333333,0.2,0.0,0.06666666666666667,0.06666666666666667,0.0,0.0,0.0,0.0,0.13333333333333333,0.0,0.0,0.6998723194093536
ep_5485,RSLQRLLSTLRALSR,15,1770.09,-0.25,0.0,86.04,12.0,4.0,0.999741051279277,0.4,K303R,False,,0.06666666666666667,0.0,0.0,0.0,0.0,0.0,0.0,0.0,0.0,0.3333333333333333,0.0,0.0,0.0,0.06666666666666667,0.26666666666666666,0.2,0.06666666666666667,0.0,0.0,0.0,0.6998705256396385
ep_501,DYRHAQAVLDRLLGV,15,1725.95,-0.07,0.07,5.87,6.75,0.09,0.99973951827066,0.4,E380Q,False,,0.13333333333333333,0.0,0.13333333333333333,0.0,0.0,0.06666666666666667,0.06666666666666667,0.0,0.0,0.2,0.0,0.0,0.0,0.06666666666666667,0.13333333333333333,0.0,0.0,0.13333333333333333,0.0,0.06666666666666667,0.69986975913533
ep_54839,FAPAGATLPGQTAPS,15,1385.52,0.17,0.07,67.87,5.53,-0.0,0.9997390521100766,0.4,S463P,False,,0.26666666666666666,0.0,0.0,0.0,0.06666666666666667,0.13333333333333333,0.0,0.0,0.0,0.06666666666666667,0.0,0.0,0.2,0.06666666666666667,0.0,0.06666666666666667,0.13333333333333333,0.0,0.0,0.0,0.6998695260550383
ep_27897,TPEGEAYIRRNLPEL,15,1757.94,-0.98,0.07,86.73,4.78,-1.0,0.9997330969336187,0.4,K303R,False,,0.06666666666666667,0.0,0.0,0.2,0.0,0.06666666666666667,0.0,0.06666666666666667,0.0,0.13333333333333333,0.0,0.06666666666666667,0.13333333333333333,0.0,0.13333333333333333,0.0,0.06666666666666667,0.0,0.0,0.06666666666666667,0.6998665484668094
ep_58378,KNEMNEMMNLMTIIY,15,1875.26,-0.2,0.07,5.49,4.53,-1.0,0.9997280856652571,0.4,Y537N,False,,0.0,0.0,0.0,0.13333333333333333,0.0,0.0,0.0,0.13333333333333333,0.06666666666666667,0.06666666666666667,0.26666666666666666,0.2,0.0,0.0,0.0,0.0,0.06666666666666667,0.0,0.0,0.06666666666666667,0.6998640428326286
ep_8044,QALESLLPWLQTALQ,15,1710.97,0.31,0.07,84.79,4.05,-1.0,0.9997280056746508,0.4,E380Q,False,,0.13333333333333333,0.0,0.0,0.06666666666666667,0.0,0.0,0.0,0.0,0.0,0.3333333333333333,0.0,0.0,0.06666666666666667,0.2,0.0,0.06666666666666667,0.06666666666666667,0.0,0.06666666666666667,0.0,0.6998640028373254
ep_47032,DEDMNTPLHVAVKNG,15,1639.78,-0.76,0.0,4.57,4.54,-1.91,0.9997246391948832,0.4,E380Q,False,,0.06666666666666667,0.0,0.13333333333333333,0.06666666666666667,0.0,0.06666666666666667,0.06666666666666667,0.0,0.06666666666666667,0.06666666666666667,0.06666666666666667,0.13333333333333333,0.06666666666666667,0.0,0.0,0.0,0.06666666666666667,0.13333333333333333,0.0,0.0,0.6998623195974416
ep_34505,KKISLEKILSFLKTL,15,1761.2,0.37,0.07,5.19,10.0,3.0,0.9997246261446693,0.4,K303R,False,,0.0,0.0,0.0,0.06666666666666667,0.06666666666666667,0.0,0.0,0.13333333333333333,0.26666666666666666,0.26666666666666666,0.0,0.0,0.0,0.0,0.0,0.13333333333333333,0.06666666666666667,0.0,0.0,0.0,0.6998623130723347
ep_58937,GWLRHAASLPRPQLL,15,1715.01,-0.15,0.07,84.96,12.0,2.09,0.9997212643730604,0.4,K303R,False,,0.13333333333333333,0.0,0.0,0.0,0.0,0.06666666666666667,0.06666666666666667,0.0,0.0,0.26666666666666666,0.0,0.0,0.13333333333333333,0.06666666666666667,0.13333333333333333,0.06666666666666667,0.0,0.0,0.06666666666666667,0.0,0.6998606321865302
ep_32109,HLQLLAQLHQLQLMH,15,1823.17,0.19,0.0,90.99,7.02,0.27,0.9997200400783607,0.4,E380Q,False,,0.06666666666666667,0.0,0.0,0.0,0.0,0.0,0.2,0.0,0.0,0.4,0.06666666666666667,0.0,0.0,0.26666666666666666,0.0,0.0,0.0,0.0,0.0,0.0,0.6998600200391804
ep_22753,DCFSLLEHLHRHGII,15,1790.05,0.23,0.07,4.57,6.26,-0.77,0.9997200064730863,0.4,L536H,False,,0.0,0.06666666666666667,0.06666666666666667,0.06666666666666667,0.06666666666666667,0.06666666666666667,0.2,0.13333333333333333,0.0,0.2,0.0,0.0,0.0,0.0,0.06666666666666667,0.06666666666666667,0.0,0.0,0.0,0.0,0.6998600032365432
ep_39959,AGPGARLGLALDAAL,15,1365.58,0.89,0.0,3.67,5.88,-0.0,0.9997198779976703,0.4,L536H,False,,0.3333333333333333,0.0,0.06666666666666667,0.0,0.0,0.2,0.0,0.0,0.0,0.26666666666666666,0.0,0.0,0.06666666666666667,0.0,0.06666666666666667,0.0,0.0,0.0,0.0,0.0,0.6998599389988351
ep_29964,ACFSDLLRSVALVHS,15,1617.87,1.01,0.07,80.76,6.78,0.04,0.9997194737431754,0.4,Y537S,False,,0.13333333333333333,0.06666666666666667,0.06666666666666667,0.0,0.06666666666666667,0.0,0.06666666666666667,0.0,0.0,0.2,0.0,0.0,0.0,0.0,0.06666666666666667,0.2,0.0,0.13333333333333333,0.0,0.0,0.6998597368715878
ep_16821,CLHYLSPDQERALID,15,1772.98,-0.35,0.07,88.57,4.75,-1.95,0.9997185637951641,0.4,L536H,False,,0.06666666666666667,0.06666666666666667,0.13333333333333333,0.06666666666666667,0.0,0.0,0.06666666666666667,0.06666666666666667,0.0,0.2,0.0,0.0,0.06666666666666667,0.06666666666666667,0.06666666666666667,0.06666666666666667,0.0,0.0,0.0,0.06666666666666667,0.6998592818975821
ep_35919,FVFVYFTASLIGVFL,15,1723.06,2.3,0.33,4.31,5.52,-0.0,0.9997181379819468,0.4,S463P,False,,0.06666666666666667,0.0,0.0,0.0,0.26666666666666666,0.06666666666666667,0.0,0.06666666666666667,0.0,0.13333333333333333,0.0,0.0,0.0,0.0,0.0,0.06666666666666667,0.06666666666666667,0.2,0.0,0.06666666666666667,0.6998590689909734
ep_64652,TALGALALHAALALL,15,1418.72,1.95,0.0,3.67,6.4,0.09,0.9997175819046901,0.4,D538G,False,,0.4,0.0,0.0,0.0,0.0,0.06666666666666667,0.06666666666666667,0.0,0.0,0.4,0.0,0.0,0.0,0.0,0.0,0.0,0.06666666666666667,0.0,0.0,0.0,0.699858790952345
ep_4316,TLLGAVLALGFLVAL,15,1470.84,2.53,0.07,3.67,5.18,-0.0,0.9997162888413773,0.4,E380Q,False,,0.2,0.0,0.0,0.0,0.06666666666666667,0.13333333333333333,0.0,0.0,0.0,0.4,0.0,0.0,0.0,0.0,0.0,0.0,0.06666666666666667,0.13333333333333333,0.0,0.0,0.6998581444206886
ep_7616,TIFTLATLALMVAVG,15,1520.87,2.13,0.07,3.67,5.18,-0.0,0.9997152438482336,0.4,S463P,False,,0.2,0.0,0.0,0.0,0.06666666666666667,0.06666666666666667,0.0,0.06666666666666667,0.0,0.2,0.06666666666666667,0.0,0.0,0.0,0.0,0.0,0.2,0.13333333333333333,0.0,0.0,0.6998576219241168
ep_44760,VMHRDIKPENIMLLP,15,1806.2,-0.05,0.0,90.55,6.72,0.09,0.9997148079211229,0.4,L536H,False,,0.0,0.0,0.06666666666666667,0.06666666666666667,0.0,0.0,0.06666666666666667,0.13333333333333333,0.06666666666666667,0.13333333333333333,0.13333333333333333,0.06666666666666667,0.13333333333333333,0.0,0.06666666666666667,0.0,0.0,0.06666666666666667,0.0,0.0,0.6998574039605614
ep_3291,DEVALAGALDDLATL,15,1486.62,0.77,0.0,3.67,4.05,-4.0,0.9997139042287506,0.4,E380Q,False,,0.26666666666666666,0.0,0.2,0.06666666666666667,0.0,0.06666666666666667,0.0,0.0,0.0,0.26666666666666666,0.0,0.0,0.0,0.0,0.0,0.0,0.06666666666666667,0.06666666666666667,0.0,0.0,0.6998569521143754
ep_25515,ERVTAVLVLVAVALL,15,1565.94,2.19,0.0,3.67,6.1,-0.0,0.9997137651982836,0.4,L536H,False,,0.2,0.0,0.0,0.06666666666666667,0.0,0.0,0.0,0.0,0.0,0.26666666666666666,0.0,0.0,0.0,0.0,0.06666666666666667,0.0,0.06666666666666667,0.3333333333333333,0.0,0.0,0.6998568825991418
ep_14988,MPRQTQALLTEACAM,15,1663.98,0.09,0.0,83.55,5.75,-0.04,0.9997130204491974,0.4,E380Q,False,,0.2,0.06666666666666667,0.0,0.06666666666666667,0.0,0.0,0.0,0.0,0.0,0.13333333333333333,0.13333333333333333,0.0,0.06666666666666667,0.13333333333333333,0.06666666666666667,0.0,0.13333333333333333,0.0,0.0,0.0,0.6998565102245987
ep_40960,ASLPSDQALAMLSEC,15,1535.74,0.45,0.0,77.15,4.05,-2.04,0.9997111189605655,0.4,E380Q,False,LPS,0.2,0.06666666666666667,0.06666666666666667,0.06666666666666667,0.0,0.0,0.0,0.0,0.0,0.2,0.06666666666666667,0.0,0.06666666666666667,0.06666666666666667,0.0,0.2,0.0,0.0,0.0,0.0,0.6998555594802828
ep_35387,RTLLGAVLALGFLVA,15,1513.86,1.97,0.07,3.67,9.75,1.0,0.999710473294487,0.4,E380Q,False,,0.2,0.0,0.0,0.0,0.06666666666666667,0.13333333333333333,0.0,0.0,0.0,0.3333333333333333,0.0,0.0,0.0,0.0,0.06666666666666667,0.0,0.06666666666666667,0.13333333333333333,0.0,0.0,0.6998552366472435
ep_49,AWFLLVTAIGRLMLE,15,1733.12,1.48,0.13,3.67,6.26,-0.0,0.9997093964124253,0.4,S463P,False,,0.13333333333333333,0.0,0.0,0.06666666666666667,0.06666666666666667,0.06666666666666667,0.0,0.06666666666666667,0.0,0.26666666666666666,0.06666666666666667,0.0,0.0,0.0,0.06666666666666667,0.0,0.06666666666666667,0.06666666666666667,0.06666666666666667,0.0,0.6998546982062126
ep_28886,RVLLLLAAFALVTVA,15,1569.97,2.43,0.07,3.67,9.75,1.0,0.9997091988030072,0.4,L536H,False,,0.26666666666666666,0.0,0.0,0.0,0.06666666666666667,0.0,0.0,0.0,0.0,0.3333333333333333,0.0,0.0,0.0,0.0,0.06666666666666667,0.0,0.06666666666666667,0.2,0.0,0.0,0.6998545994015036
ep_31585,PIAHRDIKPQNVLVK,15,1728.05,-0.41,0.0,3.91,10.01,2.09,0.9997089751599287,0.4,K303R,False,,0.06666666666666667,0.0,0.06666666666666667,0.0,0.0,0.0,0.06666666666666667,0.13333333333333333,0.13333333333333333,0.06666666666666667,0.0,0.06666666666666667,0.13333333333333333,0.06666666666666667,0.06666666666666667,0.0,0.0,0.13333333333333333,0.0,0.0,0.6998544875799644
ep_11461,VGRLLAAFLLVQLLL,15,1639.08,2.2,0.07,3.67,9.72,1.0,0.9997081617168604,0.4,Y537S,False,,0.13333333333333333,0.0,0.0,0.0,0.06666666666666667,0.06666666666666667,0.0,0.0,0.0,0.4666666666666667,0.0,0.0,0.0,0.06666666666666667,0.06666666666666667,0.0,0.0,0.13333333333333333,0.0,0.0,0.6998540808584301
ep_47782,IRVLLAWFLLVTAIG,15,1685.1,2.17,0.13,3.67,9.75,1.0,0.9997072277402996,0.4,L536H,False,,0.13333333333333333,0.0,0.0,0.0,0.06666666666666667,0.06666666666666667,0.0,0.13333333333333333,0.0,0.26666666666666666,0.0,0.0,0.0,0.0,0.06666666666666667,0.0,0.06666666666666667,0.13333333333333333,0.06666666666666667,0.0,0.6998536138701499
ep_24821,FPWTLVALAWGLFTL,15,1735.07,1.56,0.27,3.32,5.53,-0.0,0.9997044242872187,0.4,E380Q,False,,0.13333333333333333,0.0,0.0,0.0,0.13333333333333333,0.06666666666666667,0.0,0.0,0.0,0.26666666666666666,0.0,0.0,0.06666666666666667,0.0,0.0,0.0,0.13333333333333333,0.06666666666666667,0.13333333333333333,0.0,0.6998522121436094
ep_58142,RMVGRLLAAFLLVQL,15,1700.14,1.52,0.07,3.67,12.0,2.0,0.9997025606434087,0.4,Y537S,False,,0.13333333333333333,0.0,0.0,0.0,0.06666666666666667,0.06666666666666667,0.0,0.0,0.0,0.3333333333333333,0.06666666666666667,0.0,0.0,0.06666666666666667,0.13333333333333333,0.0,0.0,0.13333333333333333,0.0,0.0,0.6998512803217043
ep_64029,QWALMVWLVLLVCVV,15,1772.27,2.47,0.13,2.51,5.52,-0.05,0.9996917487438247,0.4,E380Q,False,,0.06666666666666667,0.06666666666666667,0.0,0.0,0.0,0.0,0.0,0.0,0.0,0.26666666666666666,0.06666666666666667,0.0,0.0,0.06666666666666667,0.0,0.0,0.0,0.3333333333333333,0.13333333333333333,0.0,0.6998458743719124
ep_18448,SLEPLHNYLMSIHNN,15,1781.99,-0.47,0.07,91.27,5.93,-0.82,0.9996884353656261,0.4,K303R,False,,0.0,0.0,0.0,0.06666666666666667,0.0,0.0,0.13333333333333333,0.06666666666666667,0.0,0.2,0.06666666666666667,0.2,0.06666666666666667,0.0,0.0,0.13333333333333333,0.0,0.0,0.0,0.06666666666666667,0.699844217682813
ep_23888,WLAVLAVTALAWALL,15,1610.98,2.26,0.13,1.88,5.53,-0.0,0.9996853258842716,0.4,E380Q,False,,0.3333333333333333,0.0,0.0,0.0,0.0,0.0,0.0,0.0,0.0,0.3333333333333333,0.0,0.0,0.0,0.0,0.0,0.0,0.06666666666666667,0.13333333333333333,0.13333333333333333,0.0,0.6998426629421358
ep_44302,RYINFPYLKTLDLSG,15,1800.06,-0.19,0.2,1.47,8.5,1.0,0.9996760988409068,0.4,S463P,False,,0.0,0.0,0.06666666666666667,0.0,0.06666666666666667,0.06666666666666667,0.0,0.06666666666666667,0.06666666666666667,0.2,0.0,0.06666666666666667,0.06666666666666667,0.0,0.06666666666666667,0.06666666666666667,0.06666666666666667,0.0,0.0,0.13333333333333333,0.6998380494204535
ep_4424,SFSLTRSEPDLTCRS,15,1698.85,-0.62,0.07,88.57,5.79,-0.04,0.9996651065912956,0.4,K303R,False,,0.0,0.06666666666666667,0.06666666666666667,0.06666666666666667,0.06666666666666667,0.0,0.0,0.0,0.0,0.13333333333333333,0.0,0.0,0.06666666666666667,0.0,0.13333333333333333,0.26666666666666666,0.13333333333333333,0.0,0.0,0.0,0.6998325532956478
ep_63843,SMNECLKTMDRVLQS,15,1755.05,-0.44,0.0,91.81,5.79,-0.04,0.9996606144209718,0.4,E380Q,False,,0.0,0.06666666666666667,0.06666666666666667,0.06666666666666667,0.0,0.0,0.0,0.0,0.06666666666666667,0.13333333333333333,0.13333333333333333,0.06666666666666667,0.0,0.06666666666666667,0.06666666666666667,0.13333333333333333,0.06666666666666667,0.06666666666666667,0.0,0.0,0.6998303072104859
ep_26721,ITKEELLEAKHEIEE,15,1811.0,-0.95,0.0,94.93,4.61,-3.9,0.9996555911525724,0.4,S463P,False,,0.06666666666666667,0.0,0.0,0.4,0.0,0.0,0.06666666666666667,0.13333333333333333,0.13333333333333333,0.13333333333333333,0.0,0.0,0.0,0.0,0.0,0.0,0.06666666666666667,0.0,0.0,0.0,0.6998277955762862
ep_60846,VQRILPLLRTALRAC,15,1723.14,0.71,0.0,89.99,11.7,2.95,0.9996552189401714,0.4,L536H,False,,0.13333333333333333,0.06666666666666667,0.0,0.0,0.0,0.0,0.0,0.06666666666666667,0.0,0.26666666666666666,0.0,0.0,0.06666666666666667,0.06666666666666667,0.2,0.0,0.06666666666666667,0.06666666666666667,0.0,0.0,0.6998276094700857
ep_6787,LLLHPAPLLPHRSLP,15,1674.04,0.43,0.0,88.07,9.76,1.18,0.999649469674443,0.4,K303R,False,,0.06666666666666667,0.0,0.0,0.0,0.0,0.0,0.13333333333333333,0.0,0.0,0.4,0.0,0.0,0.26666666666666666,0.0,0.06666666666666667,0.06666666666666667,0.0,0.0,0.0,0.0,0.6998247348372215
ep_2938,KIVHRDIKPENVLLS,15,1761.07,-0.23,0.0,-1.09,8.6,1.09,0.9996383590609357,0.4,Y537N,False,,0.0,0.0,0.06666666666666667,0.06666666666666667,0.0,0.0,0.06666666666666667,0.13333333333333333,0.13333333333333333,0.13333333333333333,0.0,0.06666666666666667,0.06666666666666667,0.0,0.06666666666666667,0.06666666666666667,0.0,0.13333333333333333,0.0,0.0,0.6998191795304678
ep_51478,TQLLEVVQALVRCGY,15,1691.99,0.73,0.07,-1.35,5.66,-0.05,0.9996350831776584,0.4,E380Q,False,,0.06666666666666667,0.06666666666666667,0.0,0.06666666666666667,0.0,0.06666666666666667,0.0,0.0,0.0,0.2,0.0,0.0,0.0,0.13333333333333333,0.06666666666666667,0.0,0.06666666666666667,0.2,0.0,0.06666666666666667,0.6998175415888293
ep_52597,GTITKDDFIQAAYSL,15,1642.8,0.06,0.13,-1.35,4.21,-1.0,0.9996339897389852,0.4,S463P,False,,0.13333333333333333,0.0,0.13333333333333333,0.0,0.06666666666666667,0.06666666666666667,0.0,0.13333333333333333,0.06666666666666667,0.06666666666666667,0.0,0.0,0.0,0.06666666666666667,0.0,0.06666666666666667,0.13333333333333333,0.0,0.0,0.06666666666666667,0.6998169948694926
ep_44801,TCVHVAASIAEALKY,15,1575.83,0.87,0.07,-1.35,6.41,0.04,0.9996328353767293,0.4,Y537S,False,,0.26666666666666666,0.06666666666666667,0.0,0.06666666666666667,0.0,0.0,0.06666666666666667,0.06666666666666667,0.06666666666666667,0.06666666666666667,0.0,0.0,0.0,0.0,0.0,0.06666666666666667,0.06666666666666667,0.13333333333333333,0.0,0.06666666666666667,0.6998164176883647
ep_20736,RSVLLVEDHTEVRRL,15,1822.07,-0.31,0.0,97.47,6.76,0.09,0.9996290983099871,0.4,L536H,False,,0.0,0.0,0.06666666666666667,0.13333333333333333,0.0,0.0,0.06666666666666667,0.0,0.0,0.2,0.0,0.0,0.0,0.0,0.2,0.06666666666666667,0.06666666666666667,0.2,0.0,0.0,0.6998145491549936
ep_53296,DLELLKAVVEASGAK,15,1542.77,0.38,0.0,-1.99,4.68,-1.0,0.99962104793084,0.4,L536H,False,,0.2,0.0,0.06666666666666667,0.13333333333333333,0.0,0.06666666666666667,0.0,0.0,0.13333333333333333,0.2,0.0,0.0,0.0,0.0,0.0,0.06666666666666667,0.0,0.13333333333333333,0.0,0.0,0.69981052396542
ep_2859,LLLVGVGLYLVALVS,15,1528.92,2.57,0.07,-1.99,5.52,-0.0,0.999619615624181,0.4,E380Q,False,,0.06666666666666667,0.0,0.0,0.0,0.0,0.13333333333333333,0.0,0.0,0.0,0.4,0.0,0.0,0.0,0.0,0.0,0.06666666666666667,0.0,0.26666666666666666,0.0,0.06666666666666667,0.6998098078120905
ep_17311,YLKTLNPKILKKIIN,15,1799.25,-0.09,0.07,-2.39,10.18,4.0,0.9996148129156264,0.4,S463P,False,,0.0,0.0,0.0,0.0,0.0,0.0,0.0,0.2,0.26666666666666666,0.2,0.0,0.13333333333333333,0.06666666666666667,0.0,0.0,0.0,0.06666666666666667,0.0,0.0,0.06666666666666667,0.6998074064578133
ep_18512,GGGAVTVTGEVEVAA,15,1316.41,0.81,0.0,-1.88,4.05,-2.0,0.9996132458135861,0.4,S463P,False,,0.2,0.0,0.0,0.13333333333333333,0.0,0.26666666666666666,0.0,0.0,0.0,0.0,0.0,0.0,0.0,0.0,0.0,0.0,0.13333333333333333,0.26666666666666666,0.0,0.0,0.6998066229067931
ep_8922,MSTAPPRKQHHHSRN,15,1783.97,-2.09,0.0,96.11,12.0,3.27,0.9996101236955258,0.4,K303R,False,,0.06666666666666667,0.0,0.0,0.0,0.0,0.0,0.2,0.0,0.06666666666666667,0.0,0.06666666666666667,0.06666666666666667,0.13333333333333333,0.06666666666666667,0.13333333333333333,0.13333333333333333,0.06666666666666667,0.0,0.0,0.0,0.6998050618477629
ep_24748,KILERTLPWVDTHAD,15,1794.02,-0.53,0.07,-3.93,5.49,-0.91,0.9995963385483011,0.4,E380Q,False,,0.06666666666666667,0.0,0.13333333333333333,0.06666666666666667,0.0,0.0,0.06666666666666667,0.06666666666666667,0.06666666666666667,0.13333333333333333,0.0,0.0,0.06666666666666667,0.0,0.06666666666666667,0.0,0.13333333333333333,0.06666666666666667,0.06666666666666667,0.0,0.6997981692741506
ep_40387,FLAALVGASLATWLL,15,1545.86,2.03,0.13,-3.78,5.53,-0.0,0.9995880889863641,0.4,E380Q,False,,0.26666666666666666,0.0,0.0,0.0,0.06666666666666667,0.06666666666666667,0.0,0.0,0.0,0.3333333333333333,0.0,0.0,0.0,0.0,0.0,0.06666666666666667,0.06666666666666667,0.06666666666666667,0.06666666666666667,0.0,0.699794044493182
ep_789,DLRMAKDALSEACKR,15,1706.99,-0.71,0.0,94.27,8.2,0.96,0.9995792868468296,0.4,K303R,False,,0.2,0.06666666666666667,0.13333333333333333,0.06666666666666667,0.0,0.0,0.0,0.0,0.13333333333333333,0.13333333333333333,0.06666666666666667,0.0,0.0,0.0,0.13333333333333333,0.06666666666666667,0.0,0.0,0.0,0.0,0.6997896434234148
ep_32044,ALRALLRRLQRAYHE,15,1866.18,-0.59,0.07,103.16,11.54,3.09,0.9995731992671804,0.4,E380Q,False,,0.2,0.0,0.0,0.06666666666666667,0.0,0.0,0.06666666666666667,0.0,0.0,0.26666666666666666,0.0,0.0,0.0,0.06666666666666667,0.26666666666666666,0.0,0.0,0.0,0.0,0.06666666666666667,0.6997865996335901
ep_8089,IRLTWRYLLGMLVAL,15,1818.28,1.27,0.13,-5.71,10.84,2.0,0.9995646658477212,0.4,E380Q,False,,0.06666666666666667,0.0,0.0,0.0,0.0,0.06666666666666667,0.0,0.06666666666666667,0.0,0.3333333333333333,0.06666666666666667,0.0,0.0,0.0,0.13333333333333333,0.0,0.06666666666666667,0.06666666666666667,0.06666666666666667,0.06666666666666667,0.6997823329238606
ep_55429,IHCDIKPGNILLRPP,15,1686.03,-0.01,0.0,94.71,8.23,1.04,0.9995514970461706,0.4,Y537N,False,,0.0,0.06666666666666667,0.06666666666666667,0.0,0.0,0.06666666666666667,0.06666666666666667,0.2,0.06666666666666667,0.13333333333333333,0.0,0.06666666666666667,0.2,0.0,0.06666666666666667,0.0,0.0,0.0,0.0,0.0,0.6997757485230853
ep_47036,MSPQKILLLLKQVAA,15,1653.08,0.81,0.0,93.01,10.0,2.0,0.9995455773094908,0.4,E380Q,False,,0.13333333333333333,0.0,0.0,0.0,0.0,0.0,0.0,0.06666666666666667,0.13333333333333333,0.26666666666666666,0.06666666666666667,0.0,0.06666666666666667,0.13333333333333333,0.0,0.06666666666666667,0.0,0.06666666666666667,0.0,0.0,0.6997727886547453
ep_57824,SHNITHRDIKPSNIL,15,1744.95,-0.79,0.0,98.7,8.51,1.18,0.9995395756402005,0.4,K303R,False,,0.0,0.0,0.06666666666666667,0.0,0.0,0.0,0.13333333333333333,0.2,0.06666666666666667,0.06666666666666667,0.0,0.13333333333333333,0.06666666666666667,0.0,0.06666666666666667,0.13333333333333333,0.06666666666666667,0.0,0.0,0.0,0.6997697878201002
ep_47870,IWTLAVGVALVLASL,15,1525.87,2.33,0.07,-6.35,5.53,-0.0,0.9995370356467973,0.4,E380Q,False,,0.2,0.0,0.0,0.0,0.0,0.06666666666666667,0.0,0.06666666666666667,0.0,0.26666666666666666,0.0,0.0,0.0,0.0,0.0,0.06666666666666667,0.06666666666666667,0.2,0.06666666666666667,0.0,0.6997685178233987
ep_51378,RYLLLVGVGLYLVAL,15,1662.07,1.95,0.13,-7.01,8.59,1.0,0.9995344342492205,0.4,E380Q,False,,0.06666666666666667,0.0,0.0,0.0,0.0,0.13333333333333333,0.0,0.0,0.0,0.4,0.0,0.0,0.0,0.0,0.06666666666666667,0.0,0.0,0.2,0.0,0.13333333333333333,0.6997672171246103
ep_29853,TPPIMHVDLKPANIL,15,1659.0,0.33,0.0,94.63,6.41,0.09,0.9995266373627628,0.4,K303R,False,,0.06666666666666667,0.0,0.06666666666666667,0.0,0.0,0.0,0.06666666666666667,0.13333333333333333,0.06666666666666667,0.13333333333333333,0.06666666666666667,0.06666666666666667,0.2,0.0,0.0,0.0,0.06666666666666667,0.06666666666666667,0.0,0.0,0.6997633186813814
ep_22522,IIHGDLKPGNLVMMD,15,1652.98,0.31,0.0,-7.62,5.39,-0.91,0.9995248187902083,0.4,L536H,False,,0.0,0.0,0.13333333333333333,0.0,0.0,0.13333333333333333,0.06666666666666667,0.13333333333333333,0.06666666666666667,0.13333333333333333,0.13333333333333333,0.06666666666666667,0.06666666666666667,0.0,0.0,0.0,0.0,0.06666666666666667,0.0,0.0,0.6997624093951041
ep_39497,THKRHHSAPLLLPPL,15,1717.03,-0.49,0.0,98.21,11.0,2.27,0.9995160607459816,0.4,Y537S,False,,0.06666666666666667,0.0,0.0,0.0,0.0,0.0,0.2,0.0,0.06666666666666667,0.26666666666666666,0.0,0.0,0.2,0.0,0.06666666666666667,0.06666666666666667,0.06666666666666667,0.0,0.0,0.0,0.6997580303729909
ep_30742,ASLPPITSLPPSLLP,15,1502.79,0.69,0.0,86.37,5.57,-0.0,0.999512512092451,0.4,K303R,False,,0.06666666666666667,0.0,0.0,0.0,0.0,0.0,0.0,0.06666666666666667,0.0,0.26666666666666666,0.0,0.0,0.3333333333333333,0.0,0.0,0.2,0.06666666666666667,0.0,0.0,0.0,0.6997562560462255
ep_23711,PWTLVALAWGLFTLS,15,1674.98,1.32,0.2,-9.52,5.95,-0.0,0.9994910147861293,0.4,E380Q,False,,0.13333333333333333,0.0,0.0,0.0,0.06666666666666667,0.06666666666666667,0.0,0.0,0.0,0.26666666666666666,0.0,0.0,0.06666666666666667,0.0,0.0,0.06666666666666667,0.13333333333333333,0.06666666666666667,0.13333333333333333,0.0,0.6997455073930647
ep_13517,QQSRCRLPSSVLEFL,15,1763.03,-0.17,0.07,102.83,8.25,0.96,0.9994854164910865,0.4,S463P,False,LPS,0.0,0.06666666666666667,0.0,0.06666666666666667,0.06666666666666667,0.0,0.0,0.0,0.0,0.2,0.0,0.0,0.06666666666666667,0.13333333333333333,0.13333333333333333,0.2,0.0,0.06666666666666667,0.0,0.0,0.6997427082455432
ep_26719,WDVLKCIDFCRENGL,15,1811.09,0.03,0.13,-11.37,4.56,-1.09,0.9994716531235677,0.4,K303R,False,,0.0,0.13333333333333333,0.13333333333333333,0.06666666666666667,0.06666666666666667,0.06666666666666667,0.0,0.06666666666666667,0.06666666666666667,0.13333333333333333,0.0,0.06666666666666667,0.0,0.0,0.06666666666666667,0.0,0.0,0.06666666666666667,0.06666666666666667,0.0,0.6997358265617839
ep_50689,RYLLGMLVALAIVDL,15,1660.07,1.85,0.07,-11.37,5.84,-0.0,0.9994529170940907,0.4,L536H,False,,0.13333333333333333,0.0,0.06666666666666667,0.0,0.0,0.06666666666666667,0.0,0.06666666666666667,0.0,0.3333333333333333,0.06666666666666667,0.0,0.0,0.0,0.06666666666666667,0.0,0.0,0.13333333333333333,0.0,0.06666666666666667,0.6997264585470453
ep_48879,SLTRSEPDLTCRSET,15,1694.82,-1.03,0.0,101.41,4.68,-1.04,0.9994367311976865,0.4,K303R,False,,0.0,0.06666666666666667,0.06666666666666667,0.13333333333333333,0.0,0.0,0.0,0.0,0.0,0.13333333333333333,0.0,0.0,0.06666666666666667,0.0,0.13333333333333333,0.2,0.2,0.0,0.0,0.0,0.6997183655988433
ep_34654,NGMLITGPPGTGKTL,15,1456.71,-0.02,0.0,-10.49,8.75,1.0,0.9994363823744183,0.4,S463P,False,,0.0,0.0,0.0,0.0,0.0,0.26666666666666666,0.0,0.06666666666666667,0.06666666666666667,0.13333333333333333,0.06666666666666667,0.06666666666666667,0.13333333333333333,0.0,0.0,0.0,0.2,0.0,0.0,0.0,0.6997181911872092
ep_41942,DELSPQERRLAFDHM,15,1844.01,-1.2,0.07,110.72,4.75,-1.91,0.9994292745668198,0.4,L536H,False,,0.06666666666666667,0.0,0.13333333333333333,0.13333333333333333,0.06666666666666667,0.0,0.06666666666666667,0.0,0.0,0.13333333333333333,0.06666666666666667,0.0,0.06666666666666667,0.06666666666666667,0.13333333333333333,0.06666666666666667,0.0,0.0,0.0,0.0,0.69971463728341
ep_18058,TKPLLLKTKKLVIKC,15,1726.26,0.26,0.0,-12.67,10.2,4.95,0.9994288602919497,0.4,Y537S,False,,0.0,0.06666666666666667,0.0,0.0,0.0,0.0,0.0,0.06666666666666667,0.3333333333333333,0.26666666666666666,0.0,0.0,0.06666666666666667,0.0,0.0,0.0,0.13333333333333333,0.06666666666666667,0.0,0.0,0.6997144301459748
ep_46768,GGAVTVTGEVEVAAG,15,1316.41,0.81,0.0,-10.11,4.05,-2.0,0.9994209351022236,0.4,S463P,False,,0.2,0.0,0.0,0.13333333333333333,0.0,0.26666666666666666,0.0,0.0,0.0,0.0,0.0,0.0,0.0,0.0,0.0,0.0,0.13333333333333333,0.26666666666666666,0.0,0.0,0.6997104675511119
ep_64385,VHRDLKPGNVLVSAD,15,1619.82,-0.19,0.0,-12.67,6.73,0.09,0.9994201969612445,0.4,L536H,False,,0.06666666666666667,0.0,0.13333333333333333,0.0,0.0,0.06666666666666667,0.06666666666666667,0.0,0.06666666666666667,0.13333333333333333,0.0,0.06666666666666667,0.06666666666666667,0.0,0.06666666666666667,0.06666666666666667,0.0,0.2,0.0,0.0,0.6997100984806223
ep_60617,LLGALQELRHHLRSL,15,1756.06,0.07,0.0,106.06,9.61,1.18,0.9994157736550295,0.4,E380Q,False,,0.06666666666666667,0.0,0.0,0.06666666666666667,0.0,0.06666666666666667,0.13333333333333333,0.0,0.0,0.4,0.0,0.0,0.0,0.06666666666666667,0.13333333333333333,0.06666666666666667,0.0,0.0,0.0,0.0,0.6997078868275148
ep_52109,HDVYDALQQACVPQH,15,1723.86,-0.57,0.07,104.61,5.05,-1.86,0.9994080812743993,0.4,E380Q,False,,0.13333333333333333,0.06666666666666667,0.13333333333333333,0.0,0.0,0.0,0.13333333333333333,0.0,0.0,0.06666666666666667,0.0,0.0,0.06666666666666667,0.2,0.0,0.0,0.0,0.13333333333333333,0.0,0.06666666666666667,0.6997040406371997
ep_46575,HRLDKGTTGLLCIAK,15,1625.93,-0.07,0.0,-13.31,9.31,2.04,0.9994041775680295,0.4,E380Q,False,,0.06666666666666667,0.06666666666666667,0.06666666666666667,0.0,0.0,0.13333333333333333,0.06666666666666667,0.06666666666666667,0.13333333333333333,0.2,0.0,0.0,0.0,0.0,0.06666666666666667,0.0,0.13333333333333333,0.0,0.0,0.0,0.6997020887840147
ep_9495,VSPALVQSFVDTMHS,15,1617.82,0.53,0.07,98.91,5.08,-0.91,0.9993927211441939,0.4,Y537S,False,,0.06666666666666667,0.0,0.06666666666666667,0.0,0.06666666666666667,0.0,0.06666666666666667,0.0,0.0,0.06666666666666667,0.06666666666666667,0.0,0.06666666666666667,0.06666666666666667,0.0,0.2,0.06666666666666667,0.2,0.0,0.0,0.6996963605720969
ep_33304,RSLASSLSTHISSLG,15,1515.67,0.27,0.0,93.6,9.76,1.09,0.9993654336008702,0.4,K303R,False,,0.06666666666666667,0.0,0.0,0.0,0.0,0.06666666666666667,0.06666666666666667,0.06666666666666667,0.0,0.2,0.0,0.0,0.0,0.0,0.06666666666666667,0.4,0.06666666666666667,0.0,0.0,0.0,0.6996827168004351
ep_54792,PSPNSFPTPPTLPER,15,1636.8,-1.17,0.07,101.57,6.43,-0.0,0.9993599790133397,0.4,K303R,False,,0.0,0.0,0.0,0.06666666666666667,0.06666666666666667,0.0,0.0,0.0,0.0,0.06666666666666667,0.0,0.06666666666666667,0.4,0.0,0.06666666666666667,0.13333333333333333,0.13333333333333333,0.0,0.0,0.0,0.6996799895066699
ep_38997,VADALAYLHTRGIVH,15,1635.86,0.61,0.07,-18.33,6.89,0.18,0.9992993948647626,0.4,E380Q,False,,0.2,0.0,0.06666666666666667,0.0,0.0,0.06666666666666667,0.13333333333333333,0.06666666666666667,0.0,0.13333333333333333,0.0,0.0,0.0,0.0,0.06666666666666667,0.0,0.06666666666666667,0.13333333333333333,0.0,0.06666666666666667,0.6996496974323814
ep_5631,ARRSLQRLLSTLRAL,15,1754.09,-0.08,0.0,111.39,12.0,4.0,0.9992988171391199,0.4,K303R,False,,0.13333333333333333,0.0,0.0,0.0,0.0,0.0,0.0,0.0,0.0,0.3333333333333333,0.0,0.0,0.0,0.06666666666666667,0.26666666666666666,0.13333333333333333,0.06666666666666667,0.0,0.0,0.0,0.6996494085695599
ep_61739,RCPSPNSFPTPPTLP,15,1610.83,-0.77,0.07,102.83,8.25,0.95,0.9992933374598362,0.4,K303R,False,,0.0,0.06666666666666667,0.0,0.0,0.06666666666666667,0.0,0.0,0.0,0.0,0.06666666666666667,0.0,0.06666666666666667,0.4,0.0,0.06666666666666667,0.13333333333333333,0.13333333333333333,0.0,0.0,0.0,0.6996466687299181
ep_15844,SRCPSPNSFPTPPTL,15,1600.79,-0.71,0.07,102.83,7.96,0.95,0.9992785274610588,0.4,K303R,False,,0.0,0.06666666666666667,0.0,0.0,0.06666666666666667,0.0,0.0,0.0,0.0,0.06666666666666667,0.0,0.06666666666666667,0.3333333333333333,0.0,0.06666666666666667,0.2,0.13333333333333333,0.0,0.0,0.0,0.6996392637305294
ep_42192,IIVVGRYTLVADVAA,15,1559.85,1.64,0.07,-18.33,5.84,-0.0,0.9992784667128793,0.4,L536H,False,,0.2,0.0,0.06666666666666667,0.0,0.0,0.06666666666666667,0.0,0.13333333333333333,0.0,0.06666666666666667,0.0,0.0,0.0,0.0,0.06666666666666667,0.0,0.06666666666666667,0.26666666666666666,0.0,0.06666666666666667,0.6996392333564396
ep_50758,RHIIHCDLKPQNILL,15,1813.17,0.03,0.0,116.82,8.24,1.14,0.9992722299252074,0.4,Y537N,False,,0.0,0.06666666666666667,0.06666666666666667,0.0,0.0,0.0,0.13333333333333333,0.2,0.06666666666666667,0.2,0.0,0.06666666666666667,0.06666666666666667,0.06666666666666667,0.06666666666666667,0.0,0.0,0.0,0.0,0.0,0.6996361149626037
ep_46659,QPALLQHLRSVMASL,15,1663.98,0.47,0.0,107.11,9.76,1.09,0.9992720883708135,0.4,K303R,False,,0.13333333333333333,0.0,0.0,0.0,0.0,0.0,0.06666666666666667,0.0,0.0,0.26666666666666666,0.06666666666666667,0.0,0.06666666666666667,0.13333333333333333,0.06666666666666667,0.13333333333333333,0.0,0.06666666666666667,0.0,0.0,0.6996360441854068
ep_55810,TWVGAAGLLLLALAL,15,1481.82,2.12,0.07,-17.67,5.18,-0.0,0.9992709236295064,0.4,L536H,False,,0.26666666666666666,0.0,0.0,0.0,0.0,0.13333333333333333,0.0,0.0,0.0,0.4,0.0,0.0,0.0,0.0,0.0,0.0,0.06666666666666667,0.06666666666666667,0.06666666666666667,0.0,0.6996354618147532
ep_2365,LLGYLMSRCIEMHAS,15,1724.08,0.63,0.07,113.29,6.74,0.05,0.9992237717413776,0.4,L536H,False,,0.06666666666666667,0.06666666666666667,0.0,0.06666666666666667,0.0,0.06666666666666667,0.06666666666666667,0.06666666666666667,0.0,0.2,0.13333333333333333,0.0,0.0,0.0,0.06666666666666667,0.13333333333333333,0.0,0.0,0.0,0.06666666666666667,0.6996118858706888
ep_20753,TRRSHISHFILRLAY,15,1870.16,-0.15,0.13,124.87,11.71,3.18,0.9991755090655657,0.4,E380Q,False,,0.06666666666666667,0.0,0.0,0.0,0.06666666666666667,0.0,0.13333333333333333,0.13333333333333333,0.0,0.13333333333333333,0.0,0.0,0.0,0.0,0.2,0.13333333333333333,0.06666666666666667,0.0,0.0,0.06666666666666667,0.6995877545327829
ep_2847,SLQSNNKRAMYLAAL,15,1679.94,-0.21,0.07,113.67,9.99,2.0,0.999141043397617,0.4,K303R,False,,0.2,0.0,0.0,0.0,0.0,0.0,0.0,0.0,0.06666666666666667,0.2,0.06666666666666667,0.13333333333333333,0.0,0.06666666666666667,0.06666666666666667,0.13333333333333333,0.0,0.0,0.0,0.06666666666666667,0.6995705216988085
ep_36100,HSTEDILLEYDNIIE,15,1803.92,-0.39,0.07,122.23,4.05,-4.91,0.9991379005945902,0.4,S463P,False,,0.0,0.0,0.13333333333333333,0.2,0.0,0.0,0.06666666666666667,0.2,0.0,0.13333333333333333,0.0,0.06666666666666667,0.0,0.0,0.0,0.06666666666666667,0.06666666666666667,0.0,0.0,0.06666666666666667,0.699568950297295
ep_40896,SLGVSNQYGTQNFQL,15,1655.76,-0.49,0.13,-27.09,5.24,-0.0,0.9990935566194469,0.4,S463P,False,,0.0,0.0,0.0,0.0,0.06666666666666667,0.13333333333333333,0.0,0.0,0.0,0.13333333333333333,0.0,0.13333333333333333,0.0,0.2,0.0,0.13333333333333333,0.06666666666666667,0.06666666666666667,0.0,0.06666666666666667,0.6995467783097234
ep_1891,TYPPTPLHSPPPPPL,15,1610.85,-0.79,0.07,111.05,6.4,0.09,0.9990914836983801,0.4,S463P,False,,0.0,0.0,0.0,0.0,0.0,0.0,0.06666666666666667,0.0,0.0,0.13333333333333333,0.0,0.0,0.5333333333333333,0.0,0.0,0.06666666666666667,0.13333333333333333,0.0,0.0,0.06666666666666667,0.69954574184919
ep_45776,AAALPQPPLPRPRRL,15,1652.98,-0.55,0.0,114.51,12.0,3.0,0.9990679812976188,0.4,K303R,False,,0.2,0.0,0.0,0.0,0.0,0.0,0.0,0.0,0.0,0.2,0.0,0.0,0.3333333333333333,0.06666666666666667,0.2,0.0,0.0,0.0,0.0,0.0,0.6995339906488094
ep_24550,RTVLLPLLRSPAPDP,15,1644.96,0.05,0.0,114.25,9.6,1.0,0.9990667188526995,0.4,L536H,False,,0.06666666666666667,0.0,0.06666666666666667,0.0,0.0,0.0,0.0,0.0,0.0,0.26666666666666666,0.0,0.0,0.26666666666666666,0.0,0.13333333333333333,0.06666666666666667,0.06666666666666667,0.06666666666666667,0.0,0.0,0.6995333594263498
ep_60240,AMPDGGTLVLTARRR,15,1613.88,-0.23,0.0,112.54,11.7,2.0,0.9990494038472238,0.4,E380Q,False,,0.13333333333333333,0.0,0.06666666666666667,0.0,0.0,0.13333333333333333,0.0,0.0,0.0,0.13333333333333333,0.06666666666666667,0.0,0.06666666666666667,0.0,0.2,0.0,0.13333333333333333,0.06666666666666667,0.0,0.0,0.6995247019236119
ep_44956,YLMPACIPVLLILLP,15,1669.19,2.15,0.07,117.36,5.52,-0.05,0.9990325414258628,0.4,Y537S,False,,0.06666666666666667,0.06666666666666667,0.0,0.0,0.0,0.0,0.0,0.13333333333333333,0.0,0.3333333333333333,0.06666666666666667,0.0,0.2,0.0,0.0,0.0,0.0,0.06666666666666667,0.0,0.06666666666666667,0.6995162707129314
ep_56392,RLQQSRCRLPSSVLE,15,1772.04,-0.66,0.0,124.56,10.26,1.96,0.9990299064247622,0.4,S463P,False,LPS,0.0,0.06666666666666667,0.0,0.06666666666666667,0.0,0.0,0.0,0.0,0.0,0.2,0.0,0.0,0.06666666666666667,0.13333333333333333,0.2,0.2,0.0,0.06666666666666667,0.0,0.0,0.6995149532123811
ep_54813,CPSPNSFPTPPTLPE,15,1583.76,-0.7,0.07,114.41,4.6,-1.04,0.9989461829234836,0.4,K303R,False,,0.0,0.06666666666666667,0.0,0.06666666666666667,0.06666666666666667,0.0,0.0,0.0,0.0,0.06666666666666667,0.0,0.06666666666666667,0.4,0.0,0.0,0.13333333333333333,0.13333333333333333,0.0,0.0,0.0,0.6994730914617417
ep_47411,ALPQPPLPRPRRLSR,15,1754.09,-1.14,0.0,127.35,12.0,4.0,0.9989206883312414,0.4,K303R,False,,0.06666666666666667,0.0,0.0,0.0,0.0,0.0,0.0,0.0,0.0,0.2,0.0,0.0,0.3333333333333333,0.06666666666666667,0.26666666666666666,0.06666666666666667,0.0,0.0,0.0,0.0,0.6994603441656206
ep_52948,TRSEPDLTCRSETQS,15,1709.79,-1.52,0.0,125.68,4.68,-1.04,0.9988874398453602,0.4,K303R,False,,0.0,0.06666666666666667,0.06666666666666667,0.13333333333333333,0.0,0.0,0.0,0.0,0.0,0.06666666666666667,0.0,0.0,0.06666666666666667,0.06666666666666667,0.13333333333333333,0.2,0.2,0.0,0.0,0.0,0.6994437199226802
ep_53390,LLLPPSPPPLLSFSS,15,1564.86,0.71,0.07,115.67,5.53,-0.0,0.9988684635056494,0.4,K303R,False,,0.0,0.0,0.0,0.0,0.06666666666666667,0.0,0.0,0.0,0.0,0.3333333333333333,0.0,0.0,0.3333333333333333,0.0,0.0,0.26666666666666666,0.0,0.0,0.0,0.0,0.6994342317528247
ep_5738,APLLLPPSPPPLLSF,15,1558.9,0.83,0.07,115.67,5.57,-0.0,0.9988549998742919,0.4,Y537S,False,,0.06666666666666667,0.0,0.0,0.0,0.06666666666666667,0.0,0.0,0.0,0.0,0.3333333333333333,0.0,0.0,0.4,0.0,0.0,0.13333333333333333,0.0,0.0,0.0,0.0,0.6994274999371459
ep_39666,TSSLPTPPAAPPLPS,15,1432.62,-0.15,0.0,112.05,5.18,-0.0,0.9986550147731438,0.4,S463P,False,LPS,0.13333333333333333,0.0,0.0,0.0,0.0,0.0,0.0,0.0,0.0,0.13333333333333333,0.0,0.0,0.4,0.0,0.0,0.2,0.13333333333333333,0.0,0.0,0.0,0.6993275073865719
ep_45595,EPDSKRRRLSVAAAG,15,1612.79,-0.97,0.0,128.09,10.74,2.0,0.9985868405028372,0.4,K303R,False,,0.2,0.0,0.06666666666666667,0.06666666666666667,0.0,0.06666666666666667,0.0,0.0,0.06666666666666667,0.06666666666666667,0.0,0.0,0.06666666666666667,0.0,0.2,0.13333333333333333,0.0,0.06666666666666667,0.0,0.0,0.6992934202514186
ep_64380,RARRWRLPAAPRRGS,15,1806.09,-1.54,0.07,151.73,12.0,6.0,0.9983294056867195,0.4,K303R,False,,0.2,0.0,0.0,0.0,0.0,0.06666666666666667,0.0,0.0,0.0,0.06666666666666667,0.0,0.0,0.13333333333333333,0.0,0.4,0.06666666666666667,0.0,0.0,0.06666666666666667,0.0,0.6991647028433597
ep_32276,RPVRSRRPALVVASL,15,1677.01,0.07,0.0,141.01,12.0,4.0,0.9983269602798805,0.4,K303R,False,,0.13333333333333333,0.0,0.0,0.0,0.0,0.0,0.0,0.0,0.0,0.13333333333333333,0.0,0.0,0.13333333333333333,0.0,0.26666666666666666,0.13333333333333333,0.0,0.2,0.0,0.0,0.6991634801399402
ep_22526,RCPLPPPPRLPSPRS,15,1669.99,-1.08,0.0,147.75,11.7,2.95,0.9980680094640945,0.4,K303R,False,LPS,0.0,0.06666666666666667,0.0,0.0,0.0,0.0,0.0,0.0,0.0,0.13333333333333333,0.0,0.0,0.4666666666666667,0.0,0.2,0.13333333333333333,0.0,0.0,0.0,0.0,0.6990340047320472
ep_48703,MPQELLLRSACLLAA,15,1629.0,0.99,0.0,148.57,5.75,-0.04,0.9979052940331585,0.4,L536H,False,,0.2,0.06666666666666667,0.0,0.06666666666666667,0.0,0.0,0.0,0.0,0.0,0.3333333333333333,0.06666666666666667,0.0,0.06666666666666667,0.06666666666666667,0.06666666666666667,0.06666666666666667,0.0,0.0,0.0,0.0,0.6989526470165792
ep_33559,TPPPPLLPPSLPPPS,15,1506.78,-0.35,0.0,137.73,5.18,-0.0,0.9978914504481725,0.4,S463P,False,,0.0,0.0,0.0,0.0,0.0,0.0,0.0,0.0,0.0,0.2,0.0,0.0,0.6,0.0,0.0,0.13333333333333333,0.06666666666666667,0.0,0.0,0.0,0.6989457252240863
ep_12277,LLEFLRSLPSPVPEP,15,1693.98,0.18,0.07,156.55,4.53,-1.0,0.9978267404383301,0.4,S463P,False,LPS,0.0,0.0,0.0,0.13333333333333333,0.06666666666666667,0.0,0.0,0.0,0.0,0.26666666666666666,0.0,0.0,0.26666666666666666,0.0,0.06666666666666667,0.13333333333333333,0.0,0.06666666666666667,0.0,0.0,0.698913370219165
ep_18473,PPPPPSPLPIPPTPS,15,1490.74,-0.67,0.0,139.43,5.95,-0.0,0.9977521418473277,0.4,K303R,False,,0.0,0.0,0.0,0.0,0.0,0.0,0.0,0.06666666666666667,0.0,0.06666666666666667,0.0,0.0,0.6666666666666666,0.0,0.0,0.13333333333333333,0.06666666666666667,0.0,0.0,0.0,0.6988760709236639
ep_64711,PLPIPPTPSPPPSPL,15,1506.78,-0.31,0.0,143.04,5.95,-0.0,0.9976585364742009,0.4,K303R,False,,0.0,0.0,0.0,0.0,0.0,0.0,0.0,0.06666666666666667,0.0,0.13333333333333333,0.0,0.0,0.6,0.0,0.0,0.13333333333333333,0.06666666666666667,0.0,0.0,0.0,0.6988292682371005
ep_8752,VPPAPRRASPARAPL,15,1555.83,-0.47,0.0,148.83,12.0,3.0,0.9975977779128173,0.4,K303R,False,,0.26666666666666666,0.0,0.0,0.0,0.0,0.0,0.0,0.0,0.0,0.06666666666666667,0.0,0.0,0.3333333333333333,0.0,0.2,0.06666666666666667,0.0,0.06666666666666667,0.0,0.0,0.6987988889564087
ep_24144,ACPSPPPRPAHTSRP,15,1570.77,-1.2,0.0,154.93,10.35,2.04,0.9973950200045015,0.4,K303R,False,,0.13333333333333333,0.06666666666666667,0.0,0.0,0.0,0.0,0.06666666666666667,0.0,0.0,0.0,0.0,0.0,0.4,0.0,0.13333333333333333,0.13333333333333333,0.06666666666666667,0.0,0.0,0.0,0.6986975100022508
ep_16877,PPPPSPLPIPPTPSP,15,1490.74,-0.67,0.0,155.88,5.95,-0.0,0.9969606166358014,0.4,K303R,False,,0.0,0.0,0.0,0.0,0.0,0.0,0.0,0.06666666666666667,0.0,0.06666666666666667,0.0,0.0,0.6666666666666666,0.0,0.0,0.13333333333333333,0.06666666666666667,0.0,0.0,0.0,0.6984803083179008
ep_12628,PPPSPLPIPPTPSPP,15,1490.74,-0.67,0.0,155.88,5.95,-0.0,0.9969606166358014,0.4,K303R,False,,0.0,0.0,0.0,0.0,0.0,0.0,0.0,0.06666666666666667,0.0,0.06666666666666667,0.0,0.0,0.6666666666666666,0.0,0.0,0.13333333333333333,0.06666666666666667,0.0,0.0,0.0,0.6984803083179008
ep_18196,PSPPPLLSFSSSPPP,15,1506.7,-0.32,0.07,157.8,5.95,-0.0,0.9969480895586621,0.4,K303R,False,,0.0,0.0,0.0,0.0,0.06666666666666667,0.0,0.0,0.0,0.0,0.13333333333333333,0.0,0.0,0.4666666666666667,0.0,0.0,0.3333333333333333,0.0,0.0,0.0,0.0,0.6984740447793311
ep_57764,QPPPSPPPSSSLSFP,15,1521.67,-0.81,0.07,167.03,5.53,-0.0,0.9965472515702257,0.4,K303R,False,,0.0,0.0,0.0,0.0,0.06666666666666667,0.0,0.0,0.0,0.0,0.06666666666666667,0.0,0.0,0.4666666666666667,0.06666666666666667,0.0,0.3333333333333333,0.0,0.0,0.0,0.0,0.6982736257851129
ep_47954,RPPRRRASPPRQPPS,15,1755.0,-2.36,0.0,194.83,12.0,5.0,0.996433340580301,0.4,K303R,False,,0.06666666666666667,0.0,0.0,0.0,0.0,0.0,0.0,0.0,0.0,0.0,0.0,0.0,0.4,0.06666666666666667,0.3333333333333333,0.13333333333333333,0.0,0.0,0.0,0.0,0.6982166702901504
ep_63905,ACPPRQPVVLPSSRS,15,1593.85,-0.32,0.0,178.45,10.35,1.95,0.9963598846506938,0.4,K303R,False,LPS,0.06666666666666667,0.06666666666666667,0.0,0.0,0.0,0.0,0.0,0.0,0.0,0.06666666666666667,0.0,0.0,0.26666666666666666,0.06666666666666667,0.13333333333333333,0.2,0.0,0.13333333333333333,0.0,0.0,0.698179942325347
ep_40267,PPRRRASPPRQPPSQ,15,1726.94,-2.29,0.0,194.83,12.0,4.0,0.9962828848812998,0.4,K303R,False,,0.06666666666666667,0.0,0.0,0.0,0.0,0.0,0.0,0.0,0.0,0.0,0.0,0.0,0.4,0.13333333333333333,0.26666666666666666,0.13333333333333333,0.0,0.0,0.0,0.0,0.6981414424406499
ep_4286,RSPTTRSSTCTRSSS,15,1613.71,-1.35,0.0,186.76,11.7,2.95,0.9960317784289051,0.4,K303R,False,,0.0,0.06666666666666667,0.0,0.0,0.0,0.0,0.0,0.0,0.0,0.0,0.0,0.0,0.06666666666666667,0.0,0.2,0.4,0.26666666666666666,0.0,0.0,0.0,0.6980158892144526
ep_47204,PSLSPVPPAPRRASP,15,1528.75,-0.63,0.0,178.12,12.0,2.0,0.9959615506778641,0.4,K303R,False,,0.13333333333333333,0.0,0.0,0.0,0.0,0.0,0.0,0.0,0.0,0.06666666666666667,0.0,0.0,0.4,0.0,0.13333333333333333,0.2,0.0,0.06666666666666667,0.0,0.0,0.697980775338932
ep_33,PGSPSTPESPASPRS,15,1453.51,-1.29,0.0,171.59,6.43,-0.0,0.9958336427845382,0.4,K303R,False,,0.06666666666666667,0.0,0.0,0.06666666666666667,0.0,0.06666666666666667,0.0,0.0,0.0,0.0,0.0,0.0,0.3333333333333333,0.0,0.06666666666666667,0.3333333333333333,0.06666666666666667,0.0,0.0,0.0,0.6979168213922691
ep_21963,PPQPPPSPPPSSSLS,15,1471.61,-1.1,0.0,179.87,5.95,-0.0,0.9954507160568133,0.4,K303R,False,,0.0,0.0,0.0,0.0,0.0,0.0,0.0,0.0,0.0,0.06666666666666667,0.0,0.0,0.5333333333333333,0.06666666666666667,0.0,0.3333333333333333,0.0,0.0,0.0,0.0,0.6977253580284066
ep_20791,PPLSPPSSPPSPPLP,15,1466.68,-0.67,0.0,199.93,5.95,-0.0,0.9940355698041934,0.4,K303R,False,,0.0,0.0,0.0,0.0,0.0,0.0,0.0,0.0,0.0,0.13333333333333333,0.0,0.0,0.6,0.0,0.0,0.26666666666666666,0.0,0.0,0.0,0.0,0.6970177849020966
ep_16085,PLSPPSSPPSPPLPP,15,1466.68,-0.67,0.0,199.93,5.95,-0.0,0.9940355698041934,0.4,K303R,False,,0.0,0.0,0.0,0.0,0.0,0.0,0.0,0.0,0.0,0.13333333333333333,0.0,0.0,0.6,0.0,0.0,0.26666666666666666,0.0,0.0,0.0,0.0,0.6970177849020966
ep_11520,PSPPPSPPPPSLPPS,15,1450.63,-1.03,0.0,209.16,5.95,-0.0,0.9931639142822404,0.4,K303R,False,,0.0,0.0,0.0,0.0,0.0,0.0,0.0,0.0,0.0,0.06666666666666667,0.0,0.0,0.6666666666666666,0.0,0.0,0.26666666666666666,0.0,0.0,0.0,0.0,0.6965819571411203
ep_27036,PSPPPSPLPPPPPSS,15,1450.63,-1.03,0.0,209.16,5.95,-0.0,0.9931639142822404,0.4,K303R,False,,0.0,0.0,0.0,0.0,0.0,0.0,0.0,0.0,0.0,0.06666666666666667,0.0,0.0,0.6666666666666666,0.0,0.0,0.26666666666666666,0.0,0.0,0.0,0.0,0.6965819571411203
ep_45984,PSPAPPPLPSSPSPS,15,1414.56,-0.75,0.0,225.61,5.95,-0.0,0.9913066219552815,0.4,K303R,False,LPS,0.06666666666666667,0.0,0.0,0.0,0.0,0.0,0.0,0.0,0.0,0.06666666666666667,0.0,0.0,0.5333333333333333,0.0,0.0,0.3333333333333333,0.0,0.0,0.0,0.0,0.6956533109776408
ep_3390,ASRCADCDRPVYQAE,15,1683.82,-0.81,0.07,44.98,4.85,-1.09,0.999999379463888,0.3333333333333333,E380Q,False,,0.2,0.13333333333333333,0.13333333333333333,0.06666666666666667,0.0,0.0,0.0,0.0,0.0,0.0,0.0,0.0,0.06666666666666667,0.06666666666666667,0.13333333333333333,0.06666666666666667,0.0,0.06666666666666667,0.0,0.06666666666666667,0.6666663563986106
ep_33579,QETACRTALEHLARL,15,1711.94,-0.32,0.0,46.44,6.75,0.05,0.9999992631266595,0.3333333333333333,E380Q,False,,0.2,0.06666666666666667,0.0,0.13333333333333333,0.0,0.0,0.06666666666666667,0.0,0.0,0.2,0.0,0.0,0.0,0.06666666666666667,0.13333333333333333,0.0,0.13333333333333333,0.0,0.0,0.0,0.6666662982299965
ep_29976,IHRDLKPQNILVDRD,15,1832.07,-0.96,0.0,46.8,6.76,0.09,0.9999992593607058,0.3333333333333333,K303R,False,,0.0,0.0,0.2,0.0,0.0,0.0,0.06666666666666667,0.13333333333333333,0.06666666666666667,0.13333333333333333,0.0,0.06666666666666667,0.06666666666666667,0.06666666666666667,0.13333333333333333,0.0,0.0,0.06666666666666667,0.0,0.0,0.6666662963470196
ep_28756,IIHRDIKPGNILVND,15,1716.98,-0.11,0.0,43.35,6.76,0.09,0.9999992338476149,0.3333333333333333,K303R,False,,0.0,0.0,0.13333333333333333,0.0,0.0,0.06666666666666667,0.06666666666666667,0.26666666666666666,0.06666666666666667,0.06666666666666667,0.0,0.13333333333333333,0.06666666666666667,0.0,0.06666666666666667,0.0,0.0,0.06666666666666667,0.0,0.0,0.6666662835904741
ep_55846,RAQLQEYSDALATAW,15,1722.85,-0.49,0.13,43.91,4.37,-1.0,0.999999177172729,0.3333333333333333,E380Q,False,,0.26666666666666666,0.0,0.06666666666666667,0.06666666666666667,0.0,0.0,0.0,0.0,0.0,0.13333333333333333,0.0,0.0,0.0,0.13333333333333333,0.06666666666666667,0.06666666666666667,0.06666666666666667,0.0,0.06666666666666667,0.06666666666666667,0.6666662552530311
ep_64183,IIYYFYNYFILLLSI,15,1958.34,1.7,0.4,52.13,5.52,-0.01,0.9999989981887609,0.3333333333333333,S463P,False,,0.0,0.0,0.0,0.0,0.13333333333333333,0.0,0.0,0.26666666666666666,0.0,0.2,0.0,0.06666666666666667,0.0,0.0,0.0,0.06666666666666667,0.0,0.0,0.0,0.26666666666666666,0.6666661657610471
ep_58510,AIMHRDIKPENVLIN,15,1763.07,-0.13,0.0,48.42,6.8,0.09,0.9999989812979927,0.3333333333333333,K303R,False,,0.06666666666666667,0.0,0.06666666666666667,0.06666666666666667,0.0,0.0,0.06666666666666667,0.2,0.06666666666666667,0.06666666666666667,0.06666666666666667,0.13333333333333333,0.06666666666666667,0.0,0.06666666666666667,0.0,0.0,0.06666666666666667,0.0,0.0,0.666666157315663
ep_10913,GLIHGNLKPENILVG,15,1573.83,0.28,0.0,42.36,6.75,0.09,0.99999886540039,0.3333333333333333,K303R,False,,0.0,0.0,0.0,0.06666666666666667,0.0,0.2,0.06666666666666667,0.13333333333333333,0.06666666666666667,0.2,0.0,0.13333333333333333,0.06666666666666667,0.0,0.0,0.0,0.0,0.06666666666666667,0.0,0.0,0.6666660993668616
ep_60210,QPTYERIHKWFLEQL,15,1988.25,-1.01,0.2,54.0,6.76,0.09,0.9999986151213629,0.3333333333333333,S463P,False,,0.0,0.0,0.0,0.13333333333333333,0.06666666666666667,0.0,0.06666666666666667,0.06666666666666667,0.06666666666666667,0.13333333333333333,0.0,0.0,0.06666666666666667,0.13333333333333333,0.06666666666666667,0.0,0.06666666666666667,0.0,0.06666666666666667,0.06666666666666667,0.6666659742273481
ep_37078,NHIRIFHHSLKWTED,15,1933.13,-1.02,0.13,48.63,7.03,0.27,0.9999986099561432,0.3333333333333333,S463P,False,,0.0,0.0,0.06666666666666667,0.06666666666666667,0.06666666666666667,0.0,0.2,0.13333333333333333,0.06666666666666667,0.06666666666666667,0.0,0.06666666666666667,0.0,0.0,0.06666666666666667,0.06666666666666667,0.06666666666666667,0.0,0.06666666666666667,0.0,0.6666659716447383
ep_38726,CDIFFYQGMLYQAIG,15,1769.05,0.71,0.27,43.91,4.05,-1.05,0.9999983257252849,0.3333333333333333,E380Q,False,,0.06666666666666667,0.06666666666666667,0.06666666666666667,0.0,0.13333333333333333,0.13333333333333333,0.0,0.13333333333333333,0.0,0.06666666666666667,0.06666666666666667,0.0,0.0,0.13333333333333333,0.0,0.0,0.0,0.0,0.0,0.13333333333333333,0.6666658295293091
ep_37219,AQETACRTALEHLAR,15,1669.86,-0.45,0.0,46.44,6.79,0.05,0.9999982372040148,0.3333333333333333,E380Q,False,,0.26666666666666666,0.06666666666666667,0.0,0.13333333333333333,0.0,0.0,0.06666666666666667,0.0,0.0,0.13333333333333333,0.0,0.0,0.0,0.06666666666666667,0.13333333333333333,0.0,0.13333333333333333,0.0,0.0,0.0,0.666665785268674
ep_47840,RWTDHEKSILLNLHR,15,1918.16,-1.09,0.07,50.34,8.76,1.18,0.9999982106849674,0.3333333333333333,K303R,False,,0.0,0.0,0.06666666666666667,0.06666666666666667,0.0,0.0,0.13333333333333333,0.06666666666666667,0.06666666666666667,0.2,0.0,0.06666666666666667,0.0,0.0,0.13333333333333333,0.06666666666666667,0.06666666666666667,0.0,0.06666666666666667,0.0,0.6666657720091503
ep_52406,QHAVPWSSICALLSQ,15,1639.87,0.49,0.07,45.93,6.73,0.04,0.9999979426333037,0.3333333333333333,E380Q,False,,0.13333333333333333,0.06666666666666667,0.0,0.0,0.0,0.0,0.06666666666666667,0.06666666666666667,0.0,0.13333333333333333,0.0,0.0,0.06666666666666667,0.13333333333333333,0.0,0.2,0.0,0.06666666666666667,0.06666666666666667,0.0,0.6666656379833185
ep_40339,TGAWVRFCDECGFPT,15,1688.88,0.03,0.2,47.33,4.37,-1.09,0.9999979241169032,0.3333333333333333,S463P,False,,0.06666666666666667,0.13333333333333333,0.06666666666666667,0.06666666666666667,0.13333333333333333,0.13333333333333333,0.0,0.0,0.0,0.0,0.0,0.0,0.06666666666666667,0.0,0.06666666666666667,0.0,0.13333333333333333,0.06666666666666667,0.06666666666666667,0.0,0.6666656287251183
ep_12875,DQARRVLAEMKEAGL,15,1686.93,-0.55,0.0,47.52,6.18,0.0,0.9999978136652451,0.3333333333333333,E380Q,False,,0.2,0.0,0.06666666666666667,0.13333333333333333,0.0,0.06666666666666667,0.0,0.0,0.06666666666666667,0.13333333333333333,0.06666666666666667,0.0,0.0,0.06666666666666667,0.13333333333333333,0.0,0.0,0.06666666666666667,0.0,0.0,0.6666655734992892
ep_32663,MPAYICSDCGKAYRH,15,1714.99,-0.37,0.13,47.37,7.82,1.0,0.9999978022584413,0.3333333333333333,K303R,False,,0.13333333333333333,0.13333333333333333,0.06666666666666667,0.0,0.0,0.06666666666666667,0.06666666666666667,0.06666666666666667,0.06666666666666667,0.0,0.06666666666666667,0.0,0.06666666666666667,0.0,0.06666666666666667,0.06666666666666667,0.0,0.0,0.0,0.13333333333333333,0.6666655677958873
ep_59390,FHQLMNKMKNEMNEM,15,1925.28,-1.19,0.07,46.85,6.76,0.09,0.9999974085595713,0.3333333333333333,K303R,False,,0.0,0.0,0.0,0.13333333333333333,0.06666666666666667,0.0,0.06666666666666667,0.0,0.13333333333333333,0.06666666666666667,0.26666666666666666,0.2,0.0,0.06666666666666667,0.0,0.0,0.0,0.0,0.0,0.0,0.6666653709464523
ep_11730,RGLIHGNLKPENILV,15,1672.97,0.01,0.0,42.36,8.76,1.09,0.9999973249961602,0.3333333333333333,K303R,False,,0.0,0.0,0.0,0.06666666666666667,0.0,0.13333333333333333,0.06666666666666667,0.13333333333333333,0.06666666666666667,0.2,0.0,0.13333333333333333,0.06666666666666667,0.0,0.06666666666666667,0.0,0.0,0.06666666666666667,0.0,0.0,0.6666653291647467
ep_46983,KIIHRDIKASNILLD,15,1749.06,0.04,0.0,48.37,8.6,1.09,0.9999973194860248,0.3333333333333333,K303R,False,,0.06666666666666667,0.0,0.13333333333333333,0.0,0.0,0.0,0.06666666666666667,0.26666666666666666,0.13333333333333333,0.13333333333333333,0.0,0.06666666666666667,0.0,0.0,0.06666666666666667,0.06666666666666667,0.0,0.0,0.0,0.0,0.666665326409679
ep_50443,GRGLIHGNLKPENIL,15,1630.89,-0.3,0.0,42.36,8.76,1.09,0.9999972550603379,0.3333333333333333,K303R,False,,0.0,0.0,0.0,0.06666666666666667,0.0,0.2,0.06666666666666667,0.13333333333333333,0.06666666666666667,0.2,0.0,0.13333333333333333,0.06666666666666667,0.0,0.06666666666666667,0.0,0.0,0.0,0.0,0.0,0.6666652941968356
ep_48195,RDRAAAATAVWLACS,15,1561.76,0.43,0.07,41.83,8.25,0.95,0.9999971048561057,0.3333333333333333,E380Q,False,,0.4,0.06666666666666667,0.06666666666666667,0.0,0.0,0.0,0.0,0.0,0.0,0.06666666666666667,0.0,0.0,0.0,0.0,0.13333333333333333,0.06666666666666667,0.06666666666666667,0.06666666666666667,0.06666666666666667,0.0,0.6666652190947195
ep_7440,HIRIFHHSLKWTEDW,15,2005.24,-0.85,0.2,48.63,7.03,0.27,0.9999970530022534,0.3333333333333333,S463P,False,,0.0,0.0,0.06666666666666667,0.06666666666666667,0.06666666666666667,0.0,0.2,0.13333333333333333,0.06666666666666667,0.06666666666666667,0.0,0.0,0.0,0.0,0.06666666666666667,0.06666666666666667,0.06666666666666667,0.0,0.13333333333333333,0.0,0.6666651931677934
ep_61947,FVHRDLAARNCLVSS,15,1687.92,0.27,0.07,41.32,8.26,1.04,0.9999968683736024,0.3333333333333333,L536H,False,,0.13333333333333333,0.06666666666666667,0.06666666666666667,0.0,0.06666666666666667,0.0,0.06666666666666667,0.0,0.0,0.13333333333333333,0.0,0.06666666666666667,0.0,0.0,0.13333333333333333,0.13333333333333333,0.0,0.13333333333333333,0.0,0.0,0.6666651008534679
ep_47964,QTSLSISTAAAPTSS,15,1421.51,0.17,0.0,35.01,5.53,-0.0,0.999996662827691,0.3333333333333333,K303R,False,,0.2,0.0,0.0,0.0,0.0,0.0,0.0,0.06666666666666667,0.0,0.06666666666666667,0.0,0.0,0.06666666666666667,0.06666666666666667,0.0,0.3333333333333333,0.2,0.0,0.0,0.0,0.6666649980805122
ep_43278,QHACAWERHGNPFEG,15,1738.84,-1.29,0.13,49.81,6.0,-0.86,0.9999965496316305,0.3333333333333333,E380Q,False,,0.13333333333333333,0.06666666666666667,0.0,0.13333333333333333,0.06666666666666667,0.13333333333333333,0.13333333333333333,0.0,0.0,0.0,0.0,0.06666666666666667,0.06666666666666667,0.06666666666666667,0.06666666666666667,0.0,0.0,0.0,0.06666666666666667,0.0,0.6666649414824819
ep_46941,RLLSRCLDHVRAELR,15,1837.16,-0.35,0.0,47.85,10.2,2.05,0.9999964046565742,0.3333333333333333,E380Q,False,,0.06666666666666667,0.06666666666666667,0.06666666666666667,0.06666666666666667,0.0,0.0,0.06666666666666667,0.0,0.0,0.26666666666666666,0.0,0.0,0.0,0.0,0.26666666666666666,0.06666666666666667,0.0,0.06666666666666667,0.0,0.0,0.6666648689949538
ep_17158,QLMNKMKNEMNEMMN,15,1886.27,-1.27,0.0,44.93,6.14,0.0,0.9999963869021432,0.3333333333333333,K303R,False,,0.0,0.0,0.0,0.13333333333333333,0.0,0.0,0.0,0.0,0.13333333333333333,0.06666666666666667,0.3333333333333333,0.26666666666666666,0.0,0.06666666666666667,0.0,0.0,0.0,0.0,0.0,0.0,0.6666648601177383
ep_64622,TVSSFSTSSASTTST,15,1450.46,-0.02,0.07,35.01,5.18,-0.0,0.9999961947450542,0.3333333333333333,S463P,False,,0.06666666666666667,0.0,0.0,0.0,0.06666666666666667,0.0,0.0,0.0,0.0,0.0,0.0,0.0,0.0,0.0,0.0,0.4666666666666667,0.3333333333333333,0.06666666666666667,0.0,0.0,0.6666647640391937
ep_4501,VDAARVIAEDRRKAG,15,1626.82,-0.55,0.0,45.31,8.71,1.0,0.999995936632816,0.3333333333333333,L536H,False,,0.26666666666666666,0.0,0.13333333333333333,0.06666666666666667,0.0,0.06666666666666667,0.0,0.06666666666666667,0.06666666666666667,0.0,0.0,0.0,0.0,0.0,0.2,0.0,0.0,0.13333333333333333,0.0,0.0,0.6666646349830747
ep_43822,WDQLRWAMVAAIALS,15,1731.03,0.75,0.13,50.34,5.84,-0.0,0.9999958292334518,0.3333333333333333,K303R,False,,0.26666666666666666,0.0,0.06666666666666667,0.0,0.0,0.0,0.0,0.06666666666666667,0.0,0.13333333333333333,0.06666666666666667,0.0,0.0,0.06666666666666667,0.06666666666666667,0.06666666666666667,0.0,0.06666666666666667,0.13333333333333333,0.0,0.6666645812833926
ep_10449,WLRFALVILASVLLV,15,1713.16,2.42,0.13,43.24,9.75,1.0,0.9999957436802157,0.3333333333333333,K303R,False,,0.13333333333333333,0.0,0.0,0.0,0.06666666666666667,0.0,0.0,0.06666666666666667,0.0,0.3333333333333333,0.0,0.0,0.0,0.0,0.06666666666666667,0.06666666666666667,0.0,0.2,0.06666666666666667,0.0,0.6666645385067745
ep_56634,CGRQMPTDQRFCANC,15,1729.98,-0.78,0.07,49.55,7.97,0.86,0.9999957424717939,0.3333333333333333,E380Q,False,,0.06666666666666667,0.2,0.06666666666666667,0.0,0.06666666666666667,0.06666666666666667,0.0,0.0,0.0,0.0,0.06666666666666667,0.06666666666666667,0.06666666666666667,0.13333333333333333,0.13333333333333333,0.0,0.06666666666666667,0.0,0.0,0.0,0.6666645379025636
ep_43186,YISLSKRYDIFFPKY,15,1940.24,-0.3,0.33,54.67,9.4,2.0,0.9999956122628821,0.3333333333333333,K303R,False,,0.0,0.0,0.06666666666666667,0.0,0.13333333333333333,0.0,0.0,0.13333333333333333,0.13333333333333333,0.06666666666666667,0.0,0.0,0.06666666666666667,0.0,0.06666666666666667,0.13333333333333333,0.0,0.0,0.0,0.2,0.6666644727981077
ep_56188,HQLMNKMKNEMNEMM,15,1909.3,-1.25,0.0,44.93,6.76,0.09,0.9999955873826325,0.3333333333333333,K303R,False,,0.0,0.0,0.0,0.13333333333333333,0.0,0.0,0.06666666666666667,0.0,0.13333333333333333,0.06666666666666667,0.3333333333333333,0.2,0.0,0.06666666666666667,0.0,0.0,0.0,0.0,0.0,0.0,0.6666644603579829
ep_48398,RSVWSEVHTFIRENF,15,1907.09,-0.49,0.2,44.65,6.76,0.09,0.9999955430437387,0.3333333333333333,K303R,False,,0.0,0.0,0.0,0.13333333333333333,0.13333333333333333,0.0,0.06666666666666667,0.06666666666666667,0.0,0.0,0.0,0.06666666666666667,0.0,0.0,0.13333333333333333,0.13333333333333333,0.06666666666666667,0.13333333333333333,0.06666666666666667,0.0,0.666664438188536
ep_20975,TLEELEAICESLGLG,15,1576.76,0.51,0.0,43.91,4.05,-4.04,0.999995411698418,0.3333333333333333,S463P,False,,0.06666666666666667,0.06666666666666667,0.0,0.26666666666666666,0.0,0.13333333333333333,0.0,0.06666666666666667,0.0,0.26666666666666666,0.0,0.0,0.0,0.0,0.0,0.06666666666666667,0.06666666666666667,0.0,0.0,0.0,0.6666643725158756
ep_3214,IIHRDLAARNCLISQ,15,1723.01,0.25,0.0,49.55,8.26,1.04,0.9999953530208165,0.3333333333333333,K303R,False,,0.13333333333333333,0.06666666666666667,0.06666666666666667,0.0,0.0,0.0,0.06666666666666667,0.2,0.0,0.13333333333333333,0.0,0.06666666666666667,0.0,0.06666666666666667,0.13333333333333333,0.06666666666666667,0.0,0.0,0.0,0.0,0.6666643431770749
ep_58166,NNITLTPNHVKAILK,15,1675.97,-0.13,0.0,43.89,10.0,2.09,0.9999953380621227,0.3333333333333333,E380Q,False,,0.06666666666666667,0.0,0.0,0.0,0.0,0.0,0.06666666666666667,0.13333333333333333,0.13333333333333333,0.13333333333333333,0.0,0.2,0.06666666666666667,0.0,0.0,0.0,0.13333333333333333,0.06666666666666667,0.0,0.0,0.666664335697728
ep_13457,PTFDANGKPVDLSNI,15,1587.73,-0.39,0.07,37.19,4.21,-1.0,0.9999953110484656,0.3333333333333333,K303R,False,,0.06666666666666667,0.0,0.13333333333333333,0.0,0.06666666666666667,0.06666666666666667,0.0,0.06666666666666667,0.06666666666666667,0.06666666666666667,0.0,0.13333333333333333,0.13333333333333333,0.0,0.0,0.06666666666666667,0.06666666666666667,0.06666666666666667,0.0,0.0,0.6666643221908994
ep_9885,DVREDLVEEIARLYG,15,1776.94,-0.39,0.07,51.09,4.18,-3.0,0.9999951931799954,0.3333333333333333,L536H,False,,0.06666666666666667,0.0,0.13333333333333333,0.2,0.0,0.06666666666666667,0.0,0.06666666666666667,0.0,0.13333333333333333,0.0,0.0,0.0,0.0,0.13333333333333333,0.0,0.0,0.13333333333333333,0.0,0.06666666666666667,0.6666642632566644
ep_16365,ARYTVHIPTCTSHFC,15,1735.98,0.11,0.13,40.84,8.12,1.09,0.9999950522037548,0.3333333333333333,S463P,False,,0.06666666666666667,0.13333333333333333,0.0,0.0,0.06666666666666667,0.0,0.13333333333333333,0.06666666666666667,0.0,0.0,0.0,0.0,0.06666666666666667,0.0,0.06666666666666667,0.06666666666666667,0.2,0.06666666666666667,0.0,0.06666666666666667,0.666664192768544
ep_30729,AMHRLLLALLVLIVL,15,1688.21,2.49,0.0,41.86,9.8,1.09,0.9999947793992505,0.3333333333333333,E380Q,False,,0.13333333333333333,0.0,0.0,0.0,0.0,0.0,0.06666666666666667,0.06666666666666667,0.0,0.4666666666666667,0.06666666666666667,0.0,0.0,0.0,0.06666666666666667,0.0,0.0,0.13333333333333333,0.0,0.0,0.6666640563662919
ep_2011,HLCLTEAGRATLSRM,15,1658.94,0.07,0.0,47.85,8.26,1.05,0.9999947384249824,0.3333333333333333,L536H,False,,0.13333333333333333,0.06666666666666667,0.0,0.06666666666666667,0.0,0.06666666666666667,0.06666666666666667,0.0,0.0,0.2,0.06666666666666667,0.0,0.0,0.0,0.13333333333333333,0.06666666666666667,0.13333333333333333,0.0,0.0,0.0,0.6666640358791579
ep_49956,ADFAASSALLHAAAC,15,1418.57,1.15,0.07,40.78,5.08,-0.96,0.9999946263834628,0.3333333333333333,E380Q,False,,0.4666666666666667,0.06666666666666667,0.06666666666666667,0.0,0.06666666666666667,0.0,0.06666666666666667,0.0,0.0,0.13333333333333333,0.0,0.0,0.0,0.0,0.0,0.13333333333333333,0.0,0.0,0.0,0.0,0.6666639798583981
ep_48378,RFDFRAMHRLLLALL,15,1872.29,0.66,0.13,50.72,11.7,2.09,0.9999942887776311,0.3333333333333333,E380Q,False,,0.13333333333333333,0.0,0.06666666666666667,0.0,0.13333333333333333,0.0,0.06666666666666667,0.0,0.0,0.3333333333333333,0.06666666666666667,0.0,0.0,0.0,0.2,0.0,0.0,0.0,0.0,0.0,0.6666638110554822
ep_44540,TFDANGKPVDLSNID,15,1605.7,-0.52,0.07,37.19,4.17,-2.0,0.9999941564460717,0.3333333333333333,S463P,False,,0.06666666666666667,0.0,0.2,0.0,0.06666666666666667,0.06666666666666667,0.0,0.06666666666666667,0.06666666666666667,0.06666666666666667,0.0,0.13333333333333333,0.06666666666666667,0.0,0.0,0.06666666666666667,0.06666666666666667,0.06666666666666667,0.0,0.0,0.6666637448897025
ep_15867,LIIWDLSTGQHIEHT,15,1762.96,0.05,0.07,52.21,5.15,-1.82,0.9999938412845744,0.3333333333333333,E380Q,False,,0.0,0.0,0.06666666666666667,0.06666666666666667,0.0,0.06666666666666667,0.13333333333333333,0.2,0.0,0.13333333333333333,0.0,0.0,0.0,0.06666666666666667,0.0,0.06666666666666667,0.13333333333333333,0.0,0.06666666666666667,0.0,0.6666635873089538
ep_64011,IERVASLDDPIRLTC,15,1700.95,0.17,0.0,38.63,4.56,-1.04,0.9999935141768477,0.3333333333333333,K303R,False,,0.06666666666666667,0.06666666666666667,0.13333333333333333,0.06666666666666667,0.0,0.0,0.0,0.13333333333333333,0.0,0.13333333333333333,0.0,0.0,0.06666666666666667,0.0,0.13333333333333333,0.06666666666666667,0.06666666666666667,0.06666666666666667,0.0,0.0,0.6666634237550905
ep_13688,YPAKPYTPHITIARK,15,1756.06,-0.78,0.13,49.01,10.0,3.09,0.9999935049503548,0.3333333333333333,K303R,False,,0.13333333333333333,0.0,0.0,0.0,0.0,0.0,0.06666666666666667,0.13333333333333333,0.13333333333333333,0.0,0.0,0.0,0.2,0.0,0.06666666666666667,0.0,0.13333333333333333,0.0,0.0,0.13333333333333333,0.666663419141844
ep_9572,YTAILKYAKKNNIKL,15,1781.15,-0.38,0.13,44.61,10.0,4.0,0.9999934080247412,0.3333333333333333,K303R,False,,0.13333333333333333,0.0,0.0,0.0,0.0,0.0,0.0,0.13333333333333333,0.26666666666666666,0.13333333333333333,0.0,0.13333333333333333,0.0,0.0,0.0,0.0,0.06666666666666667,0.0,0.0,0.13333333333333333,0.6666633706790372
ep_63026,HEPAHRHVQRVLALH,15,1800.04,-0.72,0.0,42.19,9.62,1.36,0.9999933765392197,0.3333333333333333,E380Q,False,,0.13333333333333333,0.0,0.0,0.06666666666666667,0.0,0.0,0.26666666666666666,0.0,0.0,0.13333333333333333,0.0,0.0,0.06666666666666667,0.06666666666666667,0.13333333333333333,0.0,0.0,0.13333333333333333,0.0,0.0,0.6666633549362765
ep_29872,RNYDANGDGYISVEE,15,1701.7,-1.28,0.13,39.4,4.16,-3.0,0.9999932812624607,0.3333333333333333,S463P,False,,0.06666666666666667,0.0,0.13333333333333333,0.13333333333333333,0.0,0.13333333333333333,0.0,0.06666666666666667,0.0,0.0,0.0,0.13333333333333333,0.0,0.0,0.06666666666666667,0.06666666666666667,0.0,0.06666666666666667,0.0,0.13333333333333333,0.666663307297897
ep_12887,QHYCLVFQYCQLGDL,15,1830.09,0.21,0.2,41.41,5.08,-1.0,0.9999932166386788,0.3333333333333333,E380Q,False,,0.0,0.13333333333333333,0.06666666666666667,0.0,0.06666666666666667,0.06666666666666667,0.06666666666666667,0.0,0.0,0.2,0.0,0.0,0.0,0.2,0.0,0.0,0.0,0.06666666666666667,0.0,0.13333333333333333,0.6666632749860061
ep_6190,RHATSMLLLVYILLR,15,1799.23,1.09,0.07,42.83,10.84,2.09,0.9999923912591919,0.3333333333333333,E380Q,False,,0.06666666666666667,0.0,0.0,0.0,0.0,0.0,0.06666666666666667,0.06666666666666667,0.0,0.3333333333333333,0.06666666666666667,0.0,0.0,0.0,0.13333333333333333,0.06666666666666667,0.06666666666666667,0.06666666666666667,0.0,0.06666666666666667,0.6666628622962626
ep_27460,RQLLLVAVAIWLLSR,15,1751.17,1.42,0.07,43.24,12.0,2.0,0.9999915844386192,0.3333333333333333,E380Q,False,,0.13333333333333333,0.0,0.0,0.0,0.0,0.0,0.0,0.06666666666666667,0.0,0.3333333333333333,0.0,0.0,0.0,0.06666666666666667,0.13333333333333333,0.06666666666666667,0.0,0.13333333333333333,0.06666666666666667,0.0,0.6666624588859763
ep_43327,VESADRVFAEMPERD,15,1750.88,-0.81,0.07,52.37,4.34,-3.0,0.9999915515908278,0.3333333333333333,L536H,False,,0.13333333333333333,0.0,0.13333333333333333,0.2,0.06666666666666667,0.0,0.0,0.0,0.0,0.0,0.06666666666666667,0.0,0.06666666666666667,0.0,0.13333333333333333,0.06666666666666667,0.0,0.13333333333333333,0.0,0.0,0.6666624424620805
ep_38659,DGSITIDGESFPAGS,15,1452.48,-0.19,0.07,42.83,4.05,-3.0,0.9999914335620421,0.3333333333333333,S463P,False,,0.06666666666666667,0.0,0.13333333333333333,0.06666666666666667,0.06666666666666667,0.2,0.0,0.13333333333333333,0.0,0.0,0.0,0.0,0.06666666666666667,0.0,0.0,0.2,0.06666666666666667,0.0,0.0,0.0,0.6666623834476877
ep_6660,RIWLRFALVILASVL,15,1770.21,1.89,0.13,43.24,12.0,2.0,0.999991219858184,0.3333333333333333,K303R,False,,0.13333333333333333,0.0,0.0,0.0,0.06666666666666667,0.0,0.0,0.13333333333333333,0.0,0.26666666666666666,0.0,0.0,0.0,0.0,0.13333333333333333,0.06666666666666667,0.0,0.13333333333333333,0.06666666666666667,0.0,0.6666622765957586
ep_34791,RPLPLWWALGAYAAL,15,1698.02,0.75,0.2,50.91,8.75,1.0,0.9999909100959331,0.3333333333333333,L536H,False,,0.26666666666666666,0.0,0.0,0.0,0.0,0.06666666666666667,0.0,0.0,0.0,0.26666666666666666,0.0,0.0,0.13333333333333333,0.0,0.06666666666666667,0.0,0.0,0.0,0.13333333333333333,0.06666666666666667,0.6666621217146332
ep_22382,YLSPDQERALIDFMT,15,1799.01,-0.29,0.13,39.49,4.05,-2.0,0.9999897990077434,0.3333333333333333,L536H,False,,0.06666666666666667,0.0,0.13333333333333333,0.06666666666666667,0.06666666666666667,0.0,0.0,0.06666666666666667,0.0,0.13333333333333333,0.06666666666666667,0.0,0.06666666666666667,0.06666666666666667,0.06666666666666667,0.06666666666666667,0.06666666666666667,0.0,0.0,0.06666666666666667,0.6666615661705384
ep_48546,PSIQTCITNALKQHK,15,1681.95,-0.55,0.0,38.04,9.38,2.04,0.9999897273432444,0.3333333333333333,K303R,False,,0.06666666666666667,0.06666666666666667,0.0,0.0,0.0,0.0,0.06666666666666667,0.13333333333333333,0.13333333333333333,0.06666666666666667,0.0,0.06666666666666667,0.06666666666666667,0.13333333333333333,0.0,0.06666666666666667,0.13333333333333333,0.0,0.0,0.0,0.6666615303382889
ep_48298,FSPCATARLVGRLLR,15,1660.0,0.5,0.07,40.78,11.7,2.95,0.999989645569589,0.3333333333333333,K303R,False,,0.13333333333333333,0.06666666666666667,0.0,0.0,0.06666666666666667,0.06666666666666667,0.0,0.0,0.0,0.2,0.0,0.0,0.06666666666666667,0.0,0.2,0.06666666666666667,0.06666666666666667,0.06666666666666667,0.0,0.0,0.6666614894514612
ep_47614,QARAVLRDVCKGLQH,15,1693.97,-0.33,0.0,38.25,9.5,2.04,0.9999896255141192,0.3333333333333333,E380Q,False,,0.13333333333333333,0.06666666666666667,0.06666666666666667,0.0,0.0,0.06666666666666667,0.06666666666666667,0.0,0.06666666666666667,0.13333333333333333,0.0,0.0,0.0,0.13333333333333333,0.13333333333333333,0.0,0.0,0.13333333333333333,0.0,0.0,0.6666614794237262
ep_53825,RALALIRRMRELGVQ,15,1782.17,0.01,0.0,42.49,12.0,3.0,0.9999895083880974,0.3333333333333333,K303R,False,,0.13333333333333333,0.0,0.0,0.06666666666666667,0.0,0.06666666666666667,0.0,0.06666666666666667,0.0,0.2,0.06666666666666667,0.0,0.0,0.06666666666666667,0.26666666666666666,0.0,0.0,0.06666666666666667,0.0,0.0,0.6666614208607153
ep_19190,RHIPCLNETIASLKT,15,1695.98,-0.1,0.0,51.7,8.23,1.05,0.9999893473371393,0.3333333333333333,K303R,False,,0.06666666666666667,0.06666666666666667,0.0,0.06666666666666667,0.0,0.0,0.06666666666666667,0.13333333333333333,0.06666666666666667,0.13333333333333333,0.0,0.06666666666666667,0.06666666666666667,0.0,0.06666666666666667,0.06666666666666667,0.13333333333333333,0.0,0.0,0.0,0.6666613403352363
ep_34705,RTVSSFSTSSASTTS,15,1505.54,-0.27,0.07,35.01,9.75,1.0,0.999989312362864,0.3333333333333333,S463P,False,,0.06666666666666667,0.0,0.0,0.0,0.06666666666666667,0.0,0.0,0.0,0.0,0.0,0.0,0.0,0.0,0.0,0.06666666666666667,0.4666666666666667,0.26666666666666666,0.06666666666666667,0.0,0.0,0.6666613228480986
ep_15635,TASVPQRVAATLFAL,15,1544.79,0.95,0.07,35.01,9.41,1.0,0.9999888787237987,0.3333333333333333,E380Q,False,,0.26666666666666666,0.0,0.0,0.0,0.06666666666666667,0.0,0.0,0.0,0.0,0.13333333333333333,0.0,0.0,0.06666666666666667,0.06666666666666667,0.06666666666666667,0.06666666666666667,0.13333333333333333,0.13333333333333333,0.0,0.0,0.666661106028566
ep_21476,ASIHDHITQMIKCST,15,1684.93,-0.04,0.0,36.17,6.95,0.14,0.9999882586884107,0.3333333333333333,K303R,False,,0.06666666666666667,0.06666666666666667,0.06666666666666667,0.0,0.0,0.0,0.13333333333333333,0.2,0.06666666666666667,0.0,0.06666666666666667,0.0,0.0,0.06666666666666667,0.0,0.13333333333333333,0.13333333333333333,0.0,0.0,0.0,0.666660796010872
ep_6899,VLARLQRQADAVRQL,15,1737.02,-0.15,0.0,51.09,11.7,2.0,0.999988166601388,0.3333333333333333,E380Q,False,,0.2,0.0,0.06666666666666667,0.0,0.0,0.0,0.0,0.0,0.0,0.2,0.0,0.0,0.0,0.2,0.2,0.0,0.0,0.13333333333333333,0.0,0.0,0.6666607499673607
ep_55590,FRACFSRALAWSLAL,15,1712.03,1.01,0.2,51.47,10.35,1.95,0.9999879462054495,0.3333333333333333,K303R,False,,0.26666666666666666,0.06666666666666667,0.0,0.0,0.13333333333333333,0.0,0.0,0.0,0.0,0.2,0.0,0.0,0.0,0.0,0.13333333333333333,0.13333333333333333,0.0,0.0,0.06666666666666667,0.0,0.6666606397693914
ep_24474,IIHRDIKASNILLDD,15,1735.98,0.07,0.0,54.03,5.44,-0.91,0.9999879125093728,0.3333333333333333,K303R,False,,0.06666666666666667,0.0,0.2,0.0,0.0,0.0,0.06666666666666667,0.26666666666666666,0.06666666666666667,0.13333333333333333,0.0,0.06666666666666667,0.0,0.0,0.06666666666666667,0.06666666666666667,0.0,0.0,0.0,0.0,0.6666606229213531
ep_8134,KPKPEPEPVDPTAEL,15,1646.84,-1.38,0.0,50.95,4.41,-2.0,0.9999875302255057,0.3333333333333333,Y537S,False,,0.06666666666666667,0.0,0.06666666666666667,0.2,0.0,0.0,0.0,0.0,0.13333333333333333,0.06666666666666667,0.0,0.0,0.3333333333333333,0.0,0.0,0.0,0.06666666666666667,0.06666666666666667,0.0,0.0,0.6666604317794195
ep_41458,GAWVRFCDECGFPTT,15,1688.88,0.03,0.2,52.99,4.37,-1.09,0.9999862881756388,0.3333333333333333,S463P,False,,0.06666666666666667,0.13333333333333333,0.06666666666666667,0.06666666666666667,0.13333333333333333,0.13333333333333333,0.0,0.0,0.0,0.0,0.0,0.0,0.06666666666666667,0.0,0.06666666666666667,0.0,0.13333333333333333,0.06666666666666667,0.06666666666666667,0.0,0.6666598107544861
ep_44621,KRPTAAELLHHPFIQ,15,1758.03,-0.48,0.07,54.83,8.76,1.18,0.9999857837632703,0.3333333333333333,E380Q,False,,0.13333333333333333,0.0,0.0,0.06666666666666667,0.06666666666666667,0.0,0.13333333333333333,0.06666666666666667,0.06666666666666667,0.13333333333333333,0.0,0.0,0.13333333333333333,0.06666666666666667,0.06666666666666667,0.0,0.06666666666666667,0.0,0.0,0.0,0.6666595585483018
ep_24840,RPSEHQLDMATFMTR,15,1820.06,-0.95,0.07,57.36,6.75,0.09,0.9999855181722204,0.3333333333333333,K303R,False,,0.06666666666666667,0.0,0.06666666666666667,0.06666666666666667,0.06666666666666667,0.0,0.06666666666666667,0.0,0.0,0.06666666666666667,0.13333333333333333,0.0,0.06666666666666667,0.06666666666666667,0.13333333333333333,0.06666666666666667,0.13333333333333333,0.0,0.0,0.0,0.6666594257527768
ep_50097,YPIVLATWNMLMARR,15,1835.24,0.45,0.13,56.52,10.84,2.0,0.999985273593768,0.3333333333333333,K303R,False,,0.13333333333333333,0.0,0.0,0.0,0.0,0.0,0.0,0.06666666666666667,0.0,0.13333333333333333,0.13333333333333333,0.06666666666666667,0.06666666666666667,0.0,0.13333333333333333,0.0,0.06666666666666667,0.06666666666666667,0.06666666666666667,0.06666666666666667,0.6666593034635506
ep_17333,FLESSMETNIHVIKF,15,1795.06,0.31,0.13,56.85,5.4,-0.91,0.9999850370357428,0.3333333333333333,S463P,False,,0.0,0.0,0.0,0.13333333333333333,0.13333333333333333,0.0,0.06666666666666667,0.13333333333333333,0.06666666666666667,0.06666666666666667,0.06666666666666667,0.06666666666666667,0.0,0.0,0.0,0.13333333333333333,0.06666666666666667,0.06666666666666667,0.0,0.0,0.666659185184538
ep_61225,PQARAVLRDVCKGLQ,15,1653.95,-0.22,0.0,51.09,9.56,1.95,0.9999849733427544,0.3333333333333333,K303R,False,,0.13333333333333333,0.06666666666666667,0.06666666666666667,0.0,0.0,0.06666666666666667,0.0,0.0,0.06666666666666667,0.13333333333333333,0.0,0.0,0.06666666666666667,0.13333333333333333,0.13333333333333333,0.0,0.0,0.13333333333333333,0.0,0.0,0.6666591533380438
ep_23381,LLTLRIWLRFALVIL,15,1840.34,2.0,0.13,56.08,12.0,2.0,0.9999845974569008,0.3333333333333333,E380Q,False,,0.06666666666666667,0.0,0.0,0.0,0.06666666666666667,0.0,0.0,0.13333333333333333,0.0,0.4,0.0,0.0,0.0,0.0,0.13333333333333333,0.0,0.06666666666666667,0.06666666666666667,0.06666666666666667,0.0,0.666658965395117
ep_10012,VGPPHPRPAALPRAA,15,1506.75,-0.36,0.0,43.06,12.0,2.09,0.9999842845552874,0.3333333333333333,L536H,False,,0.26666666666666666,0.0,0.0,0.0,0.0,0.06666666666666667,0.06666666666666667,0.0,0.0,0.06666666666666667,0.0,0.0,0.3333333333333333,0.0,0.13333333333333333,0.0,0.0,0.06666666666666667,0.0,0.0,0.6666588089443104
ep_57112,RHYDIVLVDTPPNLG,15,1708.91,-0.22,0.07,54.39,5.21,-0.91,0.9999841525388719,0.3333333333333333,E380Q,False,,0.0,0.0,0.13333333333333333,0.0,0.0,0.06666666666666667,0.06666666666666667,0.06666666666666667,0.0,0.13333333333333333,0.0,0.06666666666666667,0.13333333333333333,0.0,0.06666666666666667,0.0,0.06666666666666667,0.13333333333333333,0.0,0.06666666666666667,0.6666587429361026
ep_48241,AARIFQKMRSLGIKP,15,1716.1,-0.13,0.07,38.99,12.0,4.0,0.9999838049658557,0.3333333333333333,K303R,False,,0.13333333333333333,0.0,0.0,0.0,0.06666666666666667,0.06666666666666667,0.0,0.13333333333333333,0.13333333333333333,0.06666666666666667,0.06666666666666667,0.0,0.06666666666666667,0.06666666666666667,0.13333333333333333,0.06666666666666667,0.0,0.0,0.0,0.0,0.6666585691495945
ep_54149,SIHSINVQACVDAEG,15,1542.67,0.29,0.0,31.81,4.35,-1.95,0.9999830986543693,0.3333333333333333,E380Q,False,,0.13333333333333333,0.06666666666666667,0.06666666666666667,0.06666666666666667,0.0,0.06666666666666667,0.06666666666666667,0.13333333333333333,0.0,0.0,0.0,0.06666666666666667,0.0,0.06666666666666667,0.0,0.13333333333333333,0.0,0.13333333333333333,0.0,0.0,0.6666582159938513
ep_7978,TERALALIRRMRELG,15,1785.12,-0.31,0.0,55.33,11.52,2.0,0.9999827702414824,0.3333333333333333,K303R,False,,0.13333333333333333,0.0,0.0,0.13333333333333333,0.0,0.06666666666666667,0.0,0.06666666666666667,0.0,0.2,0.06666666666666667,0.0,0.0,0.0,0.26666666666666666,0.0,0.06666666666666667,0.0,0.0,0.0,0.6666580517874079
ep_59488,WNCLTTLPKEIGLLS,15,1688.0,0.41,0.07,54.16,5.99,-0.05,0.9999827497773395,0.3333333333333333,E380Q,False,,0.0,0.06666666666666667,0.0,0.06666666666666667,0.0,0.06666666666666667,0.0,0.06666666666666667,0.06666666666666667,0.26666666666666666,0.0,0.06666666666666667,0.06666666666666667,0.0,0.0,0.06666666666666667,0.13333333333333333,0.0,0.06666666666666667,0.0,0.6666580415553364
ep_1323,VDPALVFACIKAESG,15,1519.76,0.91,0.07,48.63,4.37,-1.04,0.9999823020388618,0.3333333333333333,K303R,False,,0.2,0.06666666666666667,0.06666666666666667,0.06666666666666667,0.06666666666666667,0.06666666666666667,0.0,0.06666666666666667,0.06666666666666667,0.06666666666666667,0.0,0.0,0.06666666666666667,0.0,0.0,0.06666666666666667,0.0,0.13333333333333333,0.0,0.0,0.6666578176860976
ep_30910,PGVHRPHPRGRPPSG,15,1603.79,-1.71,0.0,48.09,12.0,3.18,0.999980768445363,0.3333333333333333,K303R,False,,0.0,0.0,0.0,0.0,0.0,0.2,0.13333333333333333,0.0,0.0,0.0,0.0,0.0,0.3333333333333333,0.0,0.2,0.06666666666666667,0.0,0.06666666666666667,0.0,0.0,0.6666570508893481
ep_35428,PYTEAQLQRIYHEIA,15,1832.02,-0.68,0.13,59.31,5.41,-0.91,0.9999806959758835,0.3333333333333333,E380Q,False,,0.13333333333333333,0.0,0.0,0.13333333333333333,0.0,0.0,0.06666666666666667,0.13333333333333333,0.0,0.06666666666666667,0.0,0.0,0.06666666666666667,0.13333333333333333,0.06666666666666667,0.0,0.06666666666666667,0.0,0.0,0.13333333333333333,0.6666570146546084
ep_57224,SSTTNTMSTSLTTSS,15,1505.56,-0.45,0.0,48.63,5.24,-0.0,0.9999804167089512,0.3333333333333333,K303R,False,,0.0,0.0,0.0,0.0,0.0,0.0,0.0,0.0,0.0,0.06666666666666667,0.06666666666666667,0.06666666666666667,0.0,0.0,0.0,0.4,0.4,0.0,0.0,0.0,0.6666568750211422
ep_43343,LLEALEHVRSVVAEL,15,1677.94,0.83,0.0,33.6,4.75,-1.91,0.9999802316338179,0.3333333333333333,E380Q,False,,0.13333333333333333,0.0,0.0,0.2,0.0,0.0,0.06666666666666667,0.0,0.0,0.26666666666666666,0.0,0.0,0.0,0.0,0.06666666666666667,0.06666666666666667,0.0,0.2,0.0,0.0,0.6666567824835756
ep_14442,IWKKYCEDHGISLPS,15,1776.02,-0.57,0.13,35.28,6.74,0.05,0.9999794870076538,0.3333333333333333,K303R,False,LPS,0.0,0.06666666666666667,0.06666666666666667,0.06666666666666667,0.0,0.06666666666666667,0.06666666666666667,0.13333333333333333,0.13333333333333333,0.06666666666666667,0.0,0.0,0.06666666666666667,0.0,0.0,0.13333333333333333,0.0,0.0,0.06666666666666667,0.06666666666666667,0.6666564101704936
ep_57419,NDSYIIPNYELHYDD,15,1870.92,-1.18,0.2,60.31,4.05,-3.91,0.9999790444666942,0.3333333333333333,L536H,False,,0.0,0.0,0.2,0.06666666666666667,0.0,0.0,0.06666666666666667,0.13333333333333333,0.0,0.06666666666666667,0.0,0.13333333333333333,0.06666666666666667,0.0,0.0,0.06666666666666667,0.0,0.0,0.0,0.2,0.6666561889000138
ep_16297,QRMPRGTLLAALRAA,15,1624.95,0.05,0.0,35.12,12.0,3.0,0.9999788411866272,0.3333333333333333,E380Q,False,,0.26666666666666666,0.0,0.0,0.0,0.0,0.06666666666666667,0.0,0.0,0.0,0.2,0.06666666666666667,0.0,0.06666666666666667,0.06666666666666667,0.2,0.0,0.06666666666666667,0.0,0.0,0.0,0.6666560872599803
ep_41573,PPPTSTTTPPTTSTS,15,1472.55,-1.02,0.0,47.85,5.95,-0.0,0.9999783861154301,0.3333333333333333,K303R,False,,0.0,0.0,0.0,0.0,0.0,0.0,0.0,0.0,0.0,0.0,0.0,0.0,0.3333333333333333,0.0,0.0,0.2,0.4666666666666667,0.0,0.0,0.0,0.6666558597243817
ep_38332,TAADYAALFRALGRQ,15,1623.81,0.07,0.13,32.3,8.41,1.0,0.9999777120413944,0.3333333333333333,E380Q,False,,0.3333333333333333,0.0,0.06666666666666667,0.0,0.06666666666666667,0.06666666666666667,0.0,0.0,0.0,0.13333333333333333,0.0,0.0,0.0,0.06666666666666667,0.13333333333333333,0.0,0.06666666666666667,0.0,0.0,0.06666666666666667,0.6666555226873638
ep_27398,NEQTLNDLKNIINQY,15,1819.97,-1.15,0.07,35.75,4.37,-1.0,0.9999774048480143,0.3333333333333333,E380Q,False,LND,0.0,0.0,0.06666666666666667,0.06666666666666667,0.0,0.0,0.0,0.13333333333333333,0.06666666666666667,0.13333333333333333,0.0,0.26666666666666666,0.0,0.13333333333333333,0.0,0.0,0.06666666666666667,0.0,0.0,0.06666666666666667,0.6666553690906738
ep_56515,FRAALTEALGELVRR,15,1701.97,0.15,0.07,55.33,9.51,1.0,0.9999773982774222,0.3333333333333333,S463P,False,,0.2,0.0,0.0,0.13333333333333333,0.06666666666666667,0.06666666666666667,0.0,0.0,0.0,0.2,0.0,0.0,0.0,0.0,0.2,0.0,0.06666666666666667,0.06666666666666667,0.0,0.0,0.6666553658053778
ep_45467,NYMDIAYSIWTFLHD,15,1889.09,0.04,0.27,36.83,4.51,-1.91,0.9999763830265648,0.3333333333333333,E380Q,False,,0.06666666666666667,0.0,0.13333333333333333,0.0,0.06666666666666667,0.0,0.06666666666666667,0.13333333333333333,0.0,0.06666666666666667,0.06666666666666667,0.06666666666666667,0.0,0.0,0.0,0.06666666666666667,0.06666666666666667,0.0,0.06666666666666667,0.13333333333333333,0.6666548581799491
ep_56267,QRTQEIGVRMALGAQ,15,1657.89,-0.43,0.0,32.55,9.6,1.0,0.9999747759571076,0.3333333333333333,E380Q,False,,0.13333333333333333,0.0,0.0,0.06666666666666667,0.0,0.13333333333333333,0.0,0.06666666666666667,0.0,0.06666666666666667,0.06666666666666667,0.0,0.0,0.2,0.13333333333333333,0.0,0.06666666666666667,0.06666666666666667,0.0,0.0,0.6666540546452204
ep_23288,MVWLVLLVCVVFYVI,15,1796.33,3.07,0.2,34.27,5.27,-0.05,0.999973214192916,0.3333333333333333,E380Q,False,,0.0,0.06666666666666667,0.0,0.0,0.06666666666666667,0.0,0.0,0.06666666666666667,0.0,0.2,0.06666666666666667,0.0,0.0,0.0,0.0,0.0,0.0,0.4,0.06666666666666667,0.06666666666666667,0.6666532737631247
ep_16446,TQVCKLMHAFARAGV,15,1631.96,0.57,0.07,31.81,9.5,2.04,0.9999730091579437,0.3333333333333333,E380Q,False,,0.2,0.06666666666666667,0.0,0.0,0.06666666666666667,0.06666666666666667,0.06666666666666667,0.0,0.06666666666666667,0.06666666666666667,0.06666666666666667,0.0,0.0,0.06666666666666667,0.06666666666666667,0.0,0.06666666666666667,0.13333333333333333,0.0,0.0,0.6666531712456385
ep_17683,AWQLCRHLASLPEFP,15,1768.05,0.05,0.13,59.44,6.78,0.05,0.9999724921759762,0.3333333333333333,K303R,False,,0.13333333333333333,0.06666666666666667,0.0,0.06666666666666667,0.06666666666666667,0.0,0.06666666666666667,0.0,0.0,0.2,0.0,0.0,0.13333333333333333,0.06666666666666667,0.06666666666666667,0.06666666666666667,0.0,0.0,0.06666666666666667,0.0,0.6666529127546548
ep_2416,DKAKLKKILSILQKE,15,1755.15,-0.57,0.0,34.11,9.83,3.0,0.9999723107312956,0.3333333333333333,K303R,False,,0.06666666666666667,0.0,0.06666666666666667,0.06666666666666667,0.0,0.0,0.0,0.13333333333333333,0.3333333333333333,0.2,0.0,0.0,0.0,0.06666666666666667,0.0,0.06666666666666667,0.0,0.0,0.0,0.0,0.6666528220323145
ep_43765,WLVLLVCVVFYVINH,15,1817.24,2.22,0.2,34.27,6.73,0.04,0.9999722332214275,0.3333333333333333,E380Q,False,,0.0,0.06666666666666667,0.0,0.0,0.06666666666666667,0.0,0.06666666666666667,0.06666666666666667,0.0,0.2,0.0,0.06666666666666667,0.0,0.0,0.0,0.0,0.0,0.3333333333333333,0.06666666666666667,0.06666666666666667,0.6666527832773804
ep_60082,MPRGTLLAALRAAAP,15,1508.83,0.6,0.0,47.96,12.0,2.0,0.9999718880342028,0.3333333333333333,E380Q,False,,0.3333333333333333,0.0,0.0,0.0,0.0,0.06666666666666667,0.0,0.0,0.0,0.2,0.06666666666666667,0.0,0.13333333333333333,0.0,0.13333333333333333,0.0,0.06666666666666667,0.0,0.0,0.0,0.666652610683768
ep_238,DEGEDVRRAVVQLCG,15,1645.79,-0.44,0.0,55.33,4.32,-2.04,0.9999717158704207,0.3333333333333333,E380Q,False,,0.06666666666666667,0.06666666666666667,0.13333333333333333,0.13333333333333333,0.0,0.13333333333333333,0.0,0.0,0.0,0.06666666666666667,0.0,0.0,0.0,0.06666666666666667,0.13333333333333333,0.0,0.0,0.2,0.0,0.0,0.666652524601877
ep_8650,VLLVLVAVSFAIFYV,15,1653.05,2.93,0.2,31.07,5.49,-0.0,0.999971096865208,0.3333333333333333,E380Q,False,,0.13333333333333333,0.0,0.0,0.0,0.13333333333333333,0.0,0.0,0.06666666666666667,0.0,0.2,0.0,0.0,0.0,0.0,0.0,0.06666666666666667,0.0,0.3333333333333333,0.0,0.06666666666666667,0.6666522150992706
ep_55461,IHRDIKPANILVTDG,15,1661.9,-0.1,0.0,56.19,6.75,0.09,0.9999708273566842,0.3333333333333333,K303R,False,,0.06666666666666667,0.0,0.13333333333333333,0.0,0.0,0.06666666666666667,0.06666666666666667,0.2,0.06666666666666667,0.06666666666666667,0.0,0.06666666666666667,0.06666666666666667,0.0,0.06666666666666667,0.0,0.06666666666666667,0.06666666666666667,0.0,0.0,0.6666520803450088
ep_58741,ENIMVFRNGEIKLID,15,1791.08,-0.01,0.07,33.33,4.87,-1.0,0.999970721801969,0.3333333333333333,Y537N,False,,0.0,0.0,0.06666666666666667,0.13333333333333333,0.06666666666666667,0.06666666666666667,0.0,0.2,0.06666666666666667,0.06666666666666667,0.06666666666666667,0.13333333333333333,0.0,0.0,0.06666666666666667,0.0,0.0,0.06666666666666667,0.0,0.0,0.6666520275676512
ep_10816,TTFLAVLSKCPFPTH,15,1661.96,0.57,0.13,56.08,7.92,1.04,0.9999702796219779,0.3333333333333333,E380Q,False,,0.06666666666666667,0.06666666666666667,0.0,0.0,0.13333333333333333,0.0,0.06666666666666667,0.0,0.06666666666666667,0.13333333333333333,0.0,0.0,0.13333333333333333,0.0,0.0,0.06666666666666667,0.2,0.06666666666666667,0.0,0.0,0.6666518064776557
ep_30403,NKIQTLSPNMFDGLT,15,1678.9,-0.35,0.07,56.98,5.84,-0.0,0.9999700752387051,0.3333333333333333,Y537S,False,,0.0,0.0,0.06666666666666667,0.0,0.06666666666666667,0.06666666666666667,0.0,0.06666666666666667,0.06666666666666667,0.13333333333333333,0.06666666666666667,0.13333333333333333,0.06666666666666667,0.06666666666666667,0.0,0.06666666666666667,0.13333333333333333,0.0,0.0,0.0,0.6666517042860192
ep_53679,HFILDVILDFLHKVS,15,1796.12,1.09,0.13,33.2,5.98,-0.82,0.999969964231398,0.3333333333333333,E380Q,False,,0.0,0.0,0.13333333333333333,0.0,0.13333333333333333,0.0,0.13333333333333333,0.13333333333333333,0.06666666666666667,0.2,0.0,0.0,0.0,0.0,0.0,0.06666666666666667,0.0,0.13333333333333333,0.0,0.0,0.6666516487823656
ep_10558,TLLEPHLPPGTEVVL,15,1614.88,0.45,0.0,55.03,4.5,-1.91,0.9999684278850223,0.3333333333333333,E380Q,False,,0.0,0.0,0.0,0.13333333333333333,0.0,0.06666666666666667,0.06666666666666667,0.0,0.0,0.26666666666666666,0.0,0.0,0.2,0.0,0.0,0.0,0.13333333333333333,0.13333333333333333,0.0,0.0,0.6666508806091778
ep_30675,TCPPDDRHHLMPDER,15,1818.99,-1.78,0.0,62.07,5.25,-1.86,0.9999676393925304,0.3333333333333333,K303R,False,,0.0,0.06666666666666667,0.2,0.06666666666666667,0.0,0.0,0.13333333333333333,0.0,0.0,0.06666666666666667,0.06666666666666667,0.0,0.2,0.0,0.13333333333333333,0.0,0.06666666666666667,0.0,0.0,0.0,0.6666504863629319
ep_19718,HEIIFCPPHPKKTSS,15,1720.99,-0.7,0.07,58.77,8.22,1.14,0.9999669679371903,0.3333333333333333,K303R,False,,0.0,0.06666666666666667,0.0,0.06666666666666667,0.06666666666666667,0.0,0.13333333333333333,0.13333333333333333,0.13333333333333333,0.0,0.0,0.0,0.2,0.0,0.0,0.13333333333333333,0.06666666666666667,0.0,0.0,0.0,0.6666501506352618
ep_46919,QLRVWSATDGECRDS,15,1722.83,-0.95,0.07,59.28,4.56,-1.04,0.9999659155030348,0.3333333333333333,K303R,False,,0.06666666666666667,0.06666666666666667,0.13333333333333333,0.06666666666666667,0.0,0.06666666666666667,0.0,0.0,0.0,0.06666666666666667,0.0,0.0,0.0,0.06666666666666667,0.13333333333333333,0.13333333333333333,0.06666666666666667,0.06666666666666667,0.06666666666666667,0.0,0.6666496244181841
ep_55561,VAAATAVLAQTYAAG,15,1377.54,1.21,0.07,25.12,5.49,-0.0,0.9999650922581215,0.3333333333333333,E380Q,False,,0.4666666666666667,0.0,0.0,0.0,0.0,0.06666666666666667,0.0,0.0,0.0,0.06666666666666667,0.0,0.0,0.0,0.06666666666666667,0.0,0.0,0.13333333333333333,0.13333333333333333,0.0,0.06666666666666667,0.6666492127957274
ep_6155,IVHRDIKPENILVSS,15,1719.98,0.03,0.0,59.55,6.75,0.09,0.9999645294622056,0.3333333333333333,K303R,False,,0.0,0.0,0.06666666666666667,0.06666666666666667,0.0,0.0,0.06666666666666667,0.2,0.06666666666666667,0.06666666666666667,0.0,0.06666666666666667,0.06666666666666667,0.0,0.06666666666666667,0.13333333333333333,0.0,0.13333333333333333,0.0,0.0,0.6666489313977695
ep_9494,IYHEIASGLAFLHQN,15,1712.9,0.24,0.13,30.4,5.98,-0.82,0.9999640845296722,0.3333333333333333,L536H,False,,0.13333333333333333,0.0,0.0,0.06666666666666667,0.06666666666666667,0.06666666666666667,0.13333333333333333,0.13333333333333333,0.0,0.13333333333333333,0.0,0.06666666666666667,0.0,0.06666666666666667,0.0,0.06666666666666667,0.0,0.0,0.0,0.06666666666666667,0.6666487089315027
ep_54366,TAATTATGTSTAPSG,15,1294.32,-0.07,0.0,23.69,5.18,-0.0,0.999963947619949,0.3333333333333333,S463P,False,,0.26666666666666666,0.0,0.0,0.0,0.0,0.13333333333333333,0.0,0.0,0.0,0.0,0.0,0.0,0.06666666666666667,0.0,0.0,0.13333333333333333,0.4,0.0,0.0,0.0,0.6666486404766412
ep_11499,HSRLLAAMHAQRCRD,15,1765.03,-0.69,0.0,60.36,10.26,2.14,0.9999639261272337,0.3333333333333333,K303R,False,,0.2,0.06666666666666667,0.06666666666666667,0.0,0.0,0.0,0.13333333333333333,0.0,0.0,0.13333333333333333,0.06666666666666667,0.0,0.0,0.06666666666666667,0.2,0.06666666666666667,0.0,0.0,0.0,0.0,0.6666486297302835
ep_65856,WSTDNICNALNWITH,15,1787.95,-0.27,0.13,31.71,5.08,-0.96,0.999963730408435,0.3333333333333333,K303R,False,,0.06666666666666667,0.06666666666666667,0.06666666666666667,0.0,0.0,0.0,0.06666666666666667,0.13333333333333333,0.0,0.06666666666666667,0.0,0.2,0.0,0.0,0.0,0.06666666666666667,0.13333333333333333,0.0,0.13333333333333333,0.0,0.6666485318708841
ep_30784,VFEYMAGGSLGTYIH,15,1644.84,0.47,0.2,57.65,5.24,-0.91,0.9999609289579612,0.3333333333333333,L536H,False,,0.06666666666666667,0.0,0.0,0.06666666666666667,0.06666666666666667,0.2,0.06666666666666667,0.06666666666666667,0.0,0.06666666666666667,0.06666666666666667,0.0,0.0,0.0,0.0,0.06666666666666667,0.06666666666666667,0.06666666666666667,0.0,0.13333333333333333,0.6666471311456472
ep_35731,LLLVAVAIWLLSRVF,15,1713.16,2.42,0.13,30.4,9.75,1.0,0.9999603321032168,0.3333333333333333,E380Q,False,,0.13333333333333333,0.0,0.0,0.0,0.06666666666666667,0.0,0.0,0.06666666666666667,0.0,0.3333333333333333,0.0,0.0,0.0,0.0,0.06666666666666667,0.06666666666666667,0.0,0.2,0.06666666666666667,0.0,0.6666468327182751
ep_48608,RIYHEIASGLAFLHQ,15,1754.98,0.17,0.13,30.4,6.92,0.18,0.9999601668027914,0.3333333333333333,L536H,False,,0.13333333333333333,0.0,0.0,0.06666666666666667,0.06666666666666667,0.06666666666666667,0.13333333333333333,0.13333333333333333,0.0,0.13333333333333333,0.0,0.0,0.0,0.06666666666666667,0.06666666666666667,0.06666666666666667,0.0,0.0,0.0,0.06666666666666667,0.6666467500680624
ep_33712,QRIYHEIASGLAFLH,15,1754.98,0.17,0.13,30.4,6.92,0.18,0.9999601668027914,0.3333333333333333,L536H,False,,0.13333333333333333,0.0,0.0,0.06666666666666667,0.06666666666666667,0.06666666666666667,0.13333333333333333,0.13333333333333333,0.0,0.13333333333333333,0.0,0.0,0.0,0.06666666666666667,0.06666666666666667,0.06666666666666667,0.0,0.0,0.0,0.06666666666666667,0.6666467500680624
ep_58883,CSKRIVFRNIYYNVT,15,1876.19,-0.09,0.2,65.49,9.78,2.95,0.9999586572671633,0.3333333333333333,K303R,False,,0.0,0.06666666666666667,0.0,0.0,0.06666666666666667,0.0,0.0,0.13333333333333333,0.06666666666666667,0.0,0.0,0.13333333333333333,0.0,0.0,0.13333333333333333,0.06666666666666667,0.06666666666666667,0.13333333333333333,0.0,0.13333333333333333,0.6666459953002483
ep_30716,KHARKILEDCGFEVA,15,1715.97,-0.33,0.07,29.35,6.75,0.05,0.9999581541783475,0.3333333333333333,L536H,False,,0.13333333333333333,0.06666666666666667,0.06666666666666667,0.13333333333333333,0.06666666666666667,0.06666666666666667,0.06666666666666667,0.06666666666666667,0.13333333333333333,0.06666666666666667,0.0,0.0,0.0,0.0,0.06666666666666667,0.0,0.0,0.06666666666666667,0.0,0.0,0.6666457437558404
ep_55119,HNVRDILKQYAKAAG,15,1683.91,-0.65,0.07,58.82,9.7,2.09,0.9999578858389004,0.3333333333333333,E380Q,False,,0.2,0.0,0.06666666666666667,0.0,0.0,0.06666666666666667,0.06666666666666667,0.06666666666666667,0.13333333333333333,0.06666666666666667,0.0,0.06666666666666667,0.0,0.06666666666666667,0.06666666666666667,0.0,0.0,0.06666666666666667,0.0,0.06666666666666667,0.6666456095861168
ep_19138,HARKILEDCGFEVAE,15,1716.91,-0.31,0.07,29.35,5.01,-1.95,0.9999578354796181,0.3333333333333333,L536H,False,,0.13333333333333333,0.06666666666666667,0.06666666666666667,0.2,0.06666666666666667,0.06666666666666667,0.06666666666666667,0.06666666666666667,0.06666666666666667,0.06666666666666667,0.0,0.0,0.0,0.0,0.06666666666666667,0.0,0.0,0.06666666666666667,0.0,0.0,0.6666455844064757
ep_57870,FITDICDGLRYLHSL,15,1766.03,0.52,0.13,29.99,5.21,-0.96,0.9999572089247841,0.3333333333333333,E380Q,False,,0.0,0.06666666666666667,0.13333333333333333,0.0,0.06666666666666667,0.06666666666666667,0.06666666666666667,0.13333333333333333,0.0,0.2,0.0,0.0,0.0,0.0,0.06666666666666667,0.06666666666666667,0.06666666666666667,0.0,0.0,0.06666666666666667,0.6666452711290587
ep_60314,PENILLDENFVPKVA,15,1697.93,0.03,0.07,60.21,4.14,-2.0,0.9999565333745276,0.3333333333333333,E380Q,False,,0.06666666666666667,0.0,0.06666666666666667,0.13333333333333333,0.06666666666666667,0.0,0.0,0.06666666666666667,0.06666666666666667,0.13333333333333333,0.0,0.13333333333333333,0.13333333333333333,0.0,0.0,0.0,0.0,0.13333333333333333,0.0,0.0,0.6666449333539305
ep_2601,RCSEHEAALYAADVA,15,1605.73,-0.05,0.07,27.27,4.65,-1.95,0.9999565236126907,0.3333333333333333,L536H,False,,0.3333333333333333,0.06666666666666667,0.06666666666666667,0.13333333333333333,0.0,0.0,0.06666666666666667,0.0,0.0,0.06666666666666667,0.0,0.0,0.0,0.0,0.06666666666666667,0.06666666666666667,0.0,0.06666666666666667,0.0,0.06666666666666667,0.666644928473012
ep_49413,PALAAALEAAAATAA,15,1282.44,1.32,0.0,22.17,4.05,-1.0,0.9999548512631943,0.3333333333333333,L536H,False,,0.6666666666666666,0.0,0.0,0.06666666666666667,0.0,0.0,0.0,0.0,0.0,0.13333333333333333,0.0,0.0,0.06666666666666667,0.0,0.0,0.0,0.06666666666666667,0.0,0.0,0.0,0.6666440922982638
ep_14182,QNAHINALLDDVCQL,15,1666.85,0.13,0.0,27.94,4.2,-1.95,0.9999544707411947,0.3333333333333333,E380Q,False,,0.13333333333333333,0.06666666666666667,0.13333333333333333,0.0,0.0,0.0,0.06666666666666667,0.06666666666666667,0.0,0.2,0.0,0.13333333333333333,0.0,0.13333333333333333,0.0,0.0,0.0,0.06666666666666667,0.0,0.0,0.666643902037264
ep_20553,HRHATSMLLLVYILL,15,1780.18,1.18,0.07,29.99,8.76,1.18,0.9999543198714298,0.3333333333333333,E380Q,False,,0.06666666666666667,0.0,0.0,0.0,0.0,0.0,0.13333333333333333,0.06666666666666667,0.0,0.3333333333333333,0.06666666666666667,0.0,0.0,0.0,0.06666666666666667,0.06666666666666667,0.06666666666666667,0.06666666666666667,0.0,0.06666666666666667,0.6666438266023815
ep_62239,VLLRFFPAKPFTSQF,15,1798.13,0.55,0.27,63.48,11.0,2.0,0.9999540348274311,0.3333333333333333,S463P,False,,0.06666666666666667,0.0,0.0,0.0,0.26666666666666666,0.0,0.0,0.0,0.06666666666666667,0.13333333333333333,0.0,0.0,0.13333333333333333,0.06666666666666667,0.06666666666666667,0.06666666666666667,0.06666666666666667,0.06666666666666667,0.0,0.0,0.6666436840803822
ep_19411,SFARLLEQYITEVFS,15,1803.02,0.34,0.2,29.99,4.53,-1.0,0.9999536007708031,0.3333333333333333,S463P,False,,0.06666666666666667,0.0,0.0,0.13333333333333333,0.13333333333333333,0.0,0.0,0.06666666666666667,0.0,0.13333333333333333,0.0,0.0,0.0,0.06666666666666667,0.06666666666666667,0.13333333333333333,0.06666666666666667,0.06666666666666667,0.0,0.06666666666666667,0.6666434670520682
ep_52364,HSTFTICEYLRMIGR,15,1827.14,0.03,0.13,30.4,8.23,1.05,0.9999529688327415,0.3333333333333333,K303R,False,,0.0,0.06666666666666667,0.0,0.06666666666666667,0.06666666666666667,0.06666666666666667,0.06666666666666667,0.13333333333333333,0.0,0.06666666666666667,0.06666666666666667,0.0,0.0,0.0,0.13333333333333333,0.06666666666666667,0.13333333333333333,0.0,0.0,0.06666666666666667,0.6666431510830374
ep_49420,AWQLQLLEGAKAAAA,15,1540.76,0.43,0.07,25.41,6.05,-0.0,0.9999518666596429,0.3333333333333333,E380Q,False,,0.4,0.0,0.0,0.06666666666666667,0.0,0.06666666666666667,0.0,0.0,0.06666666666666667,0.2,0.0,0.0,0.0,0.13333333333333333,0.0,0.0,0.0,0.0,0.06666666666666667,0.0,0.6666425999964881
ep_20258,VQRVARECADALVYL,15,1705.98,0.49,0.07,27.94,6.03,-0.05,0.999951512197768,0.3333333333333333,L536H,False,,0.2,0.06666666666666667,0.06666666666666667,0.06666666666666667,0.0,0.0,0.0,0.0,0.0,0.13333333333333333,0.0,0.0,0.0,0.06666666666666667,0.13333333333333333,0.0,0.0,0.2,0.0,0.06666666666666667,0.6666424227655506
ep_55986,AHINALLDDVCQLFH,15,1708.93,0.57,0.07,27.94,5.05,-1.86,0.9999508977601539,0.3333333333333333,E380Q,False,,0.13333333333333333,0.06666666666666667,0.13333333333333333,0.0,0.06666666666666667,0.0,0.13333333333333333,0.06666666666666667,0.0,0.2,0.0,0.06666666666666667,0.0,0.06666666666666667,0.0,0.0,0.0,0.06666666666666667,0.0,0.0,0.6666421155467436
ep_47890,VWRHVESHIRAVLAL,15,1786.09,0.51,0.07,64.31,9.58,1.18,0.9999497626947658,0.3333333333333333,K303R,False,,0.13333333333333333,0.0,0.0,0.06666666666666667,0.0,0.0,0.13333333333333333,0.06666666666666667,0.0,0.13333333333333333,0.0,0.0,0.0,0.0,0.13333333333333333,0.06666666666666667,0.0,0.2,0.06666666666666667,0.0,0.6666415480140495
ep_8812,AWLLAACLVFLLLSD,15,1648.02,2.17,0.13,59.69,4.3,-1.05,0.9999490665051206,0.3333333333333333,E380Q,False,LSD,0.2,0.06666666666666667,0.06666666666666667,0.0,0.06666666666666667,0.0,0.0,0.0,0.0,0.4,0.0,0.0,0.0,0.0,0.0,0.06666666666666667,0.0,0.06666666666666667,0.06666666666666667,0.0,0.666641199919227
ep_7877,PEEAETLLRDTYAAL,15,1691.83,-0.4,0.07,61.26,4.05,-3.0,0.9999485206460114,0.3333333333333333,L536H,False,,0.2,0.0,0.06666666666666667,0.2,0.0,0.0,0.0,0.0,0.0,0.2,0.0,0.0,0.06666666666666667,0.0,0.06666666666666667,0.0,0.13333333333333333,0.0,0.0,0.06666666666666667,0.6666409269896724
ep_11696,FMALMAAFQVLLSRY,15,1761.16,1.35,0.2,28.57,8.75,1.0,0.9999482450228396,0.3333333333333333,E380Q,False,,0.2,0.0,0.0,0.0,0.13333333333333333,0.0,0.0,0.0,0.0,0.2,0.13333333333333333,0.0,0.0,0.06666666666666667,0.06666666666666667,0.06666666666666667,0.0,0.06666666666666667,0.0,0.06666666666666667,0.6666407891780864
ep_23440,VLIGLVGTAVVFPAV,15,1454.79,2.43,0.07,23.69,5.49,-0.0,0.9999480763404142,0.3333333333333333,S463P,False,,0.13333333333333333,0.0,0.0,0.0,0.06666666666666667,0.13333333333333333,0.0,0.06666666666666667,0.0,0.13333333333333333,0.0,0.0,0.06666666666666667,0.0,0.0,0.0,0.06666666666666667,0.3333333333333333,0.0,0.0,0.6666407048368738
ep_4650,TPHPPTSHTTLPHPT,15,1620.76,-1.21,0.0,26.15,6.73,0.27,0.999948041192023,0.3333333333333333,S463P,False,,0.0,0.0,0.0,0.0,0.0,0.0,0.2,0.0,0.0,0.06666666666666667,0.0,0.0,0.3333333333333333,0.0,0.0,0.06666666666666667,0.3333333333333333,0.0,0.0,0.0,0.6666406872626781
ep_49328,LLSYGKTEIDTKAIL,15,1664.94,0.23,0.07,26.51,6.07,-0.0,0.9999468440100373,0.3333333333333333,S463P,False,,0.06666666666666667,0.0,0.06666666666666667,0.06666666666666667,0.0,0.06666666666666667,0.0,0.13333333333333333,0.13333333333333333,0.2,0.0,0.0,0.0,0.0,0.0,0.06666666666666667,0.13333333333333333,0.0,0.0,0.06666666666666667,0.6666400886716853
ep_52514,AAAATLLAALVVAPL,15,1364.67,2.26,0.0,22.17,5.57,-0.0,0.9999461416734388,0.3333333333333333,E380Q,False,,0.4666666666666667,0.0,0.0,0.0,0.0,0.0,0.0,0.0,0.0,0.26666666666666666,0.0,0.0,0.06666666666666667,0.0,0.0,0.0,0.06666666666666667,0.13333333333333333,0.0,0.0,0.666639737503386
ep_16018,RILKRCDESTLTWDS,15,1823.04,-0.85,0.07,66.75,6.11,-0.04,0.9999457243928489,0.3333333333333333,K303R,False,,0.0,0.06666666666666667,0.13333333333333333,0.06666666666666667,0.0,0.0,0.0,0.06666666666666667,0.06666666666666667,0.13333333333333333,0.0,0.0,0.0,0.0,0.13333333333333333,0.13333333333333333,0.13333333333333333,0.0,0.06666666666666667,0.0,0.6666395288630911
ep_398,TRKMVTQHDFVNAIL,15,1773.06,-0.02,0.07,28.19,8.44,1.09,0.9999453377247489,0.3333333333333333,E380Q,False,,0.06666666666666667,0.0,0.06666666666666667,0.0,0.06666666666666667,0.0,0.06666666666666667,0.06666666666666667,0.06666666666666667,0.06666666666666667,0.06666666666666667,0.06666666666666667,0.0,0.06666666666666667,0.06666666666666667,0.0,0.13333333333333333,0.13333333333333333,0.0,0.0,0.6666393355290411
ep_4941,WSRAKCLQDAMDRAI,15,1764.04,-0.47,0.07,64.56,8.22,0.95,0.9999449567619366,0.3333333333333333,K303R,False,,0.2,0.06666666666666667,0.13333333333333333,0.0,0.0,0.0,0.0,0.06666666666666667,0.06666666666666667,0.06666666666666667,0.06666666666666667,0.0,0.0,0.06666666666666667,0.13333333333333333,0.06666666666666667,0.0,0.0,0.06666666666666667,0.0,0.666639145047635
ep_5714,TLEEVLKCVERLLRG,15,1758.09,0.11,0.0,27.56,5.9,-0.04,0.9999443756130095,0.3333333333333333,E380Q,False,,0.0,0.06666666666666667,0.0,0.2,0.0,0.06666666666666667,0.0,0.0,0.06666666666666667,0.26666666666666666,0.0,0.0,0.0,0.0,0.13333333333333333,0.0,0.06666666666666667,0.13333333333333333,0.0,0.0,0.6666388544731714
ep_61214,EQCIVHRDLNPSNIL,15,1750.97,-0.29,0.0,64.54,5.32,-0.95,0.9999433610527929,0.3333333333333333,K303R,False,,0.0,0.06666666666666667,0.06666666666666667,0.06666666666666667,0.0,0.0,0.06666666666666667,0.13333333333333333,0.0,0.13333333333333333,0.0,0.13333333333333333,0.06666666666666667,0.06666666666666667,0.06666666666666667,0.06666666666666667,0.0,0.06666666666666667,0.0,0.0,0.6666383471930631
ep_17412,LLTWRSWRLPRPRPP,15,1931.29,-1.09,0.13,69.91,12.0,4.0,0.9999427875491043,0.3333333333333333,K303R,False,,0.0,0.0,0.0,0.0,0.0,0.0,0.0,0.0,0.0,0.2,0.0,0.0,0.26666666666666666,0.0,0.26666666666666666,0.06666666666666667,0.06666666666666667,0.0,0.13333333333333333,0.0,0.6666380604412188
ep_50197,LTMVVFHRFQPRQTH,15,1897.21,-0.38,0.13,29.99,12.0,2.18,0.9999400547646576,0.3333333333333333,E380Q,False,,0.0,0.0,0.0,0.0,0.13333333333333333,0.0,0.13333333333333333,0.0,0.0,0.06666666666666667,0.06666666666666667,0.0,0.06666666666666667,0.13333333333333333,0.13333333333333333,0.0,0.13333333333333333,0.13333333333333333,0.0,0.0,0.6666366940489955
ep_640,HTMPRWQRTLLTLVA,15,1823.17,-0.07,0.07,66.76,12.0,2.09,0.9999397828572028,0.3333333333333333,E380Q,False,,0.06666666666666667,0.0,0.0,0.0,0.0,0.0,0.06666666666666667,0.0,0.0,0.2,0.06666666666666667,0.0,0.06666666666666667,0.06666666666666667,0.13333333333333333,0.0,0.2,0.06666666666666667,0.06666666666666667,0.0,0.666636558095268
ep_59590,YNIYKKLFEFCIEHN,15,1961.24,-0.45,0.27,73.02,6.75,0.05,0.9999388442683758,0.3333333333333333,S463P,False,,0.0,0.06666666666666667,0.0,0.13333333333333333,0.13333333333333333,0.0,0.06666666666666667,0.13333333333333333,0.13333333333333333,0.06666666666666667,0.0,0.13333333333333333,0.0,0.0,0.0,0.0,0.0,0.0,0.0,0.13333333333333333,0.6666360888008546
ep_35600,IIQTLIEMNIYITKE,15,1822.17,0.51,0.07,67.92,4.86,-1.0,0.9999386544856781,0.3333333333333333,S463P,False,,0.0,0.0,0.0,0.13333333333333333,0.0,0.0,0.0,0.3333333333333333,0.06666666666666667,0.06666666666666667,0.06666666666666667,0.06666666666666667,0.0,0.06666666666666667,0.0,0.0,0.13333333333333333,0.0,0.0,0.06666666666666667,0.6666359939095057
ep_60654,QVQSHVNACIDHMNS,15,1682.84,-0.43,0.0,62.89,5.97,-0.86,0.9999377660992811,0.3333333333333333,Y537N,False,,0.06666666666666667,0.06666666666666667,0.06666666666666667,0.0,0.0,0.0,0.13333333333333333,0.06666666666666667,0.0,0.0,0.06666666666666667,0.13333333333333333,0.0,0.13333333333333333,0.0,0.13333333333333333,0.0,0.13333333333333333,0.0,0.0,0.6666355497163072
ep_58398,HPADFAASSALLHAA,15,1478.61,0.54,0.07,22.41,5.97,-0.82,0.99993739568728,0.3333333333333333,E380Q,False,,0.4,0.0,0.06666666666666667,0.0,0.06666666666666667,0.0,0.13333333333333333,0.0,0.0,0.13333333333333333,0.0,0.0,0.06666666666666667,0.0,0.0,0.13333333333333333,0.0,0.0,0.0,0.0,0.6666353645103067
ep_30689,RIIWLRFRTIFVHSF,15,1991.39,0.72,0.27,30.4,12.0,3.09,0.9999341692406706,0.3333333333333333,K303R,False,,0.0,0.0,0.0,0.0,0.2,0.0,0.06666666666666667,0.2,0.0,0.06666666666666667,0.0,0.0,0.0,0.0,0.2,0.06666666666666667,0.06666666666666667,0.06666666666666667,0.06666666666666667,0.0,0.666633751287002
ep_10411,FRIIWLRFRTIFVHS,15,1991.39,0.72,0.27,30.4,12.0,3.09,0.9999341692406706,0.3333333333333333,K303R,False,,0.0,0.0,0.0,0.0,0.2,0.0,0.06666666666666667,0.2,0.0,0.06666666666666667,0.0,0.0,0.0,0.0,0.2,0.06666666666666667,0.06666666666666667,0.06666666666666667,0.06666666666666667,0.0,0.666633751287002
ep_21654,HRARLAWMLAALAAG,15,1607.92,0.71,0.07,25.12,12.0,2.09,0.9999339665401534,0.3333333333333333,L536H,False,,0.4,0.0,0.0,0.0,0.0,0.06666666666666667,0.06666666666666667,0.0,0.0,0.2,0.06666666666666667,0.0,0.0,0.0,0.13333333333333333,0.0,0.0,0.0,0.06666666666666667,0.0,0.6666336499367433
ep_52231,AATLLAVFAVVLAIL,15,1484.86,2.89,0.07,22.17,5.57,-0.0,0.9999336203391779,0.3333333333333333,E380Q,False,,0.3333333333333333,0.0,0.0,0.0,0.06666666666666667,0.0,0.0,0.06666666666666667,0.0,0.26666666666666666,0.0,0.0,0.0,0.0,0.0,0.0,0.06666666666666667,0.2,0.0,0.0,0.6666334768362556
ep_6796,ASPELEETCVRVMTR,15,1720.97,-0.33,0.0,65.0,4.79,-1.04,0.9999331380009792,0.3333333333333333,K303R,False,,0.06666666666666667,0.06666666666666667,0.0,0.2,0.0,0.0,0.0,0.0,0.0,0.06666666666666667,0.06666666666666667,0.0,0.06666666666666667,0.0,0.13333333333333333,0.06666666666666667,0.13333333333333333,0.13333333333333333,0.0,0.0,0.6666332356671563
ep_50987,TEAQLQRIYHEIASG,15,1715.86,-0.57,0.07,64.97,5.37,-0.91,0.9999321320753974,0.3333333333333333,E380Q,False,,0.13333333333333333,0.0,0.0,0.13333333333333333,0.0,0.06666666666666667,0.06666666666666667,0.13333333333333333,0.0,0.06666666666666667,0.0,0.0,0.0,0.13333333333333333,0.06666666666666667,0.06666666666666667,0.06666666666666667,0.0,0.0,0.06666666666666667,0.6666327327043654
ep_6872,RVPLPPDFVAAMRAC,15,1642.99,0.5,0.07,62.07,8.25,0.95,0.9999314882890328,0.3333333333333333,L536H,False,,0.2,0.06666666666666667,0.06666666666666667,0.0,0.06666666666666667,0.0,0.0,0.0,0.0,0.06666666666666667,0.06666666666666667,0.0,0.2,0.0,0.13333333333333333,0.0,0.0,0.13333333333333333,0.0,0.0,0.6666324108111831
ep_1639,LSVVTMAAFAGMLPW,15,1593.95,1.57,0.13,22.82,5.53,-0.0,0.9999285442101605,0.3333333333333333,S463P,False,,0.2,0.0,0.0,0.0,0.06666666666666667,0.06666666666666667,0.0,0.0,0.0,0.13333333333333333,0.13333333333333333,0.0,0.06666666666666667,0.0,0.0,0.06666666666666667,0.06666666666666667,0.13333333333333333,0.06666666666666667,0.0,0.666630938771747
ep_51370,HDARRILGEAESLGI,15,1636.81,-0.27,0.0,62.51,5.45,-0.91,0.9999282711489152,0.3333333333333333,L536H,False,,0.13333333333333333,0.0,0.06666666666666667,0.13333333333333333,0.0,0.13333333333333333,0.06666666666666667,0.13333333333333333,0.0,0.13333333333333333,0.0,0.0,0.0,0.0,0.13333333333333333,0.06666666666666667,0.0,0.0,0.0,0.0,0.6666308022411243
ep_34375,QPIKTKVCFFFENKE,15,1858.16,-0.56,0.2,26.64,8.18,0.96,0.9999282494794223,0.3333333333333333,K303R,False,,0.0,0.06666666666666667,0.0,0.13333333333333333,0.2,0.0,0.0,0.06666666666666667,0.2,0.0,0.0,0.06666666666666667,0.06666666666666667,0.06666666666666667,0.0,0.0,0.06666666666666667,0.06666666666666667,0.0,0.0,0.6666307914063778
ep_33236,LLEARAELGRAAALP,15,1550.8,0.41,0.0,22.17,6.14,0.0,0.999928165465015,0.3333333333333333,L536H,False,,0.3333333333333333,0.0,0.0,0.13333333333333333,0.0,0.06666666666666667,0.0,0.0,0.0,0.26666666666666666,0.0,0.0,0.06666666666666667,0.0,0.13333333333333333,0.0,0.0,0.0,0.0,0.0,0.6666307493991741
ep_56028,HHIIHGDLKPGNLVM,15,1680.97,-0.01,0.0,23.59,7.02,0.27,0.9999252795302073,0.3333333333333333,L536H,False,,0.0,0.0,0.06666666666666667,0.0,0.0,0.13333333333333333,0.2,0.13333333333333333,0.06666666666666667,0.13333333333333333,0.06666666666666667,0.06666666666666667,0.06666666666666667,0.0,0.0,0.0,0.0,0.06666666666666667,0.0,0.0,0.6666293064317703
ep_38508,PIVHQDLKPDNIFIV,15,1748.03,0.28,0.07,24.43,5.22,-0.91,0.9999249626541417,0.3333333333333333,L536H,False,,0.0,0.0,0.13333333333333333,0.0,0.06666666666666667,0.0,0.06666666666666667,0.2,0.06666666666666667,0.06666666666666667,0.0,0.06666666666666667,0.13333333333333333,0.06666666666666667,0.0,0.0,0.0,0.13333333333333333,0.0,0.0,0.6666291479937375
ep_43712,RDPFILYNLACAASL,15,1666.94,0.76,0.13,64.31,5.83,-0.05,0.9999236637705132,0.3333333333333333,K303R,False,,0.2,0.06666666666666667,0.06666666666666667,0.0,0.06666666666666667,0.0,0.0,0.06666666666666667,0.0,0.2,0.0,0.06666666666666667,0.06666666666666667,0.0,0.06666666666666667,0.06666666666666667,0.0,0.0,0.0,0.06666666666666667,0.6666284985519233
ep_29492,NDTRIQTLLSSIPSD,15,1659.79,-0.49,0.0,23.07,4.54,-1.0,0.9999236564596622,0.3333333333333333,E380Q,False,,0.0,0.0,0.13333333333333333,0.0,0.0,0.0,0.0,0.13333333333333333,0.0,0.13333333333333333,0.0,0.06666666666666667,0.06666666666666667,0.06666666666666667,0.06666666666666667,0.2,0.13333333333333333,0.0,0.0,0.0,0.6666284948964978
ep_43215,ITHRDIKPSNILIDS,15,1721.95,-0.28,0.0,66.46,6.75,0.09,0.9999233003137701,0.3333333333333333,K303R,False,,0.0,0.0,0.13333333333333333,0.0,0.0,0.0,0.06666666666666667,0.26666666666666666,0.06666666666666667,0.06666666666666667,0.0,0.06666666666666667,0.06666666666666667,0.0,0.06666666666666667,0.13333333333333333,0.06666666666666667,0.0,0.0,0.0,0.6666283168235517
ep_64085,HPTDKELVKACFEKG,15,1701.94,-0.87,0.07,23.47,6.75,0.05,0.9999222611619086,0.3333333333333333,S463P,False,,0.06666666666666667,0.06666666666666667,0.06666666666666667,0.13333333333333333,0.06666666666666667,0.06666666666666667,0.06666666666666667,0.0,0.2,0.06666666666666667,0.0,0.0,0.06666666666666667,0.0,0.0,0.0,0.06666666666666667,0.06666666666666667,0.0,0.0,0.666627797247621
ep_21815,NIIHRDLAARNCLIS,15,1708.98,0.25,0.0,66.0,8.26,1.04,0.999921818114062,0.3333333333333333,K303R,False,,0.13333333333333333,0.06666666666666667,0.06666666666666667,0.0,0.0,0.0,0.06666666666666667,0.2,0.0,0.13333333333333333,0.0,0.13333333333333333,0.0,0.0,0.13333333333333333,0.06666666666666667,0.0,0.0,0.0,0.0,0.6666275757236977
ep_10137,LLEACPPTLEYLNVS,15,1661.91,0.48,0.07,64.31,4.05,-2.04,0.9999214180377065,0.3333333333333333,K303R,False,,0.06666666666666667,0.06666666666666667,0.0,0.13333333333333333,0.0,0.0,0.0,0.0,0.0,0.26666666666666666,0.0,0.06666666666666667,0.13333333333333333,0.0,0.0,0.06666666666666667,0.06666666666666667,0.06666666666666667,0.0,0.06666666666666667,0.6666273756855199
ep_54005,NQNAHINALLDDVCQ,15,1667.8,-0.35,0.0,22.91,4.2,-1.95,0.9999212093450548,0.3333333333333333,E380Q,False,,0.13333333333333333,0.06666666666666667,0.13333333333333333,0.0,0.0,0.0,0.06666666666666667,0.06666666666666667,0.0,0.13333333333333333,0.0,0.2,0.0,0.13333333333333333,0.0,0.0,0.0,0.06666666666666667,0.0,0.0,0.6666272713391941
ep_14148,HMHTQVYMCIHAYIH,15,1884.21,0.11,0.13,73.16,7.08,0.32,0.9999202635641128,0.3333333333333333,E380Q,False,,0.06666666666666667,0.06666666666666667,0.0,0.0,0.0,0.0,0.26666666666666666,0.13333333333333333,0.0,0.0,0.13333333333333333,0.0,0.0,0.06666666666666667,0.0,0.0,0.06666666666666667,0.06666666666666667,0.0,0.13333333333333333,0.6666267984487231
ep_16508,NPKQTILLEKIIKSY,15,1788.14,-0.37,0.07,24.69,9.53,2.0,0.9999199554848471,0.3333333333333333,K303R,False,,0.0,0.0,0.0,0.06666666666666667,0.0,0.0,0.0,0.2,0.2,0.13333333333333333,0.0,0.06666666666666667,0.06666666666666667,0.06666666666666667,0.0,0.06666666666666667,0.06666666666666667,0.0,0.0,0.06666666666666667,0.6666266444090903
ep_47588,TMDQIMSKLEAIQRR,15,1820.14,-0.67,0.0,71.15,8.41,1.0,0.9999159785463785,0.3333333333333333,K303R,False,,0.06666666666666667,0.0,0.06666666666666667,0.06666666666666667,0.0,0.0,0.0,0.13333333333333333,0.06666666666666667,0.06666666666666667,0.13333333333333333,0.0,0.0,0.13333333333333333,0.13333333333333333,0.06666666666666667,0.06666666666666667,0.0,0.0,0.0,0.6666246559398559
ep_41519,NKDINKAVFYYKKAL,15,1815.12,-0.65,0.2,70.87,9.7,3.0,0.9999138672683489,0.3333333333333333,D538G,False,,0.13333333333333333,0.0,0.06666666666666667,0.0,0.06666666666666667,0.0,0.0,0.06666666666666667,0.26666666666666666,0.06666666666666667,0.0,0.13333333333333333,0.0,0.0,0.0,0.0,0.0,0.06666666666666667,0.0,0.13333333333333333,0.6666236003008411
ep_2984,GLSPRQFWRLKARYG,15,1835.12,-0.94,0.2,25.07,11.72,4.0,0.99991317425429,0.3333333333333333,K303R,False,,0.06666666666666667,0.0,0.0,0.0,0.06666666666666667,0.13333333333333333,0.0,0.0,0.06666666666666667,0.13333333333333333,0.0,0.0,0.06666666666666667,0.06666666666666667,0.2,0.06666666666666667,0.0,0.0,0.06666666666666667,0.06666666666666667,0.6666232537938117
ep_27334,CLVPDVLVGVAVATG,15,1412.69,1.87,0.0,18.67,4.05,-1.05,0.9999126785580164,0.3333333333333333,E380Q,False,,0.13333333333333333,0.06666666666666667,0.06666666666666667,0.0,0.0,0.13333333333333333,0.0,0.0,0.0,0.13333333333333333,0.0,0.0,0.06666666666666667,0.0,0.0,0.0,0.06666666666666667,0.3333333333333333,0.0,0.0,0.6666230059456748
ep_30093,DSDAIQHSIFTRLFG,15,1706.85,-0.05,0.13,22.17,5.21,-0.91,0.999912374473921,0.3333333333333333,K303R,False,,0.06666666666666667,0.0,0.13333333333333333,0.0,0.13333333333333333,0.06666666666666667,0.06666666666666667,0.13333333333333333,0.0,0.06666666666666667,0.0,0.0,0.0,0.06666666666666667,0.06666666666666667,0.13333333333333333,0.06666666666666667,0.0,0.0,0.0,0.6666228539036272
ep_17799,KTSSPTPPTHPLTLL,15,1589.83,-0.43,0.0,62.39,8.76,1.09,0.9999121977701466,0.3333333333333333,S463P,False,,0.0,0.0,0.0,0.0,0.0,0.0,0.06666666666666667,0.0,0.06666666666666667,0.2,0.0,0.0,0.26666666666666666,0.0,0.0,0.13333333333333333,0.26666666666666666,0.0,0.0,0.0,0.6666227655517399
ep_45345,TMPRWQRTLLTLVAF,15,1833.2,0.33,0.13,71.79,12.0,2.0,0.9999103939980887,0.3333333333333333,E380Q,False,,0.06666666666666667,0.0,0.0,0.0,0.06666666666666667,0.0,0.0,0.0,0.0,0.2,0.06666666666666667,0.0,0.06666666666666667,0.06666666666666667,0.13333333333333333,0.0,0.2,0.06666666666666667,0.06666666666666667,0.0,0.666621863665711
ep_44996,FYNLRILLPVIIWAT,15,1832.23,1.41,0.2,72.41,8.75,1.0,0.9999101891162848,0.3333333333333333,L536H,False,,0.06666666666666667,0.0,0.0,0.0,0.06666666666666667,0.0,0.0,0.2,0.0,0.2,0.0,0.06666666666666667,0.06666666666666667,0.0,0.06666666666666667,0.0,0.06666666666666667,0.06666666666666667,0.06666666666666667,0.06666666666666667,0.6666217612248091
ep_1351,CLVHRDLKPANILVS,15,1678.01,0.51,0.0,66.46,8.23,1.04,0.9999089958592059,0.3333333333333333,K303R,False,,0.06666666666666667,0.06666666666666667,0.06666666666666667,0.0,0.0,0.0,0.06666666666666667,0.06666666666666667,0.06666666666666667,0.2,0.0,0.06666666666666667,0.06666666666666667,0.0,0.06666666666666667,0.06666666666666667,0.0,0.13333333333333333,0.0,0.0,0.6666211645962696
ep_58819,FSPFYLCKLFKKMTG,15,1810.23,0.26,0.27,71.67,9.63,2.95,0.9999069914297434,0.3333333333333333,K303R,False,,0.0,0.06666666666666667,0.0,0.0,0.2,0.06666666666666667,0.0,0.0,0.2,0.13333333333333333,0.06666666666666667,0.0,0.06666666666666667,0.0,0.0,0.06666666666666667,0.06666666666666667,0.0,0.0,0.06666666666666667,0.6666201623815383
ep_36752,HYSDIMYQSTQAYNQ,15,1848.94,-1.25,0.2,73.65,5.08,-0.91,0.9999067752475225,0.3333333333333333,E380Q,False,,0.06666666666666667,0.0,0.06666666666666667,0.0,0.0,0.0,0.06666666666666667,0.06666666666666667,0.0,0.0,0.06666666666666667,0.06666666666666667,0.0,0.2,0.0,0.13333333333333333,0.06666666666666667,0.0,0.0,0.2,0.6666200542904279
ep_4520,VKMPAYICSDCGKAY,15,1648.96,0.17,0.13,65.62,7.99,0.91,0.9999065296596468,0.3333333333333333,L536H,False,,0.13333333333333333,0.13333333333333333,0.06666666666666667,0.0,0.0,0.06666666666666667,0.0,0.06666666666666667,0.13333333333333333,0.0,0.06666666666666667,0.0,0.06666666666666667,0.0,0.0,0.06666666666666667,0.0,0.06666666666666667,0.0,0.13333333333333333,0.66661993149649
ep_8865,SSSTQRTMQNVQRSS,15,1696.8,-1.49,0.0,67.09,12.0,2.0,0.9999029628142744,0.3333333333333333,K303R,False,,0.0,0.0,0.0,0.0,0.0,0.0,0.0,0.0,0.0,0.0,0.06666666666666667,0.06666666666666667,0.0,0.2,0.13333333333333333,0.3333333333333333,0.13333333333333333,0.06666666666666667,0.0,0.0,0.6666181480738038
ep_7167,DEIWKKYCEDHGISL,15,1836.03,-0.87,0.13,22.44,4.75,-1.95,0.9999011156933388,0.3333333333333333,K303R,False,,0.0,0.06666666666666667,0.13333333333333333,0.13333333333333333,0.0,0.06666666666666667,0.06666666666666667,0.13333333333333333,0.13333333333333333,0.06666666666666667,0.0,0.0,0.0,0.0,0.0,0.06666666666666667,0.0,0.0,0.06666666666666667,0.06666666666666667,0.666617224513336
ep_60148,TSSPTPPTHPLTLLS,15,1548.74,-0.23,0.0,62.39,6.4,0.09,0.9999003595483907,0.3333333333333333,S463P,False,,0.0,0.0,0.0,0.0,0.0,0.0,0.06666666666666667,0.0,0.0,0.2,0.0,0.0,0.26666666666666666,0.0,0.0,0.2,0.26666666666666666,0.0,0.0,0.0,0.666616846440862
ep_33858,IAFKFPYITNIILPS,15,1737.09,1.05,0.2,69.95,8.59,1.0,0.9998998737410114,0.3333333333333333,S463P,False,LPS,0.06666666666666667,0.0,0.0,0.0,0.13333333333333333,0.0,0.0,0.26666666666666666,0.06666666666666667,0.06666666666666667,0.0,0.06666666666666667,0.13333333333333333,0.0,0.0,0.06666666666666667,0.06666666666666667,0.0,0.0,0.06666666666666667,0.6666166035371723
ep_59246,VRFCDECGFPTTEHP,15,1737.91,-0.56,0.13,70.2,4.65,-2.0,0.9998990422010955,0.3333333333333333,S463P,False,,0.0,0.13333333333333333,0.06666666666666667,0.13333333333333333,0.13333333333333333,0.06666666666666667,0.06666666666666667,0.0,0.0,0.0,0.0,0.0,0.13333333333333333,0.0,0.06666666666666667,0.0,0.13333333333333333,0.06666666666666667,0.0,0.0,0.6666161877672144
ep_15862,AWVRFCDECGFPTTE,15,1760.94,-0.18,0.2,71.49,4.43,-2.09,0.9998960659563114,0.3333333333333333,S463P,False,,0.06666666666666667,0.13333333333333333,0.06666666666666667,0.13333333333333333,0.13333333333333333,0.06666666666666667,0.0,0.0,0.0,0.0,0.0,0.0,0.06666666666666667,0.0,0.06666666666666667,0.0,0.13333333333333333,0.06666666666666667,0.06666666666666667,0.0,0.6666146996448223
ep_59372,ALPARTATAADWVAD,15,1528.66,0.23,0.07,18.03,4.54,-1.0,0.9998951279071822,0.3333333333333333,E380Q,False,,0.4,0.0,0.13333333333333333,0.0,0.0,0.0,0.0,0.0,0.0,0.06666666666666667,0.0,0.0,0.06666666666666667,0.0,0.06666666666666667,0.0,0.13333333333333333,0.06666666666666667,0.06666666666666667,0.0,0.6666142306202577
ep_57474,ALVAAWLAALVVATL,15,1481.82,2.47,0.07,17.56,5.57,-0.0,0.999894518083123,0.3333333333333333,E380Q,False,,0.4,0.0,0.0,0.0,0.0,0.0,0.0,0.0,0.0,0.26666666666666666,0.0,0.0,0.0,0.0,0.0,0.0,0.06666666666666667,0.2,0.06666666666666667,0.0,0.6666139257082282
ep_15466,TITLEEVLKCVERLL,15,1759.12,0.69,0.0,20.38,4.78,-1.04,0.9998926871642352,0.3333333333333333,E380Q,False,,0.0,0.06666666666666667,0.0,0.2,0.0,0.0,0.0,0.06666666666666667,0.06666666666666667,0.26666666666666666,0.0,0.0,0.0,0.0,0.06666666666666667,0.0,0.13333333333333333,0.13333333333333333,0.0,0.0,0.6666130102487843
ep_7230,RSVWESDGSMRFPPN,15,1764.91,-1.17,0.13,72.12,6.07,0.0,0.999892589015933,0.3333333333333333,K303R,False,,0.0,0.0,0.06666666666666667,0.06666666666666667,0.06666666666666667,0.06666666666666667,0.0,0.0,0.0,0.0,0.06666666666666667,0.06666666666666667,0.13333333333333333,0.0,0.13333333333333333,0.2,0.0,0.06666666666666667,0.06666666666666667,0.0,0.6666129611746332
ep_27077,NQPIKTKVCFFFENK,15,1843.15,-0.56,0.2,21.61,9.2,1.95,0.9998924778511676,0.3333333333333333,K303R,False,,0.0,0.06666666666666667,0.0,0.06666666666666667,0.2,0.0,0.0,0.06666666666666667,0.2,0.0,0.0,0.13333333333333333,0.06666666666666667,0.06666666666666667,0.0,0.0,0.06666666666666667,0.06666666666666667,0.0,0.0,0.6666129055922505
ep_53240,SMAIQIANGMTYLES,15,1628.86,0.38,0.07,18.46,4.05,-1.0,0.9998886209881713,0.3333333333333333,K303R,False,,0.13333333333333333,0.0,0.0,0.06666666666666667,0.0,0.06666666666666667,0.0,0.13333333333333333,0.0,0.06666666666666667,0.13333333333333333,0.06666666666666667,0.0,0.06666666666666667,0.0,0.13333333333333333,0.06666666666666667,0.0,0.0,0.06666666666666667,0.6666109771607523
ep_10470,AWTRAWPPAIRADVE,15,1738.94,-0.39,0.13,19.33,6.29,0.0,0.9998857887782878,0.3333333333333333,K303R,False,,0.26666666666666666,0.0,0.06666666666666667,0.06666666666666667,0.0,0.0,0.0,0.06666666666666667,0.0,0.0,0.0,0.0,0.13333333333333333,0.0,0.13333333333333333,0.0,0.06666666666666667,0.06666666666666667,0.13333333333333333,0.0,0.6666095610558106
ep_9941,TMADMNRQMRELGLL,15,1779.11,-0.35,0.0,19.71,5.74,0.0,0.9998852489619743,0.3333333333333333,E380Q,False,,0.06666666666666667,0.0,0.06666666666666667,0.06666666666666667,0.0,0.06666666666666667,0.0,0.0,0.0,0.2,0.2,0.06666666666666667,0.0,0.06666666666666667,0.13333333333333333,0.0,0.06666666666666667,0.0,0.0,0.0,0.6666092911476538
ep_54355,KHAWMLFQVMKAQGL,15,1788.19,0.18,0.13,20.09,10.0,2.09,0.9998841998381398,0.3333333333333333,K303R,False,,0.13333333333333333,0.0,0.0,0.0,0.06666666666666667,0.06666666666666667,0.06666666666666667,0.0,0.13333333333333333,0.13333333333333333,0.13333333333333333,0.0,0.0,0.13333333333333333,0.0,0.0,0.0,0.06666666666666667,0.06666666666666667,0.0,0.6666087665857365
ep_572,RIKHHVRVMKLYYDD,15,1973.3,-0.95,0.13,22.03,9.52,2.18,0.9998838804146848,0.3333333333333333,K303R,False,,0.0,0.0,0.13333333333333333,0.0,0.0,0.0,0.13333333333333333,0.06666666666666667,0.13333333333333333,0.06666666666666667,0.06666666666666667,0.0,0.0,0.0,0.13333333333333333,0.0,0.0,0.13333333333333333,0.0,0.13333333333333333,0.666608606874009
ep_32428,DWTTRKAWAAQLACG,15,1677.88,-0.37,0.13,18.59,8.22,0.95,0.9998837369653993,0.3333333333333333,E380Q,False,,0.26666666666666666,0.06666666666666667,0.06666666666666667,0.0,0.0,0.06666666666666667,0.0,0.0,0.06666666666666667,0.06666666666666667,0.0,0.0,0.0,0.06666666666666667,0.06666666666666667,0.0,0.13333333333333333,0.0,0.13333333333333333,0.0,0.6666085351493664
ep_23036,QAARDRILSDAQASG,15,1558.65,-0.63,0.0,17.15,5.96,-0.0,0.9998834178127948,0.3333333333333333,E380Q,False,LSD,0.26666666666666666,0.0,0.13333333333333333,0.0,0.0,0.06666666666666667,0.0,0.06666666666666667,0.0,0.06666666666666667,0.0,0.0,0.0,0.13333333333333333,0.13333333333333333,0.13333333333333333,0.0,0.0,0.0,0.0,0.6666083755730641
ep_25751,LFMAVCQALGIPARL,15,1603.0,1.51,0.07,17.79,8.25,0.95,0.9998832389166192,0.3333333333333333,K303R,False,,0.2,0.06666666666666667,0.0,0.0,0.06666666666666667,0.06666666666666667,0.0,0.06666666666666667,0.0,0.2,0.06666666666666667,0.0,0.06666666666666667,0.06666666666666667,0.06666666666666667,0.0,0.0,0.06666666666666667,0.0,0.0,0.6666082861249762
ep_65022,ELSQAQAQLKAAQAA,15,1527.68,-0.25,0.0,16.51,6.1,-0.0,0.9998802245525945,0.3333333333333333,E380Q,False,,0.4,0.0,0.0,0.06666666666666667,0.0,0.0,0.0,0.0,0.06666666666666667,0.13333333333333333,0.0,0.0,0.0,0.26666666666666666,0.0,0.06666666666666667,0.0,0.0,0.0,0.0,0.6666067789429639
ep_16280,PAAAALFFAYTVSLS,15,1528.75,1.41,0.2,16.51,5.95,-0.0,0.9998800284103242,0.3333333333333333,S463P,False,,0.3333333333333333,0.0,0.0,0.0,0.13333333333333333,0.0,0.0,0.0,0.0,0.13333333333333333,0.0,0.0,0.06666666666666667,0.0,0.0,0.13333333333333333,0.06666666666666667,0.06666666666666667,0.0,0.06666666666666667,0.6666066808718287
ep_20159,TRACAVLQRAMRALP,15,1657.02,0.27,0.0,68.17,11.7,2.95,0.9998799557297577,0.3333333333333333,E380Q,False,,0.26666666666666666,0.06666666666666667,0.0,0.0,0.0,0.0,0.0,0.0,0.0,0.13333333333333333,0.06666666666666667,0.0,0.06666666666666667,0.06666666666666667,0.2,0.0,0.06666666666666667,0.06666666666666667,0.0,0.0,0.6666066445315455
ep_37343,AGLTPAELADIAERL,15,1539.73,0.36,0.0,16.51,4.14,-2.0,0.9998786221383001,0.3333333333333333,K303R,False,,0.26666666666666666,0.0,0.06666666666666667,0.13333333333333333,0.0,0.06666666666666667,0.0,0.06666666666666667,0.0,0.2,0.0,0.0,0.06666666666666667,0.0,0.06666666666666667,0.0,0.06666666666666667,0.0,0.0,0.0,0.6666059777358168
ep_33435,IVHRDIKPENVLLSS,15,1719.98,-0.02,0.0,17.41,6.75,0.09,0.9998702490563484,0.3333333333333333,K303R,False,,0.0,0.0,0.06666666666666667,0.06666666666666667,0.0,0.0,0.06666666666666667,0.13333333333333333,0.06666666666666667,0.13333333333333333,0.0,0.06666666666666667,0.06666666666666667,0.0,0.06666666666666667,0.13333333333333333,0.0,0.13333333333333333,0.0,0.0,0.6666017911948409
ep_53241,PERVAVGLLIAAFSG,15,1499.75,1.17,0.07,15.26,6.43,-0.0,0.9998697922505732,0.3333333333333333,L536H,False,,0.2,0.0,0.0,0.06666666666666667,0.06666666666666667,0.13333333333333333,0.0,0.06666666666666667,0.0,0.13333333333333333,0.0,0.0,0.06666666666666667,0.0,0.06666666666666667,0.06666666666666667,0.0,0.13333333333333333,0.0,0.0,0.6666015627919533
ep_4346,CLVQICQALAFLHAR,15,1686.05,1.24,0.07,17.15,8.08,1.0,0.9998697207966518,0.3333333333333333,E380Q,False,,0.2,0.13333333333333333,0.0,0.0,0.06666666666666667,0.0,0.06666666666666667,0.06666666666666667,0.0,0.2,0.0,0.0,0.0,0.13333333333333333,0.06666666666666667,0.0,0.0,0.06666666666666667,0.0,0.0,0.6666015270649925
ep_30954,RILHEAALGLAHLHS,15,1637.88,0.42,0.0,16.51,7.03,0.27,0.9998691437229306,0.3333333333333333,E380Q,False,,0.2,0.0,0.0,0.06666666666666667,0.0,0.06666666666666667,0.2,0.06666666666666667,0.0,0.26666666666666666,0.0,0.0,0.0,0.0,0.06666666666666667,0.06666666666666667,0.0,0.0,0.0,0.0,0.6666012385281319
ep_5481,LLPLPPPQHTQHNTH,15,1729.94,-1.1,0.0,73.61,7.02,0.27,0.9998662894254515,0.3333333333333333,E380Q,False,,0.0,0.0,0.0,0.0,0.0,0.0,0.2,0.0,0.0,0.2,0.0,0.06666666666666667,0.26666666666666666,0.13333333333333333,0.0,0.0,0.13333333333333333,0.0,0.0,0.0,0.6665998113793924
ep_53803,NIVHRDLKPGNVLVS,15,1660.91,-0.01,0.0,16.62,8.75,1.09,0.9998662753451124,0.3333333333333333,K303R,False,,0.0,0.0,0.06666666666666667,0.0,0.0,0.06666666666666667,0.06666666666666667,0.06666666666666667,0.06666666666666667,0.13333333333333333,0.0,0.13333333333333333,0.06666666666666667,0.0,0.06666666666666667,0.06666666666666667,0.0,0.2,0.0,0.0,0.6665998043392228
ep_11652,IRIFHHSLKWTEDWD,15,1983.19,-0.87,0.2,19.33,6.02,-0.82,0.9998635138314287,0.3333333333333333,S463P,False,,0.0,0.0,0.13333333333333333,0.06666666666666667,0.06666666666666667,0.0,0.13333333333333333,0.13333333333333333,0.06666666666666667,0.06666666666666667,0.0,0.0,0.0,0.0,0.06666666666666667,0.06666666666666667,0.06666666666666667,0.0,0.13333333333333333,0.0,0.666598423582381
ep_47751,IAHRDIKPDNIMIDE,15,1780.01,-0.6,0.0,17.25,4.88,-1.91,0.9998627644407136,0.3333333333333333,Y537N,False,,0.06666666666666667,0.0,0.2,0.06666666666666667,0.0,0.0,0.06666666666666667,0.26666666666666666,0.06666666666666667,0.0,0.06666666666666667,0.06666666666666667,0.06666666666666667,0.0,0.06666666666666667,0.0,0.0,0.0,0.0,0.0,0.6665980488870235
ep_218,NNILICKECGAEVTL,15,1619.9,0.57,0.0,69.44,4.53,-1.09,0.9998613734160602,0.3333333333333333,Y537N,False,,0.06666666666666667,0.13333333333333333,0.0,0.13333333333333333,0.0,0.06666666666666667,0.0,0.13333333333333333,0.06666666666666667,0.13333333333333333,0.0,0.13333333333333333,0.0,0.0,0.0,0.0,0.06666666666666667,0.06666666666666667,0.0,0.0,0.6665973533746967
ep_22200,RLLRFVAAAIVAVLL,15,1625.05,2.22,0.07,16.51,12.0,2.0,0.9998610747507094,0.3333333333333333,E380Q,False,,0.26666666666666666,0.0,0.0,0.0,0.06666666666666667,0.0,0.0,0.06666666666666667,0.0,0.26666666666666666,0.0,0.0,0.0,0.0,0.13333333333333333,0.0,0.0,0.2,0.0,0.0,0.6665972040420214
ep_5238,AALFFAYTVSLSRIY,15,1721.99,1.19,0.27,16.51,8.63,1.0,0.9998599041435191,0.3333333333333333,S463P,False,,0.2,0.0,0.0,0.0,0.13333333333333333,0.0,0.0,0.06666666666666667,0.0,0.13333333333333333,0.0,0.0,0.0,0.0,0.06666666666666667,0.13333333333333333,0.06666666666666667,0.06666666666666667,0.0,0.13333333333333333,0.6665966187384262
ep_18172,ALGAYAALVLADEAV,15,1446.64,1.46,0.07,13.8,4.05,-2.0,0.9998583660690487,0.3333333333333333,E380Q,False,,0.4,0.0,0.06666666666666667,0.06666666666666667,0.0,0.06666666666666667,0.0,0.0,0.0,0.2,0.0,0.0,0.0,0.0,0.0,0.0,0.0,0.13333333333333333,0.0,0.06666666666666667,0.666595849701191
ep_52532,KVKLIDFSNATFYEG,15,1731.94,-0.11,0.2,16.0,6.07,-0.0,0.9998557719018821,0.3333333333333333,S463P,False,,0.06666666666666667,0.0,0.06666666666666667,0.06666666666666667,0.13333333333333333,0.06666666666666667,0.0,0.06666666666666667,0.13333333333333333,0.06666666666666667,0.0,0.06666666666666667,0.0,0.0,0.0,0.06666666666666667,0.06666666666666667,0.06666666666666667,0.0,0.06666666666666667,0.6665945526176077
ep_589,VIQRLKEQICELEAN,15,1786.06,-0.29,0.0,16.51,4.79,-1.04,0.999855581635928,0.3333333333333333,E380Q,False,,0.06666666666666667,0.06666666666666667,0.0,0.2,0.0,0.0,0.0,0.13333333333333333,0.06666666666666667,0.13333333333333333,0.0,0.06666666666666667,0.0,0.13333333333333333,0.06666666666666667,0.0,0.0,0.06666666666666667,0.0,0.0,0.6665944574846306
ep_56616,PLLPLPTTPAPPRTD,15,1585.84,-0.43,0.0,68.51,6.52,-0.0,0.9998554171622371,0.3333333333333333,L536H,False,,0.06666666666666667,0.0,0.06666666666666667,0.0,0.0,0.0,0.0,0.0,0.0,0.2,0.0,0.0,0.4,0.0,0.06666666666666667,0.0,0.2,0.0,0.0,0.0,0.6665943752477852
ep_48337,VPAWQWPFVLLAPVA,15,1694.03,1.22,0.2,73.53,5.49,-0.0,0.9998525201960288,0.3333333333333333,E380Q,False,,0.2,0.0,0.0,0.0,0.06666666666666667,0.0,0.0,0.0,0.0,0.13333333333333333,0.0,0.0,0.2,0.06666666666666667,0.0,0.0,0.0,0.2,0.13333333333333333,0.0,0.6665929267646811
ep_12642,IHRDLKPDNVLVDRS,15,1776.99,-0.8,0.0,16.09,6.75,0.09,0.999852342138636,0.3333333333333333,K303R,False,,0.0,0.0,0.2,0.0,0.0,0.0,0.06666666666666667,0.06666666666666667,0.06666666666666667,0.13333333333333333,0.0,0.06666666666666667,0.06666666666666667,0.0,0.13333333333333333,0.06666666666666667,0.0,0.13333333333333333,0.0,0.0,0.6665928377359847
ep_29573,NLSGTLPPDIGNATQ,15,1497.61,-0.42,0.0,13.64,4.05,-1.0,0.9998522703056396,0.3333333333333333,E380Q,False,,0.06666666666666667,0.0,0.06666666666666667,0.0,0.0,0.13333333333333333,0.0,0.06666666666666667,0.0,0.13333333333333333,0.0,0.13333333333333333,0.13333333333333333,0.06666666666666667,0.0,0.06666666666666667,0.13333333333333333,0.0,0.0,0.0,0.6665928018194864
ep_62591,VQCSYCKGPHTSWSC,15,1685.9,-0.41,0.13,15.35,7.93,0.95,0.9998521911376891,0.3333333333333333,S463P,False,,0.0,0.2,0.0,0.0,0.0,0.06666666666666667,0.06666666666666667,0.0,0.06666666666666667,0.0,0.0,0.0,0.06666666666666667,0.06666666666666667,0.0,0.2,0.06666666666666667,0.06666666666666667,0.06666666666666667,0.06666666666666667,0.6665927622355112
ep_39198,NIVHRDIKPENILVS,15,1747.0,-0.15,0.0,76.0,6.75,0.09,0.9998508177986989,0.3333333333333333,K303R,False,,0.0,0.0,0.06666666666666667,0.06666666666666667,0.0,0.0,0.06666666666666667,0.2,0.06666666666666667,0.06666666666666667,0.0,0.13333333333333333,0.06666666666666667,0.0,0.06666666666666667,0.06666666666666667,0.0,0.13333333333333333,0.0,0.0,0.6665920755660161
ep_42674,TMSTSLTTSSSTSTS,15,1478.53,-0.27,0.0,64.31,5.18,-0.0,0.9998498362400765,0.3333333333333333,S463P,False,,0.0,0.0,0.0,0.0,0.0,0.0,0.0,0.0,0.0,0.06666666666666667,0.06666666666666667,0.0,0.0,0.0,0.0,0.4666666666666667,0.4,0.0,0.0,0.0,0.6665915847867049
ep_7720,PLLPLPPPQHTQHNT,15,1689.91,-0.99,0.0,73.61,7.33,0.18,0.9998491855828555,0.3333333333333333,E380Q,False,,0.0,0.0,0.0,0.0,0.0,0.0,0.13333333333333333,0.0,0.0,0.2,0.0,0.06666666666666667,0.3333333333333333,0.13333333333333333,0.0,0.0,0.13333333333333333,0.0,0.0,0.0,0.6665912594580944
ep_27784,HFHLTFQDNGKILTL,15,1784.02,-0.07,0.13,14.99,6.92,0.18,0.9998410699716846,0.3333333333333333,E380Q,False,,0.0,0.0,0.06666666666666667,0.0,0.13333333333333333,0.06666666666666667,0.13333333333333333,0.06666666666666667,0.06666666666666667,0.2,0.0,0.06666666666666667,0.0,0.06666666666666667,0.0,0.0,0.13333333333333333,0.0,0.0,0.0,0.666587201652509
ep_36998,KILNSKINKIKSIFE,15,1775.14,-0.21,0.07,15.32,10.0,3.0,0.9998407429872314,0.3333333333333333,K303R,False,,0.0,0.0,0.0,0.06666666666666667,0.06666666666666667,0.0,0.0,0.26666666666666666,0.26666666666666666,0.06666666666666667,0.0,0.13333333333333333,0.0,0.0,0.0,0.13333333333333333,0.0,0.0,0.0,0.0,0.6665870381602823
ep_26041,RHIYFFVHIPQYFSL,15,1967.27,0.4,0.33,86.65,8.6,1.18,0.9998401282096634,0.3333333333333333,S463P,False,,0.0,0.0,0.0,0.0,0.2,0.0,0.13333333333333333,0.13333333333333333,0.0,0.06666666666666667,0.0,0.0,0.06666666666666667,0.06666666666666667,0.06666666666666667,0.06666666666666667,0.0,0.06666666666666667,0.0,0.13333333333333333,0.6665867307714983
ep_25039,ATQCIPRVLEEMDND,15,1733.92,-0.61,0.0,14.07,4.12,-3.04,0.999834457240815,0.3333333333333333,S463P,False,,0.06666666666666667,0.06666666666666667,0.13333333333333333,0.13333333333333333,0.0,0.0,0.0,0.06666666666666667,0.0,0.06666666666666667,0.06666666666666667,0.06666666666666667,0.06666666666666667,0.06666666666666667,0.06666666666666667,0.0,0.06666666666666667,0.06666666666666667,0.0,0.0,0.6665838952870742
ep_2907,EVWDSFQKTMSNICK,15,1816.06,-0.61,0.13,80.76,6.16,-0.04,0.9998336550254237,0.3333333333333333,K303R,False,,0.0,0.06666666666666667,0.06666666666666667,0.06666666666666667,0.06666666666666667,0.0,0.0,0.06666666666666667,0.13333333333333333,0.0,0.06666666666666667,0.06666666666666667,0.0,0.06666666666666667,0.0,0.13333333333333333,0.06666666666666667,0.06666666666666667,0.06666666666666667,0.0,0.6665834941793785
ep_5288,RTLLLPPMPARVAAM,15,1637.07,0.69,0.0,72.12,12.0,2.0,0.9998323183200366,0.3333333333333333,E380Q,False,,0.2,0.0,0.0,0.0,0.0,0.0,0.0,0.0,0.0,0.2,0.13333333333333333,0.0,0.2,0.0,0.13333333333333333,0.0,0.06666666666666667,0.06666666666666667,0.0,0.0,0.6665828258266849
ep_12776,SNLLDNAIEACEQVG,15,1575.7,0.01,0.0,70.07,4.05,-3.04,0.9998319045974375,0.3333333333333333,E380Q,False,,0.13333333333333333,0.06666666666666667,0.06666666666666667,0.13333333333333333,0.0,0.06666666666666667,0.0,0.06666666666666667,0.0,0.13333333333333333,0.0,0.13333333333333333,0.0,0.06666666666666667,0.0,0.06666666666666667,0.0,0.06666666666666667,0.0,0.0,0.6665826189653854
ep_61857,VAAAIVAVLLLVSYP,15,1498.85,2.41,0.07,11.9,5.49,-0.0,0.9998309972279303,0.3333333333333333,L536H,False,,0.26666666666666666,0.0,0.0,0.0,0.0,0.0,0.0,0.06666666666666667,0.0,0.2,0.0,0.0,0.06666666666666667,0.0,0.0,0.06666666666666667,0.0,0.26666666666666666,0.0,0.06666666666666667,0.6665821652806319
ep_36499,TQCIPRVLEEMDNDQ,15,1790.97,-0.96,0.0,14.07,4.05,-3.04,0.9998295435918879,0.3333333333333333,E380Q,False,,0.0,0.06666666666666667,0.13333333333333333,0.13333333333333333,0.0,0.0,0.0,0.06666666666666667,0.0,0.06666666666666667,0.06666666666666667,0.06666666666666667,0.06666666666666667,0.13333333333333333,0.06666666666666667,0.0,0.06666666666666667,0.06666666666666667,0.0,0.0,0.6665814384626106
ep_5346,DPQVQSHVNACIDHM,15,1693.86,-0.48,0.0,75.73,5.05,-1.86,0.9998290154694922,0.3333333333333333,E380Q,False,,0.06666666666666667,0.06666666666666667,0.13333333333333333,0.0,0.0,0.0,0.13333333333333333,0.06666666666666667,0.0,0.0,0.06666666666666667,0.06666666666666667,0.06666666666666667,0.13333333333333333,0.0,0.06666666666666667,0.0,0.13333333333333333,0.0,0.0,0.6665811744014127
ep_37104,YDIVLVDTPPNLGVF,15,1661.89,0.76,0.13,12.26,4.05,-2.0,0.9998216084718745,0.3333333333333333,E380Q,False,,0.0,0.0,0.13333333333333333,0.0,0.06666666666666667,0.06666666666666667,0.0,0.06666666666666667,0.0,0.13333333333333333,0.0,0.06666666666666667,0.13333333333333333,0.0,0.0,0.0,0.06666666666666667,0.2,0.0,0.06666666666666667,0.6665774709026039
ep_66120,CRTLLLPPMPARVAA,15,1609.01,0.73,0.0,72.12,10.35,1.95,0.9998214142760421,0.3333333333333333,E380Q,False,,0.2,0.06666666666666667,0.0,0.0,0.0,0.0,0.0,0.0,0.0,0.2,0.06666666666666667,0.0,0.2,0.0,0.13333333333333333,0.0,0.06666666666666667,0.06666666666666667,0.0,0.0,0.6665773738046877
ep_3259,VTVTLSSDGSITIDG,15,1464.57,0.59,0.0,10.85,4.05,-2.0,0.9998210705271631,0.3333333333333333,S463P,False,,0.0,0.0,0.13333333333333333,0.0,0.0,0.13333333333333333,0.0,0.13333333333333333,0.0,0.06666666666666667,0.0,0.0,0.0,0.0,0.0,0.2,0.2,0.13333333333333333,0.0,0.0,0.6665772019302482
ep_40680,YSIASDIARGMAYLH,15,1667.88,0.29,0.13,11.9,6.74,0.09,0.9998176002171888,0.3333333333333333,K303R,False,,0.2,0.0,0.06666666666666667,0.0,0.0,0.06666666666666667,0.06666666666666667,0.13333333333333333,0.0,0.06666666666666667,0.06666666666666667,0.0,0.0,0.0,0.06666666666666667,0.13333333333333333,0.0,0.0,0.0,0.13333333333333333,0.666575466775261
ep_15406,NEMNEMMNLMTIIYY,15,1910.26,-0.03,0.13,13.72,4.05,-2.0,0.9998174491478783,0.3333333333333333,Y537N,False,,0.0,0.0,0.0,0.13333333333333333,0.0,0.0,0.0,0.13333333333333333,0.0,0.06666666666666667,0.26666666666666666,0.2,0.0,0.0,0.0,0.0,0.06666666666666667,0.0,0.0,0.13333333333333333,0.6665753912406058
ep_43717,TLLLPPMPARVAAML,15,1594.04,1.24,0.0,72.12,9.41,1.0,0.999815524900885,0.3333333333333333,K303R,False,,0.2,0.0,0.0,0.0,0.0,0.0,0.0,0.0,0.0,0.26666666666666666,0.13333333333333333,0.0,0.2,0.0,0.06666666666666667,0.0,0.06666666666666667,0.06666666666666667,0.0,0.0,0.6665744291171092
ep_2427,AWLSIFLFSLVIVVL,15,1720.14,2.78,0.2,11.9,5.57,-0.0,0.9998127790367052,0.3333333333333333,K303R,False,,0.06666666666666667,0.0,0.0,0.0,0.13333333333333333,0.0,0.0,0.13333333333333333,0.0,0.26666666666666666,0.0,0.0,0.0,0.0,0.0,0.13333333333333333,0.0,0.2,0.06666666666666667,0.0,0.6665730561850193
ep_30812,ALGDALGPLAALVAA,15,1322.55,1.62,0.0,9.33,4.05,-1.0,0.9998120804540702,0.3333333333333333,E380Q,False,,0.4,0.0,0.06666666666666667,0.0,0.0,0.13333333333333333,0.0,0.0,0.0,0.26666666666666666,0.0,0.0,0.06666666666666667,0.0,0.0,0.0,0.0,0.06666666666666667,0.0,0.0,0.6665727068937017
ep_39410,WDSFQKTMSNICKAI,15,1772.05,-0.23,0.13,80.76,8.2,0.95,0.9998120273455222,0.3333333333333333,K303R,False,,0.06666666666666667,0.06666666666666667,0.06666666666666667,0.0,0.06666666666666667,0.0,0.0,0.13333333333333333,0.13333333333333333,0.0,0.06666666666666667,0.06666666666666667,0.0,0.06666666666666667,0.0,0.13333333333333333,0.06666666666666667,0.0,0.06666666666666667,0.0,0.6665726803394277
ep_6066,FMPRWVLYAAFLVAL,15,1797.21,1.63,0.27,81.91,8.75,1.0,0.9998114602314473,0.3333333333333333,S463P,False,,0.2,0.0,0.0,0.0,0.13333333333333333,0.0,0.0,0.0,0.0,0.2,0.06666666666666667,0.0,0.06666666666666667,0.0,0.06666666666666667,0.0,0.0,0.13333333333333333,0.06666666666666667,0.06666666666666667,0.6665723967823903
ep_21553,HRVPVLLHGVTGSGK,15,1556.81,0.07,0.0,11.12,11.0,2.18,0.9998093485904707,0.3333333333333333,S463P,False,,0.0,0.0,0.0,0.0,0.0,0.2,0.13333333333333333,0.0,0.06666666666666667,0.13333333333333333,0.0,0.0,0.06666666666666667,0.0,0.06666666666666667,0.06666666666666667,0.06666666666666667,0.2,0.0,0.0,0.666571340961902
ep_53401,NRLLLVGPPGSGKTL,15,1521.8,0.11,0.0,10.85,11.0,2.0,0.9998083945457086,0.3333333333333333,K303R,False,,0.0,0.0,0.0,0.0,0.0,0.2,0.0,0.0,0.06666666666666667,0.26666666666666666,0.0,0.06666666666666667,0.13333333333333333,0.0,0.06666666666666667,0.06666666666666667,0.06666666666666667,0.06666666666666667,0.0,0.0,0.6665708639395209
ep_8347,VWTRAMFEQMKDICA,15,1829.17,0.06,0.13,12.15,6.03,-0.04,0.9998082784746857,0.3333333333333333,L536H,False,,0.13333333333333333,0.06666666666666667,0.06666666666666667,0.06666666666666667,0.06666666666666667,0.0,0.0,0.06666666666666667,0.06666666666666667,0.0,0.13333333333333333,0.0,0.0,0.06666666666666667,0.06666666666666667,0.0,0.06666666666666667,0.06666666666666667,0.06666666666666667,0.0,0.6665708059040095
ep_59944,RAYEFAAHQAEKCSE,15,1739.86,-1.01,0.13,11.49,5.61,-0.95,0.9998073044069739,0.3333333333333333,S463P,False,,0.26666666666666666,0.06666666666666667,0.0,0.2,0.06666666666666667,0.0,0.06666666666666667,0.0,0.06666666666666667,0.0,0.0,0.0,0.0,0.06666666666666667,0.06666666666666667,0.06666666666666667,0.0,0.0,0.0,0.06666666666666667,0.6665703188701536
ep_54604,PTWWQRAMVLLILVV,15,1825.27,1.34,0.13,12.15,10.18,1.0,0.9998057396778323,0.3333333333333333,E380Q,False,,0.06666666666666667,0.0,0.0,0.0,0.0,0.0,0.0,0.06666666666666667,0.0,0.2,0.06666666666666667,0.0,0.06666666666666667,0.06666666666666667,0.06666666666666667,0.0,0.06666666666666667,0.2,0.13333333333333333,0.0,0.6665695365055828
ep_6034,SNILIDSRGHVKICD,15,1669.9,-0.01,0.0,76.75,6.47,0.05,0.9998054475650234,0.3333333333333333,K303R,False,,0.0,0.06666666666666667,0.13333333333333333,0.0,0.0,0.06666666666666667,0.06666666666666667,0.2,0.06666666666666667,0.06666666666666667,0.0,0.06666666666666667,0.0,0.0,0.06666666666666667,0.13333333333333333,0.0,0.06666666666666667,0.0,0.0,0.6665693904491784
ep_62888,TWWQRAMVLLILVVL,15,1841.31,1.7,0.13,12.15,9.41,1.0,0.999805377842712,0.3333333333333333,E380Q,False,,0.06666666666666667,0.0,0.0,0.0,0.0,0.0,0.0,0.06666666666666667,0.0,0.26666666666666666,0.06666666666666667,0.0,0.0,0.06666666666666667,0.06666666666666667,0.0,0.06666666666666667,0.2,0.13333333333333333,0.0,0.6665693555880227
ep_33232,VWDSFQKTMSNICKA,15,1758.03,-0.25,0.13,80.76,8.17,0.95,0.9998049329886768,0.3333333333333333,K303R,False,,0.06666666666666667,0.06666666666666667,0.06666666666666667,0.0,0.06666666666666667,0.0,0.0,0.06666666666666667,0.13333333333333333,0.0,0.06666666666666667,0.06666666666666667,0.0,0.06666666666666667,0.0,0.13333333333333333,0.06666666666666667,0.06666666666666667,0.06666666666666667,0.0,0.6665691331610051
ep_28489,MPRHELMYCLRKCCE,15,1912.35,-0.47,0.07,87.91,7.75,0.96,0.9998045586693666,0.3333333333333333,K303R,False,,0.0,0.2,0.0,0.13333333333333333,0.0,0.0,0.06666666666666667,0.0,0.06666666666666667,0.13333333333333333,0.13333333333333333,0.0,0.06666666666666667,0.0,0.13333333333333333,0.0,0.0,0.0,0.0,0.06666666666666667,0.66656894600135
ep_8618,FRADLERATEHARKC,15,1803.01,-1.15,0.07,11.49,8.23,1.05,0.9998015966711843,0.3333333333333333,E380Q,False,,0.2,0.06666666666666667,0.06666666666666667,0.13333333333333333,0.06666666666666667,0.0,0.06666666666666667,0.0,0.06666666666666667,0.06666666666666667,0.0,0.0,0.0,0.0,0.2,0.0,0.06666666666666667,0.0,0.0,0.0,0.6665674650022588
ep_11217,IPHFTFVHHEMDFDL,15,1885.1,0.03,0.2,11.93,5.11,-2.73,0.9998011238973312,0.3333333333333333,L536H,False,,0.0,0.0,0.13333333333333333,0.06666666666666667,0.2,0.0,0.2,0.06666666666666667,0.0,0.06666666666666667,0.06666666666666667,0.0,0.06666666666666667,0.0,0.0,0.0,0.06666666666666667,0.06666666666666667,0.0,0.0,0.6665672286153322
ep_27588,SFAALVVVAAMLVAV,15,1460.82,2.77,0.07,9.33,5.24,-0.0,0.9998005912485654,0.3333333333333333,L536H,False,,0.3333333333333333,0.0,0.0,0.0,0.06666666666666667,0.0,0.0,0.0,0.0,0.13333333333333333,0.06666666666666667,0.0,0.0,0.0,0.0,0.06666666666666667,0.0,0.3333333333333333,0.0,0.0,0.6665669622909494
ep_10504,HRAALQQALSPLVAL,15,1587.86,0.63,0.0,73.2,9.76,1.09,0.9997983372722091,0.3333333333333333,E380Q,False,,0.26666666666666666,0.0,0.0,0.0,0.0,0.0,0.06666666666666667,0.0,0.0,0.26666666666666666,0.0,0.0,0.06666666666666667,0.13333333333333333,0.06666666666666667,0.06666666666666667,0.0,0.06666666666666667,0.0,0.0,0.6665658353027712
ep_28910,AALVLLVLVAVSFAI,15,1498.89,3.05,0.07,9.33,5.57,-0.0,0.9997974974805145,0.3333333333333333,E380Q,False,,0.26666666666666666,0.0,0.0,0.0,0.06666666666666667,0.0,0.0,0.06666666666666667,0.0,0.26666666666666666,0.0,0.0,0.0,0.0,0.0,0.06666666666666667,0.0,0.26666666666666666,0.0,0.0,0.6665654154069239
ep_53049,SMASSNSTATESDSD,15,1489.43,-0.98,0.0,68.92,4.05,-3.0,0.9997964167671268,0.3333333333333333,K303R,False,,0.13333333333333333,0.0,0.13333333333333333,0.06666666666666667,0.0,0.0,0.0,0.0,0.0,0.0,0.06666666666666667,0.06666666666666667,0.0,0.0,0.0,0.4,0.13333333333333333,0.0,0.0,0.0,0.6665648750502301
ep_31973,LLGVIAVLVMVLLIG,15,1523.02,3.18,0.0,9.33,5.53,-0.0,0.9997956605937377,0.3333333333333333,E380Q,False,,0.06666666666666667,0.0,0.0,0.0,0.0,0.13333333333333333,0.0,0.13333333333333333,0.0,0.3333333333333333,0.06666666666666667,0.0,0.0,0.0,0.0,0.0,0.0,0.26666666666666666,0.0,0.0,0.6665644969635355
ep_61989,TLLEARAELGRAAAL,15,1554.79,0.47,0.0,9.33,5.81,0.0,0.9997950382460026,0.3333333333333333,E380Q,False,,0.3333333333333333,0.0,0.0,0.13333333333333333,0.0,0.06666666666666667,0.0,0.0,0.0,0.26666666666666666,0.0,0.0,0.0,0.0,0.13333333333333333,0.0,0.06666666666666667,0.0,0.0,0.0,0.6665641857896679
ep_10634,RVAASALLVVIAVNL,15,1508.85,2.07,0.0,9.33,9.75,1.0,0.9997926332327022,0.3333333333333333,K303R,False,,0.26666666666666666,0.0,0.0,0.0,0.0,0.0,0.0,0.06666666666666667,0.0,0.2,0.0,0.06666666666666667,0.0,0.0,0.06666666666666667,0.06666666666666667,0.0,0.26666666666666666,0.0,0.0,0.6665629832830178
ep_21971,CLQQYPAQPWQGAAL,15,1673.89,-0.29,0.13,78.05,5.52,-0.05,0.9997921841513165,0.3333333333333333,E380Q,False,,0.2,0.06666666666666667,0.0,0.0,0.0,0.06666666666666667,0.0,0.0,0.0,0.13333333333333333,0.0,0.0,0.13333333333333333,0.26666666666666666,0.0,0.0,0.0,0.0,0.06666666666666667,0.06666666666666667,0.666562758742325
ep_62890,FLAVLVVIGLVINVL,15,1582.02,3.06,0.07,9.33,5.53,-0.0,0.9997917215873319,0.3333333333333333,E380Q,False,,0.06666666666666667,0.0,0.0,0.0,0.06666666666666667,0.06666666666666667,0.0,0.13333333333333333,0.0,0.26666666666666666,0.0,0.06666666666666667,0.0,0.0,0.0,0.0,0.0,0.3333333333333333,0.0,0.0,0.6665625274603326
ep_1385,ALLPLLPLPPPQHTQ,15,1634.96,0.13,0.0,76.32,6.79,0.09,0.99979079131191,0.3333333333333333,E380Q,False,,0.06666666666666667,0.0,0.0,0.0,0.0,0.0,0.06666666666666667,0.0,0.0,0.3333333333333333,0.0,0.0,0.3333333333333333,0.13333333333333333,0.0,0.0,0.06666666666666667,0.0,0.0,0.0,0.6665620623226216
ep_8126,AAFWAAVGLTLWSVF,15,1638.9,1.67,0.27,9.44,5.57,-0.0,0.999790274956171,0.3333333333333333,S463P,False,,0.26666666666666666,0.0,0.0,0.0,0.13333333333333333,0.06666666666666667,0.0,0.0,0.0,0.13333333333333333,0.0,0.0,0.0,0.0,0.0,0.06666666666666667,0.06666666666666667,0.13333333333333333,0.13333333333333333,0.0,0.6665618041447522
ep_63565,RVLAAALEAWIRAAG,15,1567.83,0.89,0.07,9.33,9.6,1.0,0.9997899539674325,0.3333333333333333,E380Q,False,,0.4,0.0,0.0,0.06666666666666667,0.0,0.06666666666666667,0.0,0.06666666666666667,0.0,0.13333333333333333,0.0,0.0,0.0,0.0,0.13333333333333333,0.0,0.0,0.06666666666666667,0.06666666666666667,0.0,0.666561643650383
ep_49749,PSYRCKICNKAFTWR,15,1873.21,-0.77,0.2,11.01,9.86,3.91,0.9997881277853877,0.3333333333333333,K303R,False,,0.06666666666666667,0.13333333333333333,0.0,0.0,0.06666666666666667,0.0,0.0,0.06666666666666667,0.13333333333333333,0.0,0.0,0.06666666666666667,0.06666666666666667,0.0,0.13333333333333333,0.06666666666666667,0.06666666666666667,0.0,0.06666666666666667,0.06666666666666667,0.6665607305593605
ep_55915,NDDDICSVLCELLST,15,1639.8,0.35,0.0,9.33,4.05,-4.09,0.9997864225548377,0.3333333333333333,E380Q,False,,0.0,0.13333333333333333,0.2,0.06666666666666667,0.0,0.0,0.0,0.06666666666666667,0.0,0.2,0.0,0.06666666666666667,0.0,0.0,0.0,0.13333333333333333,0.06666666666666667,0.06666666666666667,0.0,0.0,0.6665598779440856
ep_9312,FQDRHIYFFVHIPQY,15,2010.25,-0.27,0.33,94.47,6.92,0.18,0.9997839967891294,0.3333333333333333,E380Q,False,,0.0,0.0,0.06666666666666667,0.0,0.2,0.0,0.13333333333333333,0.13333333333333333,0.0,0.0,0.0,0.0,0.06666666666666667,0.13333333333333333,0.06666666666666667,0.0,0.0,0.06666666666666667,0.0,0.13333333333333333,0.6665586650612314
ep_3501,FEFFLLLAVLVVFAA,15,1699.08,2.73,0.27,9.33,4.05,-1.0,0.9997837358281524,0.3333333333333333,E380Q,False,,0.2,0.0,0.0,0.06666666666666667,0.26666666666666666,0.0,0.0,0.0,0.0,0.26666666666666666,0.0,0.0,0.0,0.0,0.0,0.0,0.0,0.2,0.0,0.0,0.6665585345807429
ep_37011,ENDDDICSVLCELLS,15,1667.81,0.17,0.0,9.33,4.05,-5.09,0.9997831049443008,0.3333333333333333,E380Q,False,,0.0,0.13333333333333333,0.2,0.13333333333333333,0.0,0.0,0.0,0.06666666666666667,0.0,0.2,0.0,0.06666666666666667,0.0,0.0,0.0,0.13333333333333333,0.0,0.06666666666666667,0.0,0.0,0.6665582191388171
ep_45762,PPHPKKTSSPTPPTH,15,1608.8,-1.83,0.0,75.23,10.02,2.18,0.9997830343034874,0.3333333333333333,K303R,False,,0.0,0.0,0.0,0.0,0.0,0.0,0.13333333333333333,0.0,0.13333333333333333,0.0,0.0,0.0,0.4,0.0,0.0,0.13333333333333333,0.2,0.0,0.0,0.0,0.6665581838184104
ep_48550,RGKVKLIDFSNATFY,15,1759.01,-0.17,0.2,9.71,9.7,2.0,0.999782470540652,0.3333333333333333,S463P,False,,0.06666666666666667,0.0,0.06666666666666667,0.0,0.13333333333333333,0.06666666666666667,0.0,0.06666666666666667,0.13333333333333333,0.06666666666666667,0.0,0.06666666666666667,0.0,0.0,0.06666666666666667,0.06666666666666667,0.06666666666666667,0.06666666666666667,0.0,0.06666666666666667,0.6665579019369926
ep_10755,TWEQRDKILKGILSA,15,1758.03,-0.48,0.07,9.53,8.26,1.0,0.999782410387566,0.3333333333333333,E380Q,False,,0.06666666666666667,0.0,0.06666666666666667,0.06666666666666667,0.0,0.06666666666666667,0.0,0.13333333333333333,0.13333333333333333,0.13333333333333333,0.0,0.0,0.0,0.06666666666666667,0.06666666666666667,0.06666666666666667,0.06666666666666667,0.0,0.06666666666666667,0.0,0.6665578718604497
ep_54107,QLQYAIDLLKRCPLP,15,1771.13,0.04,0.07,83.58,8.2,0.95,0.9997796250388051,0.3333333333333333,K303R,False,,0.06666666666666667,0.06666666666666667,0.06666666666666667,0.0,0.0,0.0,0.0,0.06666666666666667,0.06666666666666667,0.26666666666666666,0.0,0.0,0.13333333333333333,0.13333333333333333,0.06666666666666667,0.0,0.0,0.0,0.0,0.06666666666666667,0.6665564791860692
ep_45930,HLSDEQKQDFMSRCE,15,1853.0,-1.55,0.07,87.88,4.95,-1.95,0.9997745870942083,0.3333333333333333,E380Q,False,LSD,0.0,0.06666666666666667,0.13333333333333333,0.13333333333333333,0.06666666666666667,0.0,0.06666666666666667,0.0,0.06666666666666667,0.06666666666666667,0.06666666666666667,0.0,0.0,0.13333333333333333,0.06666666666666667,0.13333333333333333,0.0,0.0,0.0,0.0,0.6665539602137708
ep_39075,FYARYTVHIPTCTSH,15,1796.01,-0.15,0.2,85.27,8.21,1.13,0.9997734977339915,0.3333333333333333,S463P,False,,0.06666666666666667,0.06666666666666667,0.0,0.0,0.06666666666666667,0.0,0.13333333333333333,0.06666666666666667,0.0,0.0,0.0,0.0,0.06666666666666667,0.0,0.06666666666666667,0.06666666666666667,0.2,0.06666666666666667,0.0,0.13333333333333333,0.6665534155336624
ep_44538,AVGAFVAYDAYLYTR,15,1679.87,0.61,0.27,8.14,5.88,-0.0,0.9997715380081761,0.3333333333333333,S463P,False,,0.26666666666666666,0.0,0.06666666666666667,0.0,0.06666666666666667,0.06666666666666667,0.0,0.0,0.0,0.06666666666666667,0.0,0.0,0.0,0.0,0.06666666666666667,0.0,0.06666666666666667,0.13333333333333333,0.0,0.2,0.6665524356707547
ep_34685,DHAQHFTLTPERRRE,15,1893.03,-1.9,0.07,90.38,6.93,0.18,0.9997679274649561,0.3333333333333333,E380Q,False,,0.06666666666666667,0.0,0.06666666666666667,0.13333333333333333,0.06666666666666667,0.0,0.13333333333333333,0.0,0.0,0.06666666666666667,0.0,0.0,0.06666666666666667,0.06666666666666667,0.2,0.0,0.13333333333333333,0.0,0.0,0.0,0.6665506303991448
ep_27462,AALQQALSPLVALVH,15,1530.81,1.21,0.0,73.2,6.79,0.09,0.9997660361846562,0.3333333333333333,E380Q,False,,0.26666666666666666,0.0,0.0,0.0,0.0,0.0,0.06666666666666667,0.0,0.0,0.26666666666666666,0.0,0.0,0.06666666666666667,0.13333333333333333,0.0,0.06666666666666667,0.0,0.13333333333333333,0.0,0.0,0.6665496847589948
ep_34007,QEYSDALATAWQSMS,15,1687.78,-0.55,0.13,80.76,4.05,-2.0,0.9997657289164691,0.3333333333333333,E380Q,False,,0.2,0.0,0.06666666666666667,0.06666666666666667,0.0,0.0,0.0,0.0,0.0,0.06666666666666667,0.06666666666666667,0.0,0.0,0.13333333333333333,0.0,0.2,0.06666666666666667,0.0,0.06666666666666667,0.06666666666666667,0.6665495311249012
ep_40543,TWLLGVIAVLVMVLL,15,1640.12,2.8,0.07,7.54,5.18,-0.0,0.9997650386609901,0.3333333333333333,E380Q,False,,0.06666666666666667,0.0,0.0,0.0,0.0,0.06666666666666667,0.0,0.06666666666666667,0.0,0.3333333333333333,0.06666666666666667,0.0,0.0,0.0,0.0,0.0,0.06666666666666667,0.26666666666666666,0.06666666666666667,0.0,0.6665491859971617
ep_3999,PFRLICEHILIHTED,15,1836.12,0.18,0.07,88.16,5.37,-1.86,0.9997627600964827,0.3333333333333333,L536H,False,,0.0,0.06666666666666667,0.06666666666666667,0.13333333333333333,0.06666666666666667,0.0,0.13333333333333333,0.2,0.0,0.13333333333333333,0.0,0.0,0.06666666666666667,0.0,0.06666666666666667,0.0,0.06666666666666667,0.0,0.0,0.0,0.666548046714908
ep_15859,TFCSVLNFVVFQTDH,15,1756.97,0.76,0.2,7.54,5.05,-0.96,0.999759484650438,0.3333333333333333,Y537S,False,,0.0,0.06666666666666667,0.06666666666666667,0.0,0.2,0.0,0.06666666666666667,0.0,0.0,0.06666666666666667,0.0,0.06666666666666667,0.0,0.06666666666666667,0.0,0.06666666666666667,0.13333333333333333,0.2,0.0,0.0,0.6665464089918857
ep_26968,ASRSSTTTTPRTASS,15,1510.56,-0.97,0.0,72.12,12.0,2.0,0.999756125446531,0.3333333333333333,K303R,False,,0.13333333333333333,0.0,0.0,0.0,0.0,0.0,0.0,0.0,0.0,0.0,0.0,0.0,0.06666666666666667,0.0,0.13333333333333333,0.3333333333333333,0.3333333333333333,0.0,0.0,0.0,0.6665447293899321
ep_44113,AHNIVHRDIKPENIL,15,1769.01,-0.47,0.0,86.13,6.96,0.18,0.999748001871035,0.3333333333333333,K303R,False,,0.06666666666666667,0.0,0.06666666666666667,0.06666666666666667,0.0,0.0,0.13333333333333333,0.2,0.06666666666666667,0.06666666666666667,0.0,0.13333333333333333,0.06666666666666667,0.0,0.06666666666666667,0.0,0.0,0.06666666666666667,0.0,0.0,0.6665406676021841
ep_46074,IVEEEMLRSLIRIID,15,1829.17,0.53,0.0,89.27,4.57,-2.0,0.9997449861053272,0.3333333333333333,L536H,False,,0.0,0.0,0.06666666666666667,0.2,0.0,0.0,0.0,0.26666666666666666,0.0,0.13333333333333333,0.06666666666666667,0.0,0.0,0.0,0.13333333333333333,0.06666666666666667,0.0,0.06666666666666667,0.0,0.0,0.6665391597193303
ep_8442,ASGTTVSSGDVTVTL,15,1394.48,0.58,0.0,5.19,4.05,-1.0,0.9997445346186602,0.3333333333333333,S463P,False,,0.06666666666666667,0.0,0.06666666666666667,0.0,0.0,0.13333333333333333,0.0,0.0,0.0,0.06666666666666667,0.0,0.0,0.0,0.0,0.0,0.2,0.26666666666666666,0.2,0.0,0.0,0.6665389339759967
ep_42546,IPDHVFNKIKSYFTK,15,1837.12,-0.5,0.2,6.85,9.53,2.09,0.9997442550075323,0.3333333333333333,K303R,False,,0.0,0.0,0.06666666666666667,0.0,0.13333333333333333,0.0,0.06666666666666667,0.13333333333333333,0.2,0.0,0.0,0.06666666666666667,0.06666666666666667,0.0,0.0,0.06666666666666667,0.06666666666666667,0.06666666666666667,0.0,0.06666666666666667,0.6665387941704328
ep_35660,PMTFTQAVLTAFVAA,15,1567.85,1.31,0.13,5.59,5.95,-0.0,0.9997427252577136,0.3333333333333333,E380Q,False,,0.26666666666666666,0.0,0.0,0.0,0.13333333333333333,0.0,0.0,0.0,0.0,0.06666666666666667,0.06666666666666667,0.0,0.06666666666666667,0.06666666666666667,0.0,0.0,0.2,0.13333333333333333,0.0,0.0,0.6665380292955234
ep_65819,MSVLLRFFPAKPFTS,15,1741.1,0.67,0.2,84.96,11.0,2.0,0.9997405843350157,0.3333333333333333,K303R,False,,0.06666666666666667,0.0,0.0,0.0,0.2,0.0,0.0,0.0,0.06666666666666667,0.13333333333333333,0.06666666666666667,0.0,0.13333333333333333,0.0,0.06666666666666667,0.13333333333333333,0.06666666666666667,0.06666666666666667,0.0,0.0,0.6665369588341745
ep_14787,KTQAVVFTRGRPRAL,15,1700.0,-0.38,0.07,6.46,12.0,4.0,0.9997383509618558,0.3333333333333333,Y537S,False,,0.13333333333333333,0.0,0.0,0.0,0.06666666666666667,0.06666666666666667,0.0,0.0,0.06666666666666667,0.06666666666666667,0.0,0.0,0.06666666666666667,0.06666666666666667,0.2,0.0,0.13333333333333333,0.13333333333333333,0.0,0.0,0.6665358421475945
ep_47737,GLVEEGRRLRDEVAA,15,1669.84,-0.58,0.0,82.09,4.87,-1.0,0.999737317976619,0.3333333333333333,E380Q,False,,0.13333333333333333,0.0,0.06666666666666667,0.2,0.0,0.13333333333333333,0.0,0.0,0.0,0.13333333333333333,0.0,0.0,0.0,0.0,0.2,0.0,0.0,0.13333333333333333,0.0,0.0,0.6665353256549762
ep_10645,IQAHTQHCQSHGISL,15,1659.82,-0.38,0.0,5.31,7.01,0.23,0.999734478613018,0.3333333333333333,E380Q,False,,0.06666666666666667,0.06666666666666667,0.0,0.0,0.0,0.06666666666666667,0.2,0.13333333333333333,0.0,0.06666666666666667,0.0,0.0,0.0,0.2,0.0,0.13333333333333333,0.06666666666666667,0.0,0.0,0.0,0.6665339059731756
ep_43184,ATSVTSTSSTSSSSS,15,1376.34,-0.27,0.0,67.87,5.57,-0.0,0.9997312389421299,0.3333333333333333,S463P,False,,0.06666666666666667,0.0,0.0,0.0,0.0,0.0,0.0,0.0,0.0,0.0,0.0,0.0,0.0,0.0,0.0,0.6,0.26666666666666666,0.06666666666666667,0.0,0.0,0.6665322861377316
ep_34917,THELFMAVCQALGIP,15,1629.94,0.95,0.07,4.95,5.21,-0.95,0.9997311144108679,0.3333333333333333,E380Q,False,,0.13333333333333333,0.06666666666666667,0.0,0.06666666666666667,0.06666666666666667,0.06666666666666667,0.06666666666666667,0.06666666666666667,0.0,0.13333333333333333,0.06666666666666667,0.0,0.06666666666666667,0.06666666666666667,0.0,0.0,0.06666666666666667,0.06666666666666667,0.0,0.0,0.6665322238721006
ep_63681,CSPDPHILQIVLDRF,15,1753.03,0.26,0.07,86.78,5.21,-0.95,0.9997297031926732,0.3333333333333333,K303R,False,,0.0,0.06666666666666667,0.13333333333333333,0.0,0.06666666666666667,0.0,0.06666666666666667,0.13333333333333333,0.0,0.13333333333333333,0.0,0.0,0.13333333333333333,0.06666666666666667,0.06666666666666667,0.06666666666666667,0.0,0.06666666666666667,0.0,0.0,0.6665315182630033
ep_17966,TKHIEIDCHFIRDCV,15,1829.11,-0.03,0.07,90.55,5.93,-0.91,0.9997296048785974,0.3333333333333333,E380Q,False,,0.0,0.13333333333333333,0.13333333333333333,0.06666666666666667,0.06666666666666667,0.0,0.13333333333333333,0.2,0.06666666666666667,0.0,0.0,0.0,0.0,0.0,0.06666666666666667,0.0,0.06666666666666667,0.06666666666666667,0.0,0.0,0.6665314691059654
ep_39385,AACPLCRAALPPGAE,15,1439.7,0.56,0.0,71.49,6.25,-0.09,0.999724162529201,0.3333333333333333,Y537S,False,,0.3333333333333333,0.13333333333333333,0.0,0.06666666666666667,0.0,0.06666666666666667,0.0,0.0,0.0,0.13333333333333333,0.0,0.0,0.2,0.0,0.06666666666666667,0.0,0.0,0.0,0.0,0.0,0.6665287479312672
ep_36337,ALTGVAVAAGPLVAG,15,1266.49,1.71,0.0,3.67,5.57,-0.0,0.9997217781790289,0.3333333333333333,E380Q,False,,0.3333333333333333,0.0,0.0,0.0,0.0,0.2,0.0,0.0,0.0,0.13333333333333333,0.0,0.0,0.06666666666666667,0.0,0.0,0.0,0.06666666666666667,0.2,0.0,0.0,0.6665275557561811
ep_31277,KVGPTMEVYACPNIS,15,1608.88,0.12,0.07,80.2,5.99,-0.05,0.9997214103647986,0.3333333333333333,S463P,False,,0.06666666666666667,0.06666666666666667,0.0,0.06666666666666667,0.0,0.06666666666666667,0.0,0.06666666666666667,0.06666666666666667,0.0,0.06666666666666667,0.06666666666666667,0.13333333333333333,0.0,0.0,0.06666666666666667,0.06666666666666667,0.13333333333333333,0.0,0.06666666666666667,0.666527371849066
ep_24980,YNMSADEFNAILRSM,15,1761.97,-0.19,0.13,87.94,4.37,-1.0,0.9997197828861207,0.3333333333333333,Y537S,False,,0.13333333333333333,0.0,0.06666666666666667,0.06666666666666667,0.06666666666666667,0.0,0.0,0.06666666666666667,0.0,0.06666666666666667,0.13333333333333333,0.13333333333333333,0.0,0.0,0.06666666666666667,0.13333333333333333,0.0,0.0,0.0,0.06666666666666667,0.666526558109727
ep_1674,ADQIAAAAVSKALEG,15,1414.56,0.51,0.0,3.67,4.37,-1.0,0.9997189329121684,0.3333333333333333,S463P,False,,0.4,0.0,0.06666666666666667,0.06666666666666667,0.0,0.06666666666666667,0.0,0.06666666666666667,0.06666666666666667,0.06666666666666667,0.0,0.0,0.0,0.06666666666666667,0.0,0.06666666666666667,0.0,0.06666666666666667,0.0,0.0,0.6665261331227509
ep_23707,VFHERTKHIEIDCHF,15,1911.15,-0.53,0.13,95.58,6.26,-0.77,0.9997174263591364,0.3333333333333333,S463P,False,,0.0,0.06666666666666667,0.06666666666666667,0.13333333333333333,0.13333333333333333,0.0,0.2,0.13333333333333333,0.06666666666666667,0.0,0.0,0.0,0.0,0.0,0.06666666666666667,0.0,0.06666666666666667,0.06666666666666667,0.0,0.0,0.6665253798462348
ep_28174,VCQALGIPARLVTSM,15,1558.91,1.13,0.0,3.91,8.22,0.95,0.9997161800459675,0.3333333333333333,S463P,False,,0.13333333333333333,0.06666666666666667,0.0,0.0,0.0,0.06666666666666667,0.0,0.06666666666666667,0.0,0.13333333333333333,0.06666666666666667,0.0,0.06666666666666667,0.06666666666666667,0.06666666666666667,0.06666666666666667,0.06666666666666667,0.13333333333333333,0.0,0.0,0.6665247566896504
ep_42617,AAIDALLAADDERAG,15,1471.57,0.27,0.0,3.67,4.05,-3.0,0.9997157181901717,0.3333333333333333,E380Q,False,,0.4,0.0,0.2,0.06666666666666667,0.0,0.06666666666666667,0.0,0.06666666666666667,0.0,0.13333333333333333,0.0,0.0,0.0,0.0,0.06666666666666667,0.0,0.0,0.0,0.0,0.0,0.6665245257617525
ep_63313,ASFELAFALGYLAGL,15,1542.77,1.44,0.2,3.67,4.05,-1.0,0.9997147230172655,0.3333333333333333,Y537S,False,,0.26666666666666666,0.0,0.0,0.06666666666666667,0.13333333333333333,0.13333333333333333,0.0,0.0,0.0,0.26666666666666666,0.0,0.0,0.0,0.0,0.0,0.06666666666666667,0.0,0.0,0.0,0.06666666666666667,0.6665240281752994
ep_50036,TMQQMQVMQSACDSM,15,1719.01,-0.25,0.0,86.33,4.05,-1.05,0.9997122473762231,0.3333333333333333,E380Q,False,,0.06666666666666667,0.06666666666666667,0.06666666666666667,0.0,0.0,0.0,0.0,0.0,0.0,0.0,0.26666666666666666,0.0,0.0,0.26666666666666666,0.0,0.13333333333333333,0.06666666666666667,0.06666666666666667,0.0,0.0,0.6665227903547782
ep_9077,AAFALVTVAAVRVLL,15,1513.87,2.32,0.07,3.67,9.8,1.0,0.9997100816150534,0.3333333333333333,E380Q,False,,0.3333333333333333,0.0,0.0,0.0,0.06666666666666667,0.0,0.0,0.0,0.0,0.2,0.0,0.0,0.0,0.0,0.06666666666666667,0.0,0.06666666666666667,0.26666666666666666,0.0,0.0,0.6665217074741934
ep_24119,FALDIARGLAFLHAR,15,1670.95,0.84,0.13,3.67,9.61,1.09,0.9997081840575381,0.3333333333333333,E380Q,False,,0.26666666666666666,0.0,0.06666666666666667,0.0,0.13333333333333333,0.06666666666666667,0.06666666666666667,0.06666666666666667,0.0,0.2,0.0,0.0,0.0,0.0,0.13333333333333333,0.0,0.0,0.0,0.0,0.0,0.6665207586954357
ep_27438,FRLLLIGFIVQIAAA,15,1645.04,2.11,0.13,3.67,9.75,1.0,0.9997080531802176,0.3333333333333333,E380Q,False,,0.2,0.0,0.0,0.0,0.13333333333333333,0.06666666666666667,0.0,0.2,0.0,0.2,0.0,0.0,0.0,0.06666666666666667,0.06666666666666667,0.0,0.0,0.06666666666666667,0.0,0.0,0.6665206932567754
ep_26003,RAGQRALLALGALLL,15,1535.88,1.11,0.0,3.67,12.0,2.0,0.9997042904025565,0.3333333333333333,Y537S,False,,0.26666666666666666,0.0,0.0,0.0,0.0,0.13333333333333333,0.0,0.0,0.0,0.4,0.0,0.0,0.0,0.06666666666666667,0.13333333333333333,0.0,0.0,0.0,0.0,0.0,0.6665188118679449
ep_65233,FNKHSINNLLKIFKS,15,1803.11,-0.32,0.13,3.78,10.3,3.09,0.9997042467161252,0.3333333333333333,K303R,False,,0.0,0.0,0.0,0.0,0.13333333333333333,0.0,0.06666666666666667,0.13333333333333333,0.2,0.13333333333333333,0.0,0.2,0.0,0.0,0.0,0.13333333333333333,0.0,0.0,0.0,0.0,0.6665187900247292
ep_30885,RYQIPHFTFVHHEMD,15,1957.17,-0.8,0.2,3.7,6.27,-0.73,0.9997034596813849,0.3333333333333333,L536H,False,,0.0,0.0,0.06666666666666667,0.06666666666666667,0.13333333333333333,0.0,0.2,0.06666666666666667,0.0,0.0,0.06666666666666667,0.0,0.06666666666666667,0.06666666666666667,0.06666666666666667,0.0,0.06666666666666667,0.06666666666666667,0.0,0.06666666666666667,0.6665183965073591
ep_44128,RFRLLLIGFIVQIAA,15,1730.15,1.69,0.13,3.67,12.0,2.0,0.9997020819785115,0.3333333333333333,E380Q,False,,0.13333333333333333,0.0,0.0,0.0,0.13333333333333333,0.06666666666666667,0.0,0.2,0.0,0.2,0.0,0.0,0.0,0.06666666666666667,0.13333333333333333,0.0,0.0,0.06666666666666667,0.0,0.0,0.6665177076559224
ep_53018,PENILVSSSGKVVLS,15,1528.75,0.57,0.0,77.41,6.43,-0.0,0.9997018319441947,0.3333333333333333,K303R,False,,0.0,0.0,0.0,0.06666666666666667,0.0,0.06666666666666667,0.0,0.06666666666666667,0.06666666666666667,0.13333333333333333,0.0,0.06666666666666667,0.06666666666666667,0.0,0.0,0.26666666666666666,0.0,0.2,0.0,0.0,0.666517582638764
ep_30666,QLSEEQREAIRSLAG,15,1686.82,-0.85,0.0,86.04,4.79,-1.0,0.9996933205762246,0.3333333333333333,K303R,False,,0.13333333333333333,0.0,0.0,0.2,0.0,0.06666666666666667,0.0,0.06666666666666667,0.0,0.13333333333333333,0.0,0.0,0.0,0.13333333333333333,0.13333333333333333,0.13333333333333333,0.0,0.0,0.0,0.0,0.6665133269547789
ep_44182,MHLFYAATLLAVFAV,15,1667.02,1.95,0.2,85.04,6.49,0.09,0.9996929681760197,0.3333333333333333,E380Q,False,,0.26666666666666666,0.0,0.0,0.0,0.13333333333333333,0.0,0.06666666666666667,0.0,0.0,0.2,0.06666666666666667,0.0,0.0,0.0,0.0,0.0,0.06666666666666667,0.13333333333333333,0.0,0.06666666666666667,0.6665131507546765
ep_37233,SSGATSVSSSSTTSS,15,1332.28,-0.25,0.0,67.87,5.24,-0.0,0.999691618071633,0.3333333333333333,S463P,False,,0.06666666666666667,0.0,0.0,0.0,0.0,0.06666666666666667,0.0,0.0,0.0,0.0,0.0,0.0,0.0,0.0,0.0,0.6,0.2,0.06666666666666667,0.0,0.0,0.6665124757024832
ep_26844,SSSGATSVSSSSTTS,15,1332.28,-0.25,0.0,67.87,5.24,-0.0,0.999691618071633,0.3333333333333333,S463P,False,,0.06666666666666667,0.0,0.0,0.0,0.0,0.06666666666666667,0.0,0.0,0.0,0.0,0.0,0.0,0.0,0.0,0.0,0.6,0.2,0.06666666666666667,0.0,0.0,0.6665124757024832
ep_1654,FVVFQTDHGQLFFHS,15,1808.99,0.31,0.27,2.42,5.97,-0.82,0.999690476535848,0.3333333333333333,S463P,False,,0.0,0.0,0.06666666666666667,0.0,0.26666666666666666,0.06666666666666667,0.13333333333333333,0.0,0.0,0.06666666666666667,0.0,0.0,0.0,0.13333333333333333,0.0,0.06666666666666667,0.06666666666666667,0.13333333333333333,0.0,0.0,0.6665119049345907
ep_30281,DGRTWSAQDWAKASG,15,1635.69,-1.23,0.13,2.13,5.96,-0.0,0.9996889533177612,0.3333333333333333,S463P,False,,0.2,0.0,0.13333333333333333,0.0,0.0,0.13333333333333333,0.0,0.0,0.06666666666666667,0.0,0.0,0.0,0.0,0.06666666666666667,0.06666666666666667,0.13333333333333333,0.06666666666666667,0.0,0.13333333333333333,0.0,0.6665111433255473
ep_55557,TVTGEVEVAAGGRLD,15,1473.58,0.16,0.0,1.21,4.38,-2.0,0.9996757380902693,0.3333333333333333,L536H,False,,0.13333333333333333,0.0,0.06666666666666667,0.13333333333333333,0.0,0.2,0.0,0.0,0.0,0.06666666666666667,0.0,0.0,0.0,0.0,0.06666666666666667,0.0,0.13333333333333333,0.2,0.0,0.0,0.6665045357118013
ep_22064,AALRARIRDWVDRLL,15,1824.14,-0.03,0.07,1.47,11.52,2.0,0.999671787416894,0.3333333333333333,K303R,False,,0.2,0.0,0.13333333333333333,0.0,0.0,0.0,0.0,0.06666666666666667,0.0,0.2,0.0,0.0,0.0,0.0,0.26666666666666666,0.0,0.0,0.06666666666666667,0.06666666666666667,0.0,0.6665025603751137
ep_26674,APSATTPSTTVPSTP,15,1414.51,-0.3,0.0,73.53,5.57,-0.0,0.9996670186643579,0.3333333333333333,K303R,False,,0.13333333333333333,0.0,0.0,0.0,0.0,0.0,0.0,0.0,0.0,0.0,0.0,0.0,0.26666666666666666,0.0,0.0,0.2,0.3333333333333333,0.06666666666666667,0.0,0.0,0.6665001759988456
ep_63947,RLLPPRCPLPPPPRL,15,1722.15,-0.47,0.0,89.16,11.7,2.95,0.9996666629072929,0.3333333333333333,K303R,False,,0.0,0.06666666666666667,0.0,0.0,0.0,0.0,0.0,0.0,0.0,0.26666666666666666,0.0,0.0,0.4666666666666667,0.0,0.2,0.0,0.0,0.0,0.0,0.0,0.6664999981203131
ep_21881,QTKPYFVDLVIPKFD,15,1810.1,-0.08,0.2,0.59,6.13,-0.0,0.9996647359862232,0.3333333333333333,S463P,False,,0.0,0.0,0.13333333333333333,0.0,0.13333333333333333,0.0,0.0,0.06666666666666667,0.13333333333333333,0.06666666666666667,0.0,0.0,0.13333333333333333,0.06666666666666667,0.0,0.0,0.06666666666666667,0.13333333333333333,0.0,0.06666666666666667,0.6664990346597782
ep_60915,THKRKRGRPRKNPPP,15,1825.13,-2.93,0.0,94.5,12.0,7.09,0.999658883188255,0.3333333333333333,K303R,False,,0.0,0.0,0.0,0.0,0.0,0.06666666666666667,0.06666666666666667,0.0,0.2,0.0,0.0,0.06666666666666667,0.26666666666666666,0.0,0.26666666666666666,0.0,0.06666666666666667,0.0,0.0,0.0,0.6664961082607942
ep_51153,GGSVLLPAGPAAVPL,15,1318.56,1.23,0.0,68.92,5.53,-0.0,0.9996575396723638,0.3333333333333333,S463P,False,,0.2,0.0,0.0,0.0,0.0,0.2,0.0,0.0,0.0,0.2,0.0,0.0,0.2,0.0,0.0,0.06666666666666667,0.0,0.13333333333333333,0.0,0.0,0.6664954365028486
ep_12824,DSTIHILLSIFFYIN,15,1796.07,1.16,0.2,94.27,5.08,-0.91,0.9996559043512296,0.3333333333333333,E380Q,False,,0.0,0.0,0.06666666666666667,0.0,0.13333333333333333,0.0,0.06666666666666667,0.26666666666666666,0.0,0.13333333333333333,0.0,0.06666666666666667,0.0,0.0,0.0,0.13333333333333333,0.06666666666666667,0.0,0.0,0.06666666666666667,0.6664946188422814
ep_36892,AFLGSIGHDIQNFLS,15,1618.79,0.53,0.13,-0.69,5.08,-0.91,0.9996448649366716,0.3333333333333333,E380Q,False,,0.06666666666666667,0.0,0.06666666666666667,0.0,0.13333333333333333,0.13333333333333333,0.06666666666666667,0.13333333333333333,0.0,0.13333333333333333,0.0,0.06666666666666667,0.0,0.06666666666666667,0.0,0.13333333333333333,0.0,0.0,0.0,0.0,0.6664890991350024
ep_2437,DWAARAALVVIALHL,15,1618.92,1.41,0.07,-0.69,6.74,0.09,0.9996443511607565,0.3333333333333333,E380Q,False,,0.3333333333333333,0.0,0.06666666666666667,0.0,0.0,0.0,0.06666666666666667,0.06666666666666667,0.0,0.2,0.0,0.0,0.0,0.0,0.06666666666666667,0.0,0.0,0.13333333333333333,0.06666666666666667,0.0,0.6664888422470449
ep_51605,GPHAGPMQGSHMGPN,15,1474.62,-1.0,0.0,-0.72,6.92,0.18,0.999640908600696,0.3333333333333333,K303R,False,,0.06666666666666667,0.0,0.0,0.0,0.0,0.26666666666666666,0.13333333333333333,0.0,0.0,0.0,0.13333333333333333,0.06666666666666667,0.2,0.06666666666666667,0.0,0.06666666666666667,0.0,0.0,0.0,0.0,0.6664871209670147
ep_58183,FSVHTTPRIRFHVSH,15,1821.05,-0.31,0.13,-0.72,12.0,2.27,0.9996394348142601,0.3333333333333333,K303R,False,,0.0,0.0,0.0,0.0,0.13333333333333333,0.0,0.2,0.06666666666666667,0.0,0.0,0.0,0.0,0.06666666666666667,0.0,0.13333333333333333,0.13333333333333333,0.13333333333333333,0.13333333333333333,0.0,0.0,0.6664863840737967
ep_54041,LLGSLATLAFLVIVY,15,1592.96,2.34,0.13,-1.35,5.52,-0.0,0.9996327065080162,0.3333333333333333,E380Q,False,,0.13333333333333333,0.0,0.0,0.0,0.06666666666666667,0.06666666666666667,0.0,0.06666666666666667,0.0,0.3333333333333333,0.0,0.0,0.0,0.0,0.0,0.06666666666666667,0.06666666666666667,0.13333333333333333,0.0,0.06666666666666667,0.6664830199206747
ep_14624,TDVCVSVGLARATVQ,15,1518.73,0.84,0.0,-1.35,5.5,-0.05,0.9996318046303511,0.3333333333333333,E380Q,False,,0.13333333333333333,0.06666666666666667,0.06666666666666667,0.0,0.0,0.06666666666666667,0.0,0.0,0.0,0.06666666666666667,0.0,0.0,0.0,0.06666666666666667,0.06666666666666667,0.06666666666666667,0.13333333333333333,0.26666666666666666,0.0,0.0,0.6664825689818422
ep_2476,NIYKKLFEFCIEHNI,15,1911.23,-0.06,0.2,102.31,6.75,0.05,0.9996279484840322,0.3333333333333333,S463P,False,,0.0,0.06666666666666667,0.0,0.13333333333333333,0.13333333333333333,0.0,0.06666666666666667,0.2,0.13333333333333333,0.06666666666666667,0.0,0.13333333333333333,0.0,0.0,0.0,0.0,0.0,0.0,0.0,0.06666666666666667,0.6664806409086828
ep_37766,IAHRDIKPQNVLVKG,15,1687.98,-0.33,0.0,-1.75,9.99,2.09,0.9996241520849606,0.3333333333333333,K303R,False,,0.06666666666666667,0.0,0.06666666666666667,0.0,0.0,0.06666666666666667,0.06666666666666667,0.13333333333333333,0.13333333333333333,0.06666666666666667,0.0,0.06666666666666667,0.06666666666666667,0.06666666666666667,0.06666666666666667,0.0,0.0,0.13333333333333333,0.0,0.0,0.666478742709147
ep_2913,SFVADVARGLVFLHS,15,1617.85,1.08,0.13,-1.99,6.46,0.09,0.9996228489399565,0.3333333333333333,S463P,False,,0.13333333333333333,0.0,0.06666666666666667,0.0,0.13333333333333333,0.06666666666666667,0.06666666666666667,0.0,0.0,0.13333333333333333,0.0,0.0,0.0,0.0,0.06666666666666667,0.13333333333333333,0.0,0.2,0.0,0.0,0.6664780911366449
ep_41989,FLTALVGTAVAAFAL,15,1464.75,2.17,0.13,-1.99,5.53,-0.0,0.9996176494604115,0.3333333333333333,E380Q,False,,0.3333333333333333,0.0,0.0,0.0,0.13333333333333333,0.06666666666666667,0.0,0.0,0.0,0.2,0.0,0.0,0.0,0.0,0.0,0.0,0.13333333333333333,0.13333333333333333,0.0,0.0,0.6664754913968725
ep_48361,TALVGTAVAAFALGL,15,1374.62,1.96,0.07,-1.99,5.18,-0.0,0.9996139546535303,0.3333333333333333,E380Q,False,,0.3333333333333333,0.0,0.0,0.0,0.06666666666666667,0.13333333333333333,0.0,0.0,0.0,0.2,0.0,0.0,0.0,0.0,0.0,0.0,0.13333333333333333,0.13333333333333333,0.0,0.0,0.6664736439934318
ep_27443,SDTPVCVRVWTRAMF,15,1768.07,0.29,0.13,-2.89,7.96,0.95,0.9996112133465479,0.3333333333333333,E380Q,False,,0.06666666666666667,0.06666666666666667,0.06666666666666667,0.0,0.06666666666666667,0.0,0.0,0.0,0.0,0.0,0.06666666666666667,0.0,0.06666666666666667,0.0,0.13333333333333333,0.06666666666666667,0.13333333333333333,0.2,0.06666666666666667,0.0,0.6664722733399406
ep_38592,KTKAVVAQLGAKVAT,15,1484.78,0.44,0.0,-1.99,10.3,3.0,0.9996102424172346,0.3333333333333333,D538G,False,,0.26666666666666666,0.0,0.0,0.0,0.0,0.06666666666666667,0.0,0.0,0.2,0.06666666666666667,0.0,0.0,0.0,0.06666666666666667,0.0,0.0,0.13333333333333333,0.2,0.0,0.0,0.6664717878752839
ep_4639,QMITDCWNSEPSLRP,15,1776.99,-0.81,0.07,97.55,4.37,-1.04,0.9995896223062612,0.3333333333333333,K303R,False,,0.0,0.06666666666666667,0.06666666666666667,0.06666666666666667,0.0,0.0,0.0,0.06666666666666667,0.0,0.06666666666666667,0.06666666666666667,0.06666666666666667,0.13333333333333333,0.06666666666666667,0.06666666666666667,0.13333333333333333,0.06666666666666667,0.0,0.06666666666666667,0.0,0.6664614778197973
ep_3359,PRDDPPRVPLPVPAP,15,1622.87,-0.88,0.0,89.16,6.39,-0.0,0.9995883993990118,0.3333333333333333,E380Q,False,,0.06666666666666667,0.0,0.13333333333333333,0.0,0.0,0.0,0.0,0.0,0.0,0.06666666666666667,0.0,0.0,0.4666666666666667,0.0,0.13333333333333333,0.0,0.0,0.13333333333333333,0.0,0.0,0.6664608663661725
ep_1163,QMALDISHALQYMHG,15,1714.96,0.01,0.07,94.83,5.97,-0.82,0.9995788183865615,0.3333333333333333,E380Q,False,,0.13333333333333333,0.0,0.06666666666666667,0.0,0.0,0.06666666666666667,0.13333333333333333,0.06666666666666667,0.0,0.13333333333333333,0.13333333333333333,0.0,0.0,0.13333333333333333,0.0,0.06666666666666667,0.0,0.0,0.0,0.06666666666666667,0.6664560758599474
ep_51895,HPVPMSVLLRFFPAK,15,1739.13,0.54,0.13,95.88,11.0,2.09,0.9995781826401634,0.3333333333333333,K303R,False,,0.06666666666666667,0.0,0.0,0.0,0.13333333333333333,0.0,0.06666666666666667,0.0,0.06666666666666667,0.13333333333333333,0.06666666666666667,0.0,0.2,0.0,0.06666666666666667,0.06666666666666667,0.0,0.13333333333333333,0.0,0.0,0.6664557579867484
ep_25564,NVHVYHFANNTVMKV,15,1773.02,0.03,0.13,-5.7,8.61,1.18,0.9995653581711536,0.3333333333333333,S463P,False,,0.06666666666666667,0.0,0.0,0.0,0.06666666666666667,0.0,0.13333333333333333,0.0,0.06666666666666667,0.0,0.06666666666666667,0.2,0.0,0.0,0.0,0.0,0.06666666666666667,0.26666666666666666,0.0,0.06666666666666667,0.6664493457522435
ep_24264,KILDYIKEKGYKVVE,15,1825.15,-0.53,0.13,-6.13,8.34,1.0,0.9995614254096449,0.3333333333333333,D538G,False,,0.0,0.0,0.06666666666666667,0.13333333333333333,0.0,0.06666666666666667,0.0,0.13333333333333333,0.26666666666666666,0.06666666666666667,0.0,0.0,0.0,0.0,0.0,0.0,0.0,0.13333333333333333,0.0,0.13333333333333333,0.6664473793714891
ep_31008,WPDWAARAALVVIAL,15,1651.95,1.21,0.13,-5.71,5.84,-0.0,0.9995595306438473,0.3333333333333333,K303R,False,,0.3333333333333333,0.0,0.06666666666666667,0.0,0.0,0.0,0.0,0.06666666666666667,0.0,0.13333333333333333,0.0,0.0,0.06666666666666667,0.0,0.06666666666666667,0.0,0.0,0.13333333333333333,0.13333333333333333,0.0,0.6664464319885903
ep_29460,PDWAARAALVVIALH,15,1602.88,1.05,0.07,-5.71,7.17,0.09,0.9995556617927668,0.3333333333333333,L536H,False,,0.3333333333333333,0.0,0.06666666666666667,0.0,0.0,0.0,0.06666666666666667,0.06666666666666667,0.0,0.13333333333333333,0.0,0.0,0.06666666666666667,0.0,0.06666666666666667,0.0,0.0,0.13333333333333333,0.06666666666666667,0.0,0.66644449756305
ep_19571,NDICKLPEEIGQLQQ,15,1727.93,-0.75,0.0,97.25,4.14,-2.04,0.9995487878331617,0.3333333333333333,E380Q,False,,0.0,0.06666666666666667,0.06666666666666667,0.13333333333333333,0.0,0.06666666666666667,0.0,0.13333333333333333,0.06666666666666667,0.13333333333333333,0.0,0.06666666666666667,0.06666666666666667,0.2,0.0,0.0,0.0,0.0,0.0,0.0,0.6664410605832475
ep_28401,HSTWSLALSVTIALG,15,1555.77,1.03,0.07,-6.35,6.74,0.09,0.9995399753755978,0.3333333333333333,K303R,False,,0.13333333333333333,0.0,0.0,0.0,0.0,0.06666666666666667,0.06666666666666667,0.06666666666666667,0.0,0.2,0.0,0.0,0.0,0.0,0.0,0.2,0.13333333333333333,0.06666666666666667,0.06666666666666667,0.0,0.6664366543544655
ep_1332,NFVVFQTDHGQLFFH,15,1836.01,0.13,0.27,-7.6,5.97,-0.82,0.9995391829628553,0.3333333333333333,L536H,False,,0.0,0.0,0.06666666666666667,0.0,0.26666666666666666,0.06666666666666667,0.13333333333333333,0.0,0.0,0.06666666666666667,0.0,0.06666666666666667,0.0,0.13333333333333333,0.0,0.0,0.06666666666666667,0.13333333333333333,0.0,0.0,0.6664362581480943
ep_60146,FCSVLNFVVFQTDHG,15,1712.92,0.78,0.2,-7.6,5.08,-0.96,0.9995301085993901,0.3333333333333333,Y537S,False,,0.0,0.06666666666666667,0.06666666666666667,0.0,0.2,0.06666666666666667,0.06666666666666667,0.0,0.0,0.06666666666666667,0.0,0.06666666666666667,0.0,0.06666666666666667,0.0,0.06666666666666667,0.06666666666666667,0.2,0.0,0.0,0.6664317209663617
ep_26878,PQPLPQPHPQAQPHP,15,1668.85,-1.73,0.0,95.37,7.33,0.18,0.9995221249994688,0.3333333333333333,E380Q,False,,0.06666666666666667,0.0,0.0,0.0,0.0,0.0,0.13333333333333333,0.0,0.0,0.06666666666666667,0.0,0.0,0.4666666666666667,0.26666666666666666,0.0,0.0,0.0,0.0,0.0,0.0,0.666427729166401
ep_44152,AMSMASSNSTATESD,15,1489.54,-0.45,0.0,85.37,4.05,-2.0,0.9995165660052989,0.3333333333333333,K303R,False,,0.2,0.0,0.06666666666666667,0.06666666666666667,0.0,0.0,0.0,0.0,0.0,0.0,0.13333333333333333,0.06666666666666667,0.0,0.0,0.0,0.3333333333333333,0.13333333333333333,0.0,0.0,0.0,0.6664249496693161
ep_23664,RDDPPRVPLPVPAPL,15,1638.91,-0.52,0.0,94.19,5.96,-0.0,0.9995132217020974,0.3333333333333333,E380Q,False,,0.06666666666666667,0.0,0.13333333333333333,0.0,0.0,0.0,0.0,0.0,0.0,0.13333333333333333,0.0,0.0,0.4,0.0,0.13333333333333333,0.0,0.0,0.13333333333333333,0.0,0.0,0.6664232775177154
ep_11883,RVWIRGGGAVTVTGE,15,1557.75,0.17,0.07,-7.54,9.6,1.0,0.9995129869399406,0.3333333333333333,S463P,False,,0.06666666666666667,0.0,0.0,0.06666666666666667,0.0,0.26666666666666666,0.0,0.06666666666666667,0.0,0.0,0.0,0.0,0.0,0.0,0.13333333333333333,0.0,0.13333333333333333,0.2,0.06666666666666667,0.0,0.6664231601366369
ep_16774,RGRLLSLAVGAFVAY,15,1592.88,1.07,0.13,-7.65,10.84,2.0,0.9995115117422219,0.3333333333333333,S463P,False,,0.2,0.0,0.0,0.0,0.06666666666666667,0.13333333333333333,0.0,0.0,0.0,0.2,0.0,0.0,0.0,0.0,0.13333333333333333,0.06666666666666667,0.0,0.13333333333333333,0.0,0.06666666666666667,0.6664224225377776
ep_62067,DDPPRVPLPVPAPLH,15,1619.86,-0.43,0.0,94.19,5.21,-0.91,0.9994919910128376,0.3333333333333333,E380Q,False,,0.06666666666666667,0.0,0.13333333333333333,0.0,0.0,0.0,0.06666666666666667,0.0,0.0,0.13333333333333333,0.0,0.0,0.4,0.0,0.06666666666666667,0.0,0.0,0.13333333333333333,0.0,0.0,0.6664126621730855
ep_46552,HSRQFPHILPVVDAL,15,1728.99,0.21,0.07,100.62,6.92,0.18,0.9994905349554107,0.3333333333333333,E380Q,False,,0.06666666666666667,0.0,0.06666666666666667,0.0,0.06666666666666667,0.0,0.13333333333333333,0.06666666666666667,0.0,0.13333333333333333,0.0,0.0,0.13333333333333333,0.06666666666666667,0.06666666666666667,0.06666666666666667,0.0,0.13333333333333333,0.0,0.0,0.666411934144372
ep_7709,QPEICKEMIMYCLQQ,15,1857.24,-0.18,0.07,109.8,4.53,-1.09,0.9994602877466074,0.3333333333333333,Y537S,False,,0.0,0.13333333333333333,0.0,0.13333333333333333,0.0,0.0,0.0,0.13333333333333333,0.06666666666666667,0.06666666666666667,0.13333333333333333,0.0,0.06666666666666667,0.2,0.0,0.0,0.0,0.0,0.0,0.06666666666666667,0.6663968105399704
ep_55727,RPNGMLIVGDAGAGK,15,1455.68,-0.04,0.0,-10.49,8.75,1.0,0.9994361877568537,0.3333333333333333,L536H,False,,0.13333333333333333,0.0,0.06666666666666667,0.0,0.0,0.26666666666666666,0.0,0.06666666666666667,0.06666666666666667,0.06666666666666667,0.06666666666666667,0.06666666666666667,0.06666666666666667,0.0,0.06666666666666667,0.0,0.0,0.06666666666666667,0.0,0.0,0.6663847605450935
ep_29298,SPNSFPTPPTLPERQ,15,1667.82,-1.29,0.07,101.57,5.72,-0.0,0.9994005865345381,0.3333333333333333,K303R,False,,0.0,0.0,0.0,0.06666666666666667,0.06666666666666667,0.0,0.0,0.0,0.0,0.06666666666666667,0.0,0.06666666666666667,0.3333333333333333,0.06666666666666667,0.06666666666666667,0.13333333333333333,0.13333333333333333,0.0,0.0,0.0,0.6663669599339357
ep_26101,KRKRGRPRKNPPPEE,15,1845.12,-3.13,0.0,112.03,11.57,5.0,0.9993968144570541,0.3333333333333333,K303R,False,,0.0,0.0,0.0,0.13333333333333333,0.0,0.06666666666666667,0.0,0.0,0.2,0.0,0.0,0.06666666666666667,0.26666666666666666,0.0,0.26666666666666666,0.0,0.0,0.0,0.0,0.0,0.6663650738951937
ep_37677,PRQPQPLPQPHPQAQ,15,1718.91,-1.95,0.0,105.11,10.18,1.09,0.9993879831400727,0.3333333333333333,E380Q,False,,0.06666666666666667,0.0,0.0,0.0,0.0,0.0,0.06666666666666667,0.0,0.0,0.06666666666666667,0.0,0.0,0.4,0.3333333333333333,0.06666666666666667,0.0,0.0,0.0,0.0,0.0,0.666360658236703
ep_26880,ICACRTLLLPPMPAR,15,1655.1,0.79,0.0,101.41,9.02,1.91,0.9993850467274066,0.3333333333333333,E380Q,False,,0.13333333333333333,0.13333333333333333,0.0,0.0,0.0,0.0,0.0,0.06666666666666667,0.0,0.2,0.06666666666666667,0.0,0.2,0.0,0.13333333333333333,0.0,0.06666666666666667,0.0,0.0,0.0,0.6663591900303699
ep_15757,HSPLLPLPTTPAPPR,15,1593.87,-0.42,0.0,97.8,9.76,1.09,0.9993806081782516,0.3333333333333333,L536H,False,,0.06666666666666667,0.0,0.0,0.0,0.0,0.0,0.06666666666666667,0.0,0.0,0.2,0.0,0.0,0.4,0.0,0.06666666666666667,0.06666666666666667,0.13333333333333333,0.0,0.0,0.0,0.6663569707557925
ep_5677,MLIVGDAGAGKSHLL,15,1481.76,0.87,0.0,-13.31,6.5,0.09,0.9993789077863581,0.3333333333333333,K303R,False,,0.13333333333333333,0.0,0.06666666666666667,0.0,0.0,0.2,0.06666666666666667,0.06666666666666667,0.06666666666666667,0.2,0.06666666666666667,0.0,0.0,0.0,0.0,0.06666666666666667,0.0,0.06666666666666667,0.0,0.0,0.6663561205598457
ep_55362,KCVIKALAIIVKKLG,15,1597.1,1.31,0.0,-14.59,10.04,3.95,0.9993667069805912,0.3333333333333333,K303R,False,,0.13333333333333333,0.06666666666666667,0.0,0.0,0.0,0.06666666666666667,0.0,0.2,0.26666666666666666,0.13333333333333333,0.0,0.0,0.0,0.0,0.0,0.0,0.0,0.13333333333333333,0.0,0.0,0.6663500201569622
ep_40113,PEEARTIAAEISRRL,15,1711.92,-0.59,0.0,106.52,6.66,0.0,0.9993543952314785,0.3333333333333333,K303R,False,,0.2,0.0,0.0,0.2,0.0,0.0,0.0,0.13333333333333333,0.0,0.06666666666666667,0.0,0.0,0.06666666666666667,0.0,0.2,0.06666666666666667,0.06666666666666667,0.0,0.0,0.0,0.6663438642824059
ep_26612,QPACQERLLQLCLRY,15,1834.17,-0.26,0.07,114.51,8.06,0.91,0.9993462485558828,0.3333333333333333,E380Q,False,,0.06666666666666667,0.13333333333333333,0.0,0.06666666666666667,0.0,0.0,0.0,0.0,0.0,0.26666666666666666,0.0,0.0,0.06666666666666667,0.2,0.13333333333333333,0.0,0.0,0.0,0.0,0.06666666666666667,0.666339790944608
ep_35019,LLEAKHEIEEEIASL,15,1723.92,-0.09,0.0,107.77,4.32,-3.9,0.9993419355938651,0.3333333333333333,S463P,False,,0.13333333333333333,0.0,0.0,0.3333333333333333,0.0,0.0,0.06666666666666667,0.13333333333333333,0.06666666666666667,0.2,0.0,0.0,0.0,0.0,0.0,0.06666666666666667,0.0,0.0,0.0,0.0,0.6663376344635992
ep_54991,WRSWRLPRPRPPPPP,15,1895.22,-1.87,0.13,118.45,12.0,4.0,0.9993365452185597,0.3333333333333333,K303R,False,,0.0,0.0,0.0,0.0,0.0,0.0,0.0,0.0,0.0,0.06666666666666667,0.0,0.0,0.4666666666666667,0.0,0.26666666666666666,0.06666666666666667,0.0,0.0,0.13333333333333333,0.0,0.6663349392759466
ep_54338,PNISVEEAMDILQQM,15,1717.96,-0.05,0.0,107.77,4.05,-3.0,0.9993348282806936,0.3333333333333333,K303R,False,,0.06666666666666667,0.0,0.06666666666666667,0.13333333333333333,0.0,0.0,0.0,0.13333333333333333,0.0,0.06666666666666667,0.13333333333333333,0.06666666666666667,0.06666666666666667,0.13333333333333333,0.0,0.06666666666666667,0.0,0.06666666666666667,0.0,0.0,0.6663340808070135
ep_5527,PQDEIMAICELLLQS,15,1702.99,0.45,0.0,107.11,4.05,-3.04,0.999328864884606,0.3333333333333333,E380Q,False,,0.06666666666666667,0.06666666666666667,0.06666666666666667,0.13333333333333333,0.0,0.0,0.0,0.13333333333333333,0.0,0.2,0.06666666666666667,0.0,0.06666666666666667,0.13333333333333333,0.0,0.06666666666666667,0.0,0.0,0.0,0.0,0.6663310991089697
ep_872,KMHLFYAATLLAVFA,15,1696.06,1.41,0.2,106.77,8.6,1.09,0.9993263415928987,0.3333333333333333,E380Q,False,,0.26666666666666666,0.0,0.0,0.0,0.13333333333333333,0.0,0.06666666666666667,0.0,0.06666666666666667,0.2,0.06666666666666667,0.0,0.0,0.0,0.0,0.0,0.06666666666666667,0.06666666666666667,0.0,0.06666666666666667,0.666329837463116
ep_9809,ACRTLLLPPMPARVA,15,1609.01,0.73,0.0,101.41,10.35,1.95,0.9993196712094684,0.3333333333333333,E380Q,False,,0.2,0.06666666666666667,0.0,0.0,0.0,0.0,0.0,0.0,0.0,0.2,0.06666666666666667,0.0,0.2,0.0,0.13333333333333333,0.0,0.06666666666666667,0.06666666666666667,0.0,0.0,0.6663265022714009
ep_50792,PTPLHSPPPPPLHPP,15,1580.83,-0.98,0.0,100.91,7.33,0.18,0.9992942136118997,0.3333333333333333,K303R,False,,0.0,0.0,0.0,0.0,0.0,0.0,0.13333333333333333,0.0,0.0,0.13333333333333333,0.0,0.0,0.6,0.0,0.0,0.06666666666666667,0.06666666666666667,0.0,0.0,0.0,0.6663137734726166
ep_3046,ILVQSFPPRHVPPLL,15,1713.07,0.58,0.07,110.64,9.76,1.09,0.9992643477625868,0.3333333333333333,E380Q,False,,0.0,0.0,0.0,0.0,0.06666666666666667,0.0,0.06666666666666667,0.06666666666666667,0.0,0.2,0.0,0.0,0.26666666666666666,0.06666666666666667,0.06666666666666667,0.06666666666666667,0.0,0.13333333333333333,0.0,0.0,0.6662988405479601
ep_44962,QPQPLPQPHPQAQPH,15,1699.87,-1.86,0.0,110.13,6.92,0.18,0.9992585053700059,0.3333333333333333,E380Q,False,,0.06666666666666667,0.0,0.0,0.0,0.0,0.0,0.13333333333333333,0.0,0.0,0.06666666666666667,0.0,0.0,0.4,0.3333333333333333,0.0,0.0,0.0,0.0,0.0,0.0,0.6662959193516697
ep_2279,CLTHAQTMSESISSS,15,1581.72,-0.07,0.0,102.83,5.24,-0.95,0.9992506960477097,0.3333333333333333,K303R,False,,0.06666666666666667,0.06666666666666667,0.0,0.06666666666666667,0.0,0.0,0.06666666666666667,0.06666666666666667,0.0,0.06666666666666667,0.06666666666666667,0.0,0.0,0.06666666666666667,0.0,0.3333333333333333,0.13333333333333333,0.0,0.0,0.0,0.6662920146905215
ep_47364,PPRPPRLRRPRHRVP,15,1887.25,-2.12,0.0,122.32,12.0,6.09,0.9992469208491626,0.3333333333333333,K303R,False,,0.0,0.0,0.0,0.0,0.0,0.0,0.06666666666666667,0.0,0.0,0.06666666666666667,0.0,0.0,0.4,0.0,0.4,0.0,0.0,0.06666666666666667,0.0,0.0,0.6662901270912479
ep_62863,PMDEPAPAKRARPAA,15,1577.81,-1.03,0.0,103.08,9.17,1.0,0.9992346338361732,0.3333333333333333,K303R,False,,0.3333333333333333,0.0,0.06666666666666667,0.06666666666666667,0.0,0.0,0.0,0.0,0.06666666666666667,0.0,0.06666666666666667,0.0,0.26666666666666666,0.0,0.13333333333333333,0.0,0.0,0.0,0.0,0.0,0.6662839835847533
ep_42963,PTLLLHGPRGAGKTS,15,1504.73,-0.33,0.0,-19.59,11.01,2.09,0.9992203406887779,0.3333333333333333,K303R,False,,0.06666666666666667,0.0,0.0,0.0,0.0,0.2,0.06666666666666667,0.0,0.06666666666666667,0.2,0.0,0.0,0.13333333333333333,0.0,0.06666666666666667,0.06666666666666667,0.13333333333333333,0.0,0.0,0.0,0.6662768370110556
ep_10565,PAPPRPLPRLPPPRP,15,1658.0,-1.23,0.0,109.81,12.0,3.0,0.9991932485788677,0.3333333333333333,K303R,False,,0.06666666666666667,0.0,0.0,0.0,0.0,0.0,0.0,0.0,0.0,0.13333333333333333,0.0,0.0,0.6,0.0,0.2,0.0,0.0,0.0,0.0,0.0,0.6662632909561005
ep_44876,PRPLPRLPPPRPQRR,15,1833.19,-1.97,0.0,122.32,12.0,5.0,0.9991731233832251,0.3333333333333333,K303R,False,,0.0,0.0,0.0,0.0,0.0,0.0,0.0,0.0,0.0,0.13333333333333333,0.0,0.0,0.4666666666666667,0.06666666666666667,0.3333333333333333,0.0,0.0,0.0,0.0,0.0,0.6662532283582792
ep_34109,DPISFTWVDENGVAR,15,1705.82,-0.36,0.13,-26.39,4.05,-2.0,0.9991303608602089,0.3333333333333333,E380Q,False,,0.06666666666666667,0.0,0.13333333333333333,0.06666666666666667,0.06666666666666667,0.06666666666666667,0.0,0.06666666666666667,0.0,0.0,0.0,0.06666666666666667,0.06666666666666667,0.0,0.06666666666666667,0.06666666666666667,0.06666666666666667,0.13333333333333333,0.06666666666666667,0.0,0.6662318470967711
ep_23080,AFLIARRRWRVIAVS,15,1814.19,0.65,0.13,123.89,12.0,4.0,0.9991111406739054,0.3333333333333333,K303R,False,,0.2,0.0,0.0,0.0,0.06666666666666667,0.0,0.0,0.13333333333333333,0.0,0.06666666666666667,0.0,0.0,0.0,0.0,0.26666666666666666,0.06666666666666667,0.0,0.13333333333333333,0.06666666666666667,0.0,0.6662222370036194
ep_49128,PLPTSSLPTPPAAPP,15,1442.66,-0.2,0.0,99.21,5.95,-0.0,0.9990974942751139,0.3333333333333333,K303R,False,,0.13333333333333333,0.0,0.0,0.0,0.0,0.0,0.0,0.0,0.0,0.13333333333333333,0.0,0.0,0.4666666666666667,0.0,0.0,0.13333333333333333,0.13333333333333333,0.0,0.0,0.0,0.6662154138042236
ep_54707,RTAPSVSSSSSTTSS,15,1441.46,-0.57,0.0,99.21,9.75,1.0,0.9990890727101018,0.3333333333333333,S463P,False,,0.06666666666666667,0.0,0.0,0.0,0.0,0.0,0.0,0.0,0.0,0.0,0.0,0.0,0.06666666666666667,0.0,0.06666666666666667,0.5333333333333333,0.2,0.06666666666666667,0.0,0.0,0.6662112030217175
ep_2956,SLIESLIKEYDHIAC,15,1733.98,0.33,0.07,120.18,4.65,-1.95,0.9990758929350103,0.3333333333333333,K303R,False,,0.06666666666666667,0.06666666666666667,0.06666666666666667,0.13333333333333333,0.0,0.0,0.06666666666666667,0.2,0.06666666666666667,0.13333333333333333,0.0,0.0,0.0,0.0,0.0,0.13333333333333333,0.0,0.0,0.0,0.06666666666666667,0.6662046131341718
ep_1913,MSRCEQTLQQLESQL,15,1794.02,-0.8,0.0,124.56,4.53,-1.04,0.9990705656802742,0.3333333333333333,K303R,False,,0.0,0.06666666666666667,0.0,0.13333333333333333,0.0,0.0,0.0,0.0,0.0,0.2,0.06666666666666667,0.0,0.0,0.26666666666666666,0.06666666666666667,0.13333333333333333,0.06666666666666667,0.0,0.0,0.0,0.6662019495068038
ep_54592,PHRLQRRPARPPLPR,15,1847.18,-1.85,0.0,128.43,12.0,5.09,0.9990567042091203,0.3333333333333333,K303R,False,,0.06666666666666667,0.0,0.0,0.0,0.0,0.0,0.06666666666666667,0.0,0.0,0.13333333333333333,0.0,0.0,0.3333333333333333,0.06666666666666667,0.3333333333333333,0.0,0.0,0.0,0.0,0.0,0.6661950187712268
ep_60874,DEPAPAKRARPAAAQ,15,1548.7,-1.16,0.0,108.11,8.75,1.0,0.9990510235261241,0.3333333333333333,K303R,False,,0.4,0.0,0.06666666666666667,0.06666666666666667,0.0,0.0,0.0,0.0,0.06666666666666667,0.0,0.0,0.0,0.2,0.06666666666666667,0.13333333333333333,0.0,0.0,0.0,0.0,0.0,0.6661921784297287
ep_15103,PPRQPQPLPQPHPQA,15,1687.9,-1.82,0.0,117.95,10.18,1.09,0.9990470686604966,0.3333333333333333,E380Q,False,,0.06666666666666667,0.0,0.0,0.0,0.0,0.0,0.06666666666666667,0.0,0.0,0.06666666666666667,0.0,0.0,0.4666666666666667,0.26666666666666666,0.06666666666666667,0.0,0.0,0.0,0.0,0.0,0.666190200996915
ep_40029,AFPAPVPVAPWLVAA,15,1505.8,1.39,0.13,105.52,5.57,-0.0,0.9990421855576793,0.3333333333333333,L536H,False,,0.3333333333333333,0.0,0.0,0.0,0.06666666666666667,0.0,0.0,0.0,0.0,0.06666666666666667,0.0,0.0,0.26666666666666666,0.0,0.0,0.0,0.0,0.2,0.06666666666666667,0.0,0.6661877594455063
ep_40561,KEELLEAKHEIEEEI,15,1839.01,-1.14,0.0,129.51,4.35,-4.9,0.9990244024891279,0.3333333333333333,S463P,False,,0.06666666666666667,0.0,0.0,0.4666666666666667,0.0,0.0,0.06666666666666667,0.13333333333333333,0.13333333333333333,0.13333333333333333,0.0,0.0,0.0,0.0,0.0,0.0,0.0,0.0,0.0,0.0,0.6661788679112306
ep_53683,TPSTTVPSTPAAPSS,15,1400.49,-0.31,0.0,99.21,5.18,-0.0,0.9990075411710373,0.3333333333333333,K303R,False,,0.13333333333333333,0.0,0.0,0.0,0.0,0.0,0.0,0.0,0.0,0.0,0.0,0.0,0.26666666666666666,0.0,0.0,0.26666666666666666,0.26666666666666666,0.06666666666666667,0.0,0.0,0.6661704372521853
ep_44418,TSPSSPTTTLPTTTT,15,1492.58,-0.6,0.0,106.44,5.18,-0.0,0.9989875355798038,0.3333333333333333,K303R,False,,0.0,0.0,0.0,0.0,0.0,0.0,0.0,0.0,0.0,0.06666666666666667,0.0,0.0,0.2,0.0,0.0,0.2,0.5333333333333333,0.0,0.0,0.0,0.6661604344565686
ep_15410,TSSTPSSSSSTSSTS,15,1390.32,-0.83,0.0,99.21,5.18,-0.0,0.9989839889007041,0.3333333333333333,S463P,False,,0.0,0.0,0.0,0.0,0.0,0.0,0.0,0.0,0.0,0.0,0.0,0.0,0.06666666666666667,0.0,0.0,0.6666666666666666,0.26666666666666666,0.0,0.0,0.0,0.6661586611170187
ep_12667,TPSSSSSTSSTSTSS,15,1390.32,-0.83,0.0,99.21,5.18,-0.0,0.9989839889007041,0.3333333333333333,S463P,False,,0.0,0.0,0.0,0.0,0.0,0.0,0.0,0.0,0.0,0.0,0.0,0.0,0.06666666666666667,0.0,0.0,0.6666666666666666,0.26666666666666666,0.0,0.0,0.0,0.6661586611170187
ep_47056,PSVSSSSSTTSSTSS,15,1388.35,-0.5,0.0,99.21,5.95,-0.0,0.9989792547507846,0.3333333333333333,S463P,False,,0.0,0.0,0.0,0.0,0.0,0.0,0.0,0.0,0.0,0.0,0.0,0.0,0.06666666666666667,0.0,0.0,0.6666666666666666,0.2,0.06666666666666667,0.0,0.0,0.666156294042059
ep_44879,VHTFTCRPVHVCMHI,15,1780.15,0.65,0.07,127.43,8.07,1.18,0.9989754823178131,0.3333333333333333,L536H,False,,0.0,0.13333333333333333,0.0,0.0,0.06666666666666667,0.0,0.2,0.06666666666666667,0.0,0.0,0.06666666666666667,0.0,0.06666666666666667,0.0,0.06666666666666667,0.0,0.13333333333333333,0.2,0.0,0.0,0.6661544078255732
ep_5079,RQPQPLPQPHPQAQP,15,1718.91,-1.95,0.0,122.97,9.76,1.09,0.998974639399275,0.3333333333333333,E380Q,False,,0.06666666666666667,0.0,0.0,0.0,0.0,0.0,0.06666666666666667,0.0,0.0,0.06666666666666667,0.0,0.0,0.4,0.3333333333333333,0.06666666666666667,0.0,0.0,0.0,0.0,0.0,0.6661539863663042
ep_53328,QPKRPAPPRPLPRLP,15,1720.07,-1.51,0.0,123.73,12.0,4.0,0.9989503966729291,0.3333333333333333,K303R,False,,0.06666666666666667,0.0,0.0,0.0,0.0,0.0,0.0,0.0,0.06666666666666667,0.13333333333333333,0.0,0.0,0.4666666666666667,0.06666666666666667,0.2,0.0,0.0,0.0,0.0,0.0,0.6661418650031312
ep_43013,PPSSSLSFPTPPLPP,15,1520.72,-0.31,0.07,112.05,5.95,-0.0,0.9988790374237516,0.3333333333333333,K303R,False,,0.0,0.0,0.0,0.0,0.06666666666666667,0.0,0.0,0.0,0.0,0.13333333333333333,0.0,0.0,0.4666666666666667,0.0,0.0,0.26666666666666666,0.06666666666666667,0.0,0.0,0.0,0.6661061853785425
ep_35719,FLTCAPLLLPPSPPP,15,1562.91,0.75,0.07,115.67,5.52,-0.05,0.9988640930897509,0.3333333333333333,E380Q,False,,0.06666666666666667,0.06666666666666667,0.0,0.0,0.06666666666666667,0.0,0.0,0.0,0.0,0.26666666666666666,0.0,0.0,0.4,0.0,0.0,0.06666666666666667,0.06666666666666667,0.0,0.0,0.0,0.6660987132115421
ep_57161,NRMSSDELVALRSAC,15,1651.86,-0.14,0.0,122.89,6.06,-0.04,0.9988460659302936,0.3333333333333333,E380Q,False,,0.13333333333333333,0.06666666666666667,0.06666666666666667,0.06666666666666667,0.0,0.0,0.0,0.0,0.0,0.13333333333333333,0.06666666666666667,0.06666666666666667,0.0,0.0,0.13333333333333333,0.2,0.0,0.06666666666666667,0.0,0.0,0.6660896996318134
ep_49859,TPTRPMPSPPPIPQR,15,1671.96,-1.3,0.0,125.17,12.0,2.0,0.9988149412752245,0.3333333333333333,K303R,False,,0.0,0.0,0.0,0.0,0.0,0.0,0.0,0.06666666666666667,0.0,0.0,0.06666666666666667,0.0,0.4666666666666667,0.06666666666666667,0.13333333333333333,0.06666666666666667,0.13333333333333333,0.0,0.0,0.0,0.6660741373042789
ep_43919,PLSAVQTACPSPPPR,15,1520.75,-0.28,0.0,114.25,8.68,0.95,0.9988071329849653,0.3333333333333333,K303R,False,,0.13333333333333333,0.06666666666666667,0.0,0.0,0.0,0.0,0.0,0.0,0.0,0.06666666666666667,0.0,0.0,0.3333333333333333,0.06666666666666667,0.06666666666666667,0.13333333333333333,0.06666666666666667,0.06666666666666667,0.0,0.0,0.6660702331591493
ep_6691,PAVPPRPPRLRRPRH,15,1802.14,-1.7,0.0,135.16,12.0,5.09,0.9988062688389225,0.3333333333333333,K303R,False,,0.06666666666666667,0.0,0.0,0.0,0.0,0.0,0.06666666666666667,0.0,0.0,0.06666666666666667,0.0,0.0,0.4,0.0,0.3333333333333333,0.0,0.0,0.06666666666666667,0.0,0.0,0.6660698010861279
ep_25940,PPPAAPGAPLPPLPL,15,1404.69,0.24,0.0,106.39,5.95,-0.0,0.9987787340799038,0.3333333333333333,S463P,False,,0.2,0.0,0.0,0.0,0.0,0.06666666666666667,0.0,0.0,0.0,0.2,0.0,0.0,0.5333333333333333,0.0,0.0,0.0,0.0,0.0,0.0,0.0,0.6660560337066186
ep_59294,PGPAVPPRPPRLRRP,15,1662.98,-1.32,0.0,127.35,12.0,4.0,0.9987280897944827,0.3333333333333333,K303R,False,,0.06666666666666667,0.0,0.0,0.0,0.0,0.06666666666666667,0.0,0.0,0.0,0.06666666666666667,0.0,0.0,0.4666666666666667,0.0,0.26666666666666666,0.0,0.0,0.06666666666666667,0.0,0.0,0.666030711563908
ep_48876,PPRVPLPVPAPLHRR,15,1702.06,-0.57,0.0,132.37,12.0,3.09,0.9986704375815766,0.3333333333333333,K303R,False,,0.06666666666666667,0.0,0.0,0.0,0.0,0.0,0.06666666666666667,0.0,0.0,0.13333333333333333,0.0,0.0,0.4,0.0,0.2,0.0,0.0,0.13333333333333333,0.0,0.0,0.666001885457455
ep_65420,WHARPAPPLPLPAPL,15,1632.95,-0.09,0.07,127.84,9.76,1.09,0.9986489808991534,0.3333333333333333,K303R,False,,0.2,0.0,0.0,0.0,0.0,0.0,0.06666666666666667,0.0,0.0,0.2,0.0,0.0,0.4,0.0,0.06666666666666667,0.0,0.0,0.0,0.06666666666666667,0.0,0.6659911571162433
ep_13260,PHTPPPPPPSPLPIP,15,1540.8,-0.83,0.0,121.56,7.17,0.09,0.9986197208711002,0.3333333333333333,K303R,False,,0.0,0.0,0.0,0.0,0.0,0.0,0.06666666666666667,0.06666666666666667,0.0,0.06666666666666667,0.0,0.0,0.6666666666666666,0.0,0.0,0.06666666666666667,0.06666666666666667,0.0,0.0,0.0,0.6659765271022168
ep_63014,QPALLPGPAAPEPAA,15,1399.59,0.08,0.0,110.8,4.05,-1.0,0.9986049434220974,0.3333333333333333,L536H,False,,0.3333333333333333,0.0,0.0,0.06666666666666667,0.0,0.06666666666666667,0.0,0.0,0.0,0.13333333333333333,0.0,0.0,0.3333333333333333,0.06666666666666667,0.0,0.0,0.0,0.0,0.0,0.0,0.6659691383777153
ep_15775,PAPPLPLPAPLPSDW,15,1567.82,-0.09,0.07,124.89,4.05,-1.0,0.998580502473813,0.3333333333333333,L536H,False,LPS,0.13333333333333333,0.0,0.06666666666666667,0.0,0.0,0.0,0.0,0.0,0.0,0.2,0.0,0.0,0.4666666666666667,0.0,0.0,0.06666666666666667,0.0,0.0,0.06666666666666667,0.0,0.6659569179035731
ep_50713,KRPAPPRPLPRLPPP,15,1689.06,-1.39,0.0,136.57,12.0,4.0,0.9985063159064247,0.3333333333333333,K303R,False,,0.06666666666666667,0.0,0.0,0.0,0.0,0.0,0.0,0.0,0.06666666666666667,0.13333333333333333,0.0,0.0,0.5333333333333333,0.0,0.2,0.0,0.0,0.0,0.0,0.0,0.665919824619879
ep_19978,LPPPPLPQLPRHSPH,15,1682.97,-1.0,0.0,136.32,9.76,1.18,0.9985057489231587,0.3333333333333333,K303R,False,,0.0,0.0,0.0,0.0,0.0,0.0,0.13333333333333333,0.0,0.0,0.2,0.0,0.0,0.4666666666666667,0.06666666666666667,0.06666666666666667,0.06666666666666667,0.0,0.0,0.0,0.0,0.665919541128246
ep_10943,PPRCPLPPPPRLPSP,15,1620.96,-0.94,0.0,131.29,10.39,1.95,0.9985035660102287,0.3333333333333333,K303R,False,LPS,0.0,0.06666666666666667,0.0,0.0,0.0,0.0,0.0,0.0,0.0,0.13333333333333333,0.0,0.0,0.6,0.0,0.13333333333333333,0.06666666666666667,0.0,0.0,0.0,0.0,0.665918449671781
ep_55553,LLRPPRARRRRLLVR,15,1928.38,-0.9,0.0,157.39,12.0,7.0,0.9984634830262259,0.3333333333333333,K303R,False,,0.06666666666666667,0.0,0.0,0.0,0.0,0.0,0.0,0.0,0.0,0.26666666666666666,0.0,0.0,0.13333333333333333,0.0,0.4666666666666667,0.0,0.0,0.06666666666666667,0.0,0.0,0.6658984081797796
ep_17730,PPTPPPPLLPPSLPP,15,1516.82,-0.41,0.0,124.89,5.95,-0.0,0.9984350252240236,0.3333333333333333,K303R,False,,0.0,0.0,0.0,0.0,0.0,0.0,0.0,0.0,0.0,0.2,0.0,0.0,0.6666666666666666,0.0,0.0,0.06666666666666667,0.06666666666666667,0.0,0.0,0.0,0.6658841792786785
ep_9827,HIHVYACTCTHVPTH,15,1718.96,0.13,0.07,143.21,7.07,0.27,0.9983811297567529,0.3333333333333333,S463P,False,,0.06666666666666667,0.13333333333333333,0.0,0.0,0.0,0.0,0.26666666666666666,0.06666666666666667,0.0,0.0,0.0,0.0,0.06666666666666667,0.0,0.0,0.0,0.2,0.13333333333333333,0.0,0.06666666666666667,0.6658572315450431
ep_36891,QTACPSPPPRPAHTS,15,1546.71,-1.07,0.0,129.25,8.26,1.04,0.9983639173616063,0.3333333333333333,K303R,False,,0.13333333333333333,0.06666666666666667,0.0,0.0,0.0,0.0,0.06666666666666667,0.0,0.0,0.0,0.0,0.0,0.3333333333333333,0.06666666666666667,0.06666666666666667,0.13333333333333333,0.13333333333333333,0.0,0.0,0.0,0.6658486253474698
ep_35538,PHIHVYACTCTHVPT,15,1678.93,0.23,0.07,143.21,7.33,0.18,0.9982668154868154,0.3333333333333333,S463P,False,,0.06666666666666667,0.13333333333333333,0.0,0.0,0.0,0.0,0.2,0.06666666666666667,0.0,0.0,0.0,0.0,0.13333333333333333,0.0,0.0,0.0,0.2,0.13333333333333333,0.0,0.06666666666666667,0.6658000744100744
ep_53672,FDWSPLPPPPTSPAV,15,1607.8,-0.25,0.13,140.35,4.05,-1.0,0.9981482188517513,0.3333333333333333,K303R,False,,0.06666666666666667,0.0,0.06666666666666667,0.0,0.06666666666666667,0.0,0.0,0.0,0.0,0.06666666666666667,0.0,0.0,0.4,0.0,0.0,0.13333333333333333,0.06666666666666667,0.06666666666666667,0.06666666666666667,0.0,0.6657407760925423
ep_12441,RPARPPLPRRHRHRR,15,1958.29,-2.58,0.0,170.56,12.0,7.18,0.9981475486785425,0.3333333333333333,K303R,False,,0.06666666666666667,0.0,0.0,0.0,0.0,0.0,0.13333333333333333,0.0,0.0,0.06666666666666667,0.0,0.0,0.26666666666666666,0.0,0.4666666666666667,0.0,0.0,0.0,0.0,0.0,0.6657404410059379
ep_63141,RRPARPPLPRRHRHR,15,1958.29,-2.58,0.0,170.56,12.0,7.18,0.9981475486785425,0.3333333333333333,K303R,False,,0.06666666666666667,0.0,0.0,0.0,0.0,0.0,0.13333333333333333,0.0,0.0,0.06666666666666667,0.0,0.0,0.26666666666666666,0.0,0.4666666666666667,0.0,0.0,0.0,0.0,0.0,0.6657404410059379
ep_31661,HRLQRRPARPPLPRR,15,1906.25,-2.05,0.0,166.61,12.0,6.09,0.9981309476147178,0.3333333333333333,K303R,False,,0.06666666666666667,0.0,0.0,0.0,0.0,0.0,0.06666666666666667,0.0,0.0,0.13333333333333333,0.0,0.0,0.26666666666666666,0.06666666666666667,0.4,0.0,0.0,0.0,0.0,0.0,0.6657321404740255
ep_16762,PPPGGAPPRPASPQL,15,1438.63,-0.89,0.0,126.05,10.18,1.0,0.9981201970353203,0.3333333333333333,K303R,False,,0.13333333333333333,0.0,0.0,0.0,0.0,0.13333333333333333,0.0,0.0,0.0,0.06666666666666667,0.0,0.0,0.4666666666666667,0.06666666666666667,0.06666666666666667,0.06666666666666667,0.0,0.0,0.0,0.0,0.6657267651843268
ep_27032,TRPMPSPPPIPQRPF,15,1718.03,-1.07,0.07,150.85,12.0,2.0,0.9981101644278043,0.3333333333333333,K303R,False,,0.0,0.0,0.0,0.0,0.06666666666666667,0.0,0.0,0.06666666666666667,0.0,0.0,0.06666666666666667,0.0,0.4666666666666667,0.06666666666666667,0.13333333333333333,0.06666666666666667,0.06666666666666667,0.0,0.0,0.0,0.6657217488805688
ep_200,QRRPARPPLPRRHRH,15,1930.23,-2.51,0.0,170.56,12.0,6.18,0.9980722194851906,0.3333333333333333,K303R,False,,0.06666666666666667,0.0,0.0,0.0,0.0,0.0,0.13333333333333333,0.0,0.0,0.06666666666666667,0.0,0.0,0.26666666666666666,0.06666666666666667,0.4,0.0,0.0,0.0,0.0,0.0,0.665702776409262
ep_25670,AASVPPPPVVPALSP,15,1398.65,0.71,0.0,128.51,5.57,-0.0,0.9978594660154984,0.3333333333333333,Y537S,False,,0.2,0.0,0.0,0.0,0.0,0.0,0.0,0.0,0.0,0.06666666666666667,0.0,0.0,0.4,0.0,0.0,0.13333333333333333,0.0,0.2,0.0,0.0,0.6655963996744159
ep_17699,TPPPPPPSPLPIPPT,15,1504.77,-0.66,0.0,139.43,5.18,-0.0,0.997809981829238,0.3333333333333333,K303R,False,,0.0,0.0,0.0,0.0,0.0,0.0,0.0,0.06666666666666667,0.0,0.06666666666666667,0.0,0.0,0.6666666666666666,0.0,0.0,0.06666666666666667,0.13333333333333333,0.0,0.0,0.0,0.6655716575812857
ep_23468,HPLLLPPAPSPPPAV,15,1502.8,0.27,0.0,139.43,6.74,0.09,0.9978016730344639,0.3333333333333333,L536H,False,,0.13333333333333333,0.0,0.0,0.0,0.0,0.0,0.06666666666666667,0.0,0.0,0.2,0.0,0.0,0.4666666666666667,0.0,0.0,0.06666666666666667,0.0,0.06666666666666667,0.0,0.0,0.6655675031838986
ep_39724,RHRRRAPPPRPLHRR,15,1958.29,-2.58,0.0,183.07,12.0,7.18,0.9977434194394429,0.3333333333333333,K303R,False,,0.06666666666666667,0.0,0.0,0.0,0.0,0.0,0.13333333333333333,0.0,0.0,0.06666666666666667,0.0,0.0,0.26666666666666666,0.0,0.4666666666666667,0.0,0.0,0.0,0.0,0.0,0.6655383763863881
ep_61773,LQRRPARPPLPRRHR,15,1906.25,-2.05,0.0,179.45,12.0,6.09,0.9977017022622153,0.3333333333333333,K303R,False,,0.06666666666666667,0.0,0.0,0.0,0.0,0.0,0.06666666666666667,0.0,0.0,0.13333333333333333,0.0,0.0,0.26666666666666666,0.06666666666666667,0.4,0.0,0.0,0.0,0.0,0.0,0.6655175177977743
ep_57738,RRSVRHPVPARLRRG,15,1813.13,-1.37,0.0,171.62,12.0,6.09,0.9976660406750152,0.3333333333333333,K303R,False,,0.06666666666666667,0.0,0.0,0.0,0.0,0.06666666666666667,0.06666666666666667,0.0,0.0,0.06666666666666667,0.0,0.0,0.13333333333333333,0.0,0.4,0.06666666666666667,0.0,0.13333333333333333,0.0,0.0,0.6654996870041743
ep_41389,MPQPRRLPRRPPPCR,15,1857.26,-1.83,0.0,176.96,12.0,4.95,0.9976260014178877,0.3333333333333333,K303R,False,,0.0,0.06666666666666667,0.0,0.0,0.0,0.0,0.0,0.0,0.0,0.06666666666666667,0.06666666666666667,0.0,0.4,0.06666666666666667,0.3333333333333333,0.0,0.0,0.0,0.0,0.0,0.6654796673756105
ep_6927,SSSTLPSPPTTPPPP,15,1462.6,-0.85,0.0,141.35,5.24,-0.0,0.9975405955753164,0.3333333333333333,S463P,False,LPS,0.0,0.0,0.0,0.0,0.0,0.0,0.0,0.0,0.0,0.06666666666666667,0.0,0.0,0.4666666666666667,0.0,0.0,0.26666666666666666,0.2,0.0,0.0,0.0,0.6654369644543249
ep_61515,IEPVAPPPLAPLPAA,15,1452.74,0.69,0.0,141.35,4.05,-1.0,0.9974948720275482,0.3333333333333333,L536H,False,,0.26666666666666666,0.0,0.0,0.06666666666666667,0.0,0.0,0.0,0.06666666666666667,0.0,0.13333333333333333,0.0,0.0,0.4,0.0,0.0,0.0,0.0,0.06666666666666667,0.0,0.0,0.6654141026804408
ep_24900,RVPLPVPAPLHRRRH,15,1801.15,-0.87,0.0,175.59,12.0,4.18,0.9974742698541882,0.3333333333333333,K303R,False,,0.06666666666666667,0.0,0.0,0.0,0.0,0.0,0.13333333333333333,0.0,0.0,0.13333333333333333,0.0,0.0,0.26666666666666666,0.0,0.26666666666666666,0.0,0.0,0.13333333333333333,0.0,0.0,0.6654038015937608
ep_25836,VPPTPPPPPPLPRRP,15,1614.93,-1.18,0.0,158.05,12.0,2.0,0.9974465998610255,0.3333333333333333,K303R,False,,0.0,0.0,0.0,0.0,0.0,0.0,0.0,0.0,0.0,0.06666666666666667,0.0,0.0,0.6666666666666666,0.0,0.13333333333333333,0.0,0.06666666666666667,0.06666666666666667,0.0,0.0,0.6653899665971794
ep_1604,QPAPPQLPAAPASRP,15,1497.7,-0.73,0.0,150.57,9.75,1.0,0.9972584608141426,0.3333333333333333,K303R,False,,0.26666666666666666,0.0,0.0,0.0,0.0,0.0,0.0,0.0,0.0,0.06666666666666667,0.0,0.0,0.4,0.13333333333333333,0.06666666666666667,0.06666666666666667,0.0,0.0,0.0,0.0,0.6652958970737379
ep_49208,PLPRLPPPRPQRRRR,15,1892.27,-2.17,0.0,190.88,12.0,6.0,0.9972284386556617,0.3333333333333333,K303R,False,,0.0,0.0,0.0,0.0,0.0,0.0,0.0,0.0,0.0,0.13333333333333333,0.0,0.0,0.4,0.06666666666666667,0.4,0.0,0.0,0.0,0.0,0.0,0.6652808859944975
ep_37385,AQPALRRPRAPPASP,15,1584.82,-0.99,0.0,161.67,12.0,3.0,0.9971440506974075,0.3333333333333333,K303R,False,,0.26666666666666666,0.0,0.0,0.0,0.0,0.0,0.0,0.0,0.0,0.06666666666666667,0.0,0.0,0.3333333333333333,0.06666666666666667,0.2,0.06666666666666667,0.0,0.0,0.0,0.0,0.6652386920153704
ep_61853,DSPHIHVYACTCTHV,15,1682.88,0.1,0.07,172.51,6.25,-0.82,0.9971183707083082,0.3333333333333333,L536H,False,,0.06666666666666667,0.13333333333333333,0.06666666666666667,0.0,0.0,0.0,0.2,0.06666666666666667,0.0,0.0,0.0,0.0,0.06666666666666667,0.0,0.0,0.06666666666666667,0.13333333333333333,0.13333333333333333,0.0,0.06666666666666667,0.6652258520208207
ep_29941,RPMPQPRRLPRRPPP,15,1851.23,-2.1,0.0,189.8,12.0,5.0,0.9971068744782079,0.3333333333333333,K303R,False,,0.0,0.0,0.0,0.0,0.0,0.0,0.0,0.0,0.0,0.06666666666666667,0.06666666666666667,0.0,0.4666666666666667,0.06666666666666667,0.3333333333333333,0.0,0.0,0.0,0.0,0.0,0.6652201039057706
ep_43140,PPPPSSPPTPPPPLL,15,1490.74,-0.71,0.0,154.19,5.95,-0.0,0.9970473236608527,0.3333333333333333,K303R,False,,0.0,0.0,0.0,0.0,0.0,0.0,0.0,0.0,0.0,0.13333333333333333,0.0,0.0,0.6666666666666666,0.0,0.0,0.13333333333333333,0.06666666666666667,0.0,0.0,0.0,0.665190328497093
ep_16099,PPPSSPPTPPPPLLP,15,1490.74,-0.71,0.0,154.19,5.95,-0.0,0.9970473236608527,0.3333333333333333,K303R,False,,0.0,0.0,0.0,0.0,0.0,0.0,0.0,0.0,0.0,0.13333333333333333,0.0,0.0,0.6666666666666666,0.0,0.0,0.13333333333333333,0.06666666666666667,0.0,0.0,0.0,0.665190328497093
ep_41536,APPQLPAAPASRPAP,15,1440.65,-0.37,0.0,150.57,9.8,1.0,0.9969581429066772,0.3333333333333333,K303R,False,,0.3333333333333333,0.0,0.0,0.0,0.0,0.0,0.0,0.0,0.0,0.06666666666666667,0.0,0.0,0.4,0.06666666666666667,0.06666666666666667,0.06666666666666667,0.0,0.0,0.0,0.0,0.6651457381200052
ep_46188,VAAAPAPAPGRRPSS,15,1404.57,-0.28,0.0,150.24,12.0,2.0,0.9967579147774451,0.3333333333333333,K303R,False,,0.3333333333333333,0.0,0.0,0.0,0.0,0.06666666666666667,0.0,0.0,0.0,0.0,0.0,0.0,0.26666666666666666,0.0,0.13333333333333333,0.13333333333333333,0.0,0.06666666666666667,0.0,0.0,0.6650456240553893
ep_26320,MPRPPRRRASPPRQP,15,1799.12,-2.18,0.0,193.41,12.0,5.0,0.9967205643451943,0.3333333333333333,K303R,False,,0.06666666666666667,0.0,0.0,0.0,0.0,0.0,0.0,0.0,0.0,0.0,0.06666666666666667,0.0,0.4,0.06666666666666667,0.3333333333333333,0.06666666666666667,0.0,0.0,0.0,0.0,0.6650269488392638
ep_49538,MSTSSSSSSSSSDEE,15,1494.4,-1.15,0.0,163.08,4.05,-3.0,0.996597516969616,0.3333333333333333,S463P,False,,0.0,0.0,0.06666666666666667,0.13333333333333333,0.0,0.0,0.0,0.0,0.0,0.0,0.06666666666666667,0.0,0.0,0.0,0.0,0.6666666666666666,0.06666666666666667,0.0,0.0,0.0,0.6649654251514746
ep_47327,HLLPLPSSPVPSPAL,15,1524.8,0.51,0.0,170.64,6.74,0.09,0.9963692116873359,0.3333333333333333,K303R,False,LPS,0.06666666666666667,0.0,0.0,0.0,0.0,0.0,0.06666666666666667,0.0,0.0,0.26666666666666666,0.0,0.0,0.3333333333333333,0.0,0.0,0.2,0.0,0.06666666666666667,0.0,0.0,0.6648512725103346
ep_65270,MPACPPRQPVVLPSS,15,1578.9,0.05,0.0,178.45,8.0,0.95,0.9962742554225976,0.3333333333333333,K303R,False,LPS,0.06666666666666667,0.06666666666666667,0.0,0.0,0.0,0.0,0.0,0.0,0.0,0.06666666666666667,0.06666666666666667,0.0,0.3333333333333333,0.06666666666666667,0.06666666666666667,0.13333333333333333,0.0,0.13333333333333333,0.0,0.0,0.6648037943779654
ep_52559,APAPAPGRRPSSTSS,15,1438.55,-0.95,0.0,163.08,12.0,2.0,0.9962319182657359,0.3333333333333333,K303R,False,,0.2,0.0,0.0,0.0,0.0,0.06666666666666667,0.0,0.0,0.0,0.0,0.0,0.0,0.26666666666666666,0.0,0.13333333333333333,0.26666666666666666,0.06666666666666667,0.0,0.0,0.0,0.6647826257995346
ep_43988,SESPPSSGVPPSSGS,15,1358.36,-0.81,0.0,154.19,4.05,-1.0,0.9962312636130456,0.3333333333333333,K303R,False,,0.0,0.0,0.0,0.06666666666666667,0.0,0.13333333333333333,0.0,0.0,0.0,0.0,0.0,0.0,0.26666666666666666,0.0,0.0,0.4666666666666667,0.0,0.06666666666666667,0.0,0.0,0.6647822984731895
ep_46856,PSLPPPAAAASPSPA,15,1330.49,0.05,0.0,157.8,5.95,-0.0,0.9957825755258195,0.3333333333333333,K303R,False,,0.3333333333333333,0.0,0.0,0.0,0.0,0.0,0.0,0.0,0.0,0.06666666666666667,0.0,0.0,0.4,0.0,0.0,0.2,0.0,0.0,0.0,0.0,0.6645579544295764
ep_36942,PPPPVVPALSPAPAP,15,1406.67,0.27,0.0,167.03,5.95,-0.0,0.995771628041689,0.3333333333333333,L536H,False,,0.2,0.0,0.0,0.0,0.0,0.0,0.0,0.0,0.0,0.06666666666666667,0.0,0.0,0.5333333333333333,0.0,0.0,0.06666666666666667,0.0,0.13333333333333333,0.0,0.0,0.6645524806875112
ep_59304,FPTPPLPPSPSPPPS,15,1514.72,-0.73,0.07,183.48,5.53,-0.0,0.9955537103780334,0.3333333333333333,K303R,False,,0.0,0.0,0.0,0.0,0.06666666666666667,0.0,0.0,0.0,0.0,0.06666666666666667,0.0,0.0,0.6,0.0,0.0,0.2,0.06666666666666667,0.0,0.0,0.0,0.6644435218556833
ep_44336,TTSTSSPPSSPSSSS,15,1396.37,-0.94,0.0,170.64,5.18,-0.0,0.9954522365201343,0.3333333333333333,K303R,False,,0.0,0.0,0.0,0.0,0.0,0.0,0.0,0.0,0.0,0.0,0.0,0.0,0.2,0.0,0.0,0.6,0.2,0.0,0.0,0.0,0.6643927849267338
ep_52819,PPTPSPPPSPLPPPP,15,1474.7,-1.07,0.0,183.48,5.95,-0.0,0.9952427700362211,0.3333333333333333,K303R,False,,0.0,0.0,0.0,0.0,0.0,0.0,0.0,0.0,0.0,0.06666666666666667,0.0,0.0,0.7333333333333333,0.0,0.0,0.13333333333333333,0.06666666666666667,0.0,0.0,0.0,0.6642880516847772
ep_10672,PTPSPPPSPLPPPPP,15,1474.7,-1.07,0.0,183.48,5.95,-0.0,0.9952427700362211,0.3333333333333333,K303R,False,,0.0,0.0,0.0,0.0,0.0,0.0,0.0,0.0,0.0,0.06666666666666667,0.0,0.0,0.7333333333333333,0.0,0.0,0.13333333333333333,0.06666666666666667,0.0,0.0,0.0,0.6642880516847772
ep_373,RRRAPPPRPLHRRRR,15,1977.34,-2.67,0.0,246.6,12.0,8.09,0.9952014093485921,0.3333333333333333,K303R,False,,0.06666666666666667,0.0,0.0,0.0,0.0,0.0,0.06666666666666667,0.0,0.0,0.06666666666666667,0.0,0.0,0.26666666666666666,0.0,0.5333333333333333,0.0,0.0,0.0,0.0,0.0,0.6642673713409627
ep_54710,APPPLPPLSPPSSPP,15,1450.68,-0.49,0.0,183.48,5.57,-0.0,0.9950433537384836,0.3333333333333333,K303R,False,,0.06666666666666667,0.0,0.0,0.0,0.0,0.0,0.0,0.0,0.0,0.13333333333333333,0.0,0.0,0.6,0.0,0.0,0.2,0.0,0.0,0.0,0.0,0.6641883435359085
ep_54101,MSPEEEEQLLQQQRR,15,1901.06,-1.99,0.0,243.15,4.49,-1.99,0.9949027017188273,0.3333333333333333,K303R,False,,0.0,0.0,0.0,0.26666666666666666,0.0,0.0,0.0,0.0,0.0,0.13333333333333333,0.06666666666666667,0.0,0.06666666666666667,0.26666666666666666,0.13333333333333333,0.06666666666666667,0.0,0.0,0.0,0.0,0.6641180175260804
ep_56035,SLSSGSPSPPPASPS,15,1354.42,-0.56,0.0,174.25,5.24,-0.0,0.9948269157981463,0.3333333333333333,K303R,False,,0.06666666666666667,0.0,0.0,0.0,0.0,0.06666666666666667,0.0,0.0,0.0,0.06666666666666667,0.0,0.0,0.3333333333333333,0.0,0.0,0.4666666666666667,0.0,0.0,0.0,0.0,0.6640801245657398
ep_31441,VPVPPPSPPPAQPSS,15,1453.64,-0.57,0.0,192.71,5.49,-0.0,0.9944298691853318,0.3333333333333333,K303R,False,,0.06666666666666667,0.0,0.0,0.0,0.0,0.0,0.0,0.0,0.0,0.0,0.0,0.0,0.5333333333333333,0.06666666666666667,0.0,0.2,0.0,0.13333333333333333,0.0,0.0,0.6638816012593326
ep_64877,TPSPPPSPLPPPPPS,15,1464.66,-1.02,0.0,196.32,5.18,-0.0,0.994276827268561,0.3333333333333333,K303R,False,,0.0,0.0,0.0,0.0,0.0,0.0,0.0,0.0,0.0,0.06666666666666667,0.0,0.0,0.6666666666666666,0.0,0.0,0.2,0.06666666666666667,0.0,0.0,0.0,0.6638050803009472
ep_40705,PLPPLSPPSSPPSPP,15,1466.68,-0.67,0.0,199.93,5.95,-0.0,0.9940355698041934,0.3333333333333333,K303R,False,,0.0,0.0,0.0,0.0,0.0,0.0,0.0,0.0,0.0,0.13333333333333333,0.0,0.0,0.6,0.0,0.0,0.26666666666666666,0.0,0.0,0.0,0.0,0.6636844515687633
ep_27235,PSPPPPSLPPSPPPP,15,1460.67,-1.08,0.0,209.16,5.95,-0.0,0.9932768486452326,0.3333333333333333,K303R,False,,0.0,0.0,0.0,0.0,0.0,0.0,0.0,0.0,0.0,0.06666666666666667,0.0,0.0,0.7333333333333333,0.0,0.0,0.2,0.0,0.0,0.0,0.0,0.6633050909892829
ep_46008,TPPLPPSPSPPPSPP,15,1464.66,-1.02,0.0,212.77,5.18,-0.0,0.9930398658377542,0.3333333333333333,K303R,False,,0.0,0.0,0.0,0.0,0.0,0.0,0.0,0.0,0.0,0.06666666666666667,0.0,0.0,0.6666666666666666,0.0,0.0,0.2,0.06666666666666667,0.0,0.0,0.0,0.6631865995855437
ep_19550,VPPASPPPPSSPPPS,15,1410.57,-0.77,0.0,209.16,5.49,-0.0,0.9926878397191723,0.3333333333333333,K303R,False,,0.06666666666666667,0.0,0.0,0.0,0.0,0.0,0.0,0.0,0.0,0.0,0.0,0.0,0.6,0.0,0.0,0.26666666666666666,0.0,0.06666666666666667,0.0,0.0,0.6630105865262528
ep_15154,PPASPPPPSSPPPSS,15,1398.52,-1.11,0.0,209.16,5.95,-0.0,0.9925356072183484,0.3333333333333333,K303R,False,,0.06666666666666667,0.0,0.0,0.0,0.0,0.0,0.0,0.0,0.0,0.0,0.0,0.0,0.6,0.0,0.0,0.3333333333333333,0.0,0.0,0.0,0.0,0.6629344702758408
ep_64658,PLPPSPSPPPSPPPP,15,1460.67,-1.08,0.0,225.61,5.95,-0.0,0.9919414233618461,0.3333333333333333,K303R,False,,0.0,0.0,0.0,0.0,0.0,0.0,0.0,0.0,0.0,0.06666666666666667,0.0,0.0,0.7333333333333333,0.0,0.0,0.2,0.0,0.0,0.0,0.0,0.6626373783475897
ep_1493,PLPPPPPPSPSPSPP,15,1460.67,-1.08,0.0,225.61,5.95,-0.0,0.9919414233618461,0.3333333333333333,K303R,False,,0.0,0.0,0.0,0.0,0.0,0.0,0.0,0.0,0.0,0.06666666666666667,0.0,0.0,0.7333333333333333,0.0,0.0,0.2,0.0,0.0,0.0,0.0,0.6626373783475897
ep_5502,PPPPSSPPPSSPPPS,15,1424.55,-1.33,0.0,222.0,5.95,-0.0,0.9917688769418499,0.3333333333333333,K303R,False,,0.0,0.0,0.0,0.0,0.0,0.0,0.0,0.0,0.0,0.0,0.0,0.0,0.6666666666666666,0.0,0.0,0.3333333333333333,0.0,0.0,0.0,0.0,0.6625511051375916
ep_66193,ASPPPPSSPPPSSPP,15,1398.52,-1.11,0.0,225.61,5.57,-0.0,0.9910701237261955,0.3333333333333333,K303R,False,,0.06666666666666667,0.0,0.0,0.0,0.0,0.0,0.0,0.0,0.0,0.0,0.0,0.0,0.6,0.0,0.0,0.3333333333333333,0.0,0.0,0.0,0.0,0.6622017285297644
ep_46298,SSGSPSPPPASPSPS,15,1338.38,-0.92,0.0,216.39,5.24,-0.0,0.9910224380876506,0.3333333333333333,K303R,False,,0.06666666666666667,0.0,0.0,0.0,0.0,0.06666666666666667,0.0,0.0,0.0,0.0,0.0,0.0,0.4,0.0,0.0,0.4666666666666667,0.0,0.0,0.0,0.0,0.662177885710492
ep_33799,SPPPPSSPPPSSPPP,15,1424.55,-1.33,0.0,238.45,5.24,-0.0,0.9902657827978132,0.3333333333333333,K303R,False,,0.0,0.0,0.0,0.0,0.0,0.0,0.0,0.0,0.0,0.0,0.0,0.0,0.6666666666666666,0.0,0.0,0.3333333333333333,0.0,0.0,0.0,0.0,0.6617995580655732
ep_58449,PPPSSPPPSSPPPSP,15,1424.55,-1.33,0.0,238.45,5.95,-0.0,0.990265560487337,0.3333333333333333,K303R,False,,0.0,0.0,0.0,0.0,0.0,0.0,0.0,0.0,0.0,0.0,0.0,0.0,0.6666666666666666,0.0,0.0,0.3333333333333333,0.0,0.0,0.0,0.0,0.6617994469103352
ep_42519,PSSPPSSPSPPPSSS,15,1394.44,-1.17,0.0,238.45,5.95,-0.0,0.9897701213950862,0.3333333333333333,K303R,False,,0.0,0.0,0.0,0.0,0.0,0.0,0.0,0.0,0.0,0.0,0.0,0.0,0.4666666666666667,0.0,0.0,0.5333333333333333,0.0,0.0,0.0,0.0,0.6615517273642098
ep_34894,PSPSPSPSPSSSSSS,15,1374.36,-1.07,0.0,254.91,5.95,-0.0,0.987671430809303,0.3333333333333333,K303R,False,,0.0,0.0,0.0,0.0,0.0,0.0,0.0,0.0,0.0,0.0,0.0,0.0,0.3333333333333333,0.0,0.0,0.6666666666666666,0.0,0.0,0.0,0.0,0.6605023820713182
ep_26280,PSPSPSPSPSPSSSS,15,1384.4,-1.12,0.0,271.36,5.95,-0.0,0.986029313520421,0.3333333333333333,K303R,False,,0.0,0.0,0.0,0.0,0.0,0.0,0.0,0.0,0.0,0.0,0.0,0.0,0.4,0.0,0.0,0.6,0.0,0.0,0.0,0.0,0.6596813234268771
ep_61581,AIVATAMPFVSYFAW,15,1673.97,1.49,0.27,45.81,5.57,-0.0,0.9999989885598854,0.26666666666666666,E380Q,False,,0.26666666666666666,0.0,0.0,0.0,0.13333333333333333,0.0,0.0,0.06666666666666667,0.0,0.0,0.06666666666666667,0.0,0.06666666666666667,0.0,0.0,0.06666666666666667,0.06666666666666667,0.13333333333333333,0.06666666666666667,0.06666666666666667,0.633332827613276
ep_36295,SDPPIHVTVWTEPRQ,15,1761.93,-0.88,0.07,48.21,5.3,-0.91,0.9999989641839034,0.26666666666666666,K303R,False,,0.0,0.0,0.06666666666666667,0.06666666666666667,0.0,0.0,0.06666666666666667,0.06666666666666667,0.0,0.0,0.0,0.0,0.2,0.06666666666666667,0.06666666666666667,0.06666666666666667,0.13333333333333333,0.13333333333333333,0.06666666666666667,0.0,0.6333328154252851
ep_52278,WRAVLIGVAAVAVIE,15,1566.88,1.83,0.07,38.63,6.22,-0.0,0.9999976409615517,0.26666666666666666,D538G,False,,0.26666666666666666,0.0,0.0,0.06666666666666667,0.0,0.06666666666666667,0.0,0.13333333333333333,0.0,0.06666666666666667,0.0,0.0,0.0,0.0,0.06666666666666667,0.0,0.0,0.26666666666666666,0.06666666666666667,0.0,0.6333321538141092
ep_43496,MPVHTCVCVCLCVCV,15,1609.1,2.25,0.0,39.17,6.47,-0.13,0.9999970531826374,0.26666666666666666,E380Q,False,,0.0,0.3333333333333333,0.0,0.0,0.0,0.0,0.06666666666666667,0.0,0.0,0.06666666666666667,0.06666666666666667,0.0,0.06666666666666667,0.0,0.0,0.0,0.06666666666666667,0.3333333333333333,0.0,0.0,0.633331859924652
ep_29417,SGERSVWESDGSMRF,15,1729.82,-1.03,0.13,41.41,4.68,-1.0,0.9999967595570602,0.26666666666666666,K303R,False,,0.0,0.0,0.06666666666666667,0.13333333333333333,0.06666666666666667,0.13333333333333333,0.0,0.0,0.0,0.0,0.06666666666666667,0.0,0.0,0.0,0.13333333333333333,0.26666666666666666,0.0,0.06666666666666667,0.06666666666666667,0.0,0.6333317131118634
ep_35406,ASMPVHTCVCVCLCV,15,1564.98,1.87,0.0,44.2,6.75,-0.09,0.9999965564075876,0.26666666666666666,E380Q,False,,0.06666666666666667,0.26666666666666666,0.0,0.0,0.0,0.0,0.06666666666666667,0.0,0.0,0.06666666666666667,0.06666666666666667,0.0,0.06666666666666667,0.0,0.0,0.06666666666666667,0.06666666666666667,0.26666666666666666,0.0,0.0,0.6333316115371271
ep_51727,CGRMDDARALFNAMP,15,1667.93,-0.21,0.07,38.63,5.95,-0.05,0.9999951119299529,0.26666666666666666,E380Q,False,,0.2,0.06666666666666667,0.13333333333333333,0.0,0.06666666666666667,0.06666666666666667,0.0,0.0,0.0,0.06666666666666667,0.13333333333333333,0.06666666666666667,0.06666666666666667,0.0,0.13333333333333333,0.0,0.0,0.0,0.0,0.0,0.6333308892983098
ep_65400,TASTSMPTATTAATG,15,1368.47,0.09,0.0,32.97,5.18,-0.0,0.9999948128345204,0.26666666666666666,S463P,False,,0.26666666666666666,0.0,0.0,0.0,0.0,0.06666666666666667,0.0,0.0,0.0,0.0,0.06666666666666667,0.0,0.06666666666666667,0.0,0.0,0.13333333333333333,0.4,0.0,0.0,0.0,0.6333307397505935
ep_25721,NDPPPHPRKDPPPDP,15,1675.8,-2.56,0.0,48.72,5.3,-0.91,0.9999942347455173,0.26666666666666666,K303R,False,,0.0,0.0,0.2,0.0,0.0,0.0,0.06666666666666667,0.0,0.06666666666666667,0.0,0.0,0.06666666666666667,0.5333333333333333,0.0,0.06666666666666667,0.0,0.0,0.0,0.0,0.0,0.633330450706092
ep_52886,NAALQAKAQEAAVNG,15,1455.57,-0.2,0.0,33.89,6.0,-0.0,0.9999938517522954,0.26666666666666666,E380Q,False,,0.4,0.0,0.0,0.06666666666666667,0.0,0.06666666666666667,0.0,0.0,0.06666666666666667,0.06666666666666667,0.0,0.13333333333333333,0.0,0.13333333333333333,0.0,0.0,0.0,0.06666666666666667,0.0,0.0,0.633330259209481
ep_58301,TRTASTSMPTATTAA,15,1467.6,-0.19,0.0,38.63,9.41,1.0,0.9999935343107742,0.26666666666666666,S463P,False,,0.26666666666666666,0.0,0.0,0.0,0.0,0.0,0.0,0.0,0.0,0.0,0.06666666666666667,0.0,0.06666666666666667,0.0,0.06666666666666667,0.13333333333333333,0.4,0.0,0.0,0.0,0.6333301004887204
ep_1749,FQACMDAMDALVDNY,15,1706.91,0.25,0.13,50.34,4.05,-3.05,0.9999930282210068,0.26666666666666666,L536H,False,,0.2,0.06666666666666667,0.2,0.0,0.06666666666666667,0.0,0.0,0.0,0.0,0.06666666666666667,0.13333333333333333,0.06666666666666667,0.0,0.06666666666666667,0.0,0.0,0.0,0.06666666666666667,0.0,0.06666666666666667,0.6333298474438367
ep_49683,IEFQVRTWEEVYAAL,15,1854.07,0.11,0.2,56.07,4.25,-2.0,0.9999908617339262,0.26666666666666666,S463P,False,,0.13333333333333333,0.0,0.0,0.2,0.06666666666666667,0.0,0.0,0.06666666666666667,0.0,0.06666666666666667,0.0,0.0,0.0,0.06666666666666667,0.06666666666666667,0.0,0.06666666666666667,0.13333333333333333,0.06666666666666667,0.06666666666666667,0.6333287642002964
ep_17061,RWQRIGLVAAVLIVL,15,1707.11,1.52,0.07,41.86,12.0,2.0,0.9999905732000767,0.26666666666666666,K303R,False,,0.13333333333333333,0.0,0.0,0.0,0.0,0.06666666666666667,0.0,0.13333333333333333,0.0,0.2,0.0,0.0,0.0,0.06666666666666667,0.13333333333333333,0.0,0.0,0.2,0.06666666666666667,0.0,0.6333286199333716
ep_18694,ASLQRTAATLRAEAR,15,1614.81,-0.41,0.0,43.91,11.7,2.0,0.9999905134522823,0.26666666666666666,K303R,False,,0.3333333333333333,0.0,0.0,0.06666666666666667,0.0,0.0,0.0,0.0,0.0,0.13333333333333333,0.0,0.0,0.0,0.06666666666666667,0.2,0.06666666666666667,0.13333333333333333,0.0,0.0,0.0,0.6333285900594745
ep_38808,RAAAAARDAVHALPP,15,1486.68,0.11,0.0,35.01,9.61,1.09,0.9999900159944559,0.26666666666666666,E380Q,False,,0.4666666666666667,0.0,0.06666666666666667,0.0,0.0,0.0,0.06666666666666667,0.0,0.0,0.06666666666666667,0.0,0.0,0.13333333333333333,0.0,0.13333333333333333,0.0,0.0,0.06666666666666667,0.0,0.0,0.6333283413305613
ep_8795,HEHRTTPPPQRHHHR,15,1923.07,-2.85,0.0,55.67,11.7,2.45,0.9999895376826,0.26666666666666666,K303R,False,,0.0,0.0,0.0,0.06666666666666667,0.0,0.0,0.3333333333333333,0.0,0.0,0.0,0.0,0.0,0.2,0.06666666666666667,0.2,0.0,0.13333333333333333,0.0,0.0,0.0,0.6333281021746333
ep_12522,AFVLLYDVFFVFISP,15,1777.11,2.03,0.33,54.41,4.05,-1.0,0.9999892525911805,0.26666666666666666,E380Q,False,,0.06666666666666667,0.0,0.06666666666666667,0.0,0.26666666666666666,0.0,0.0,0.06666666666666667,0.0,0.13333333333333333,0.0,0.0,0.06666666666666667,0.0,0.0,0.06666666666666667,0.0,0.2,0.0,0.06666666666666667,0.6333279596289236
ep_9860,ASAAAAYLAALVFRW,15,1580.83,1.31,0.2,47.52,8.79,1.0,0.999989242208414,0.26666666666666666,E380Q,False,,0.4666666666666667,0.0,0.0,0.0,0.06666666666666667,0.0,0.0,0.0,0.0,0.13333333333333333,0.0,0.0,0.0,0.0,0.06666666666666667,0.06666666666666667,0.0,0.06666666666666667,0.06666666666666667,0.06666666666666667,0.6333279544375403
ep_37913,ATSTTASSSNTAAAA,15,1311.31,0.09,0.0,29.35,5.57,-0.0,0.9999881784286508,0.26666666666666666,S463P,False,,0.4,0.0,0.0,0.0,0.0,0.0,0.0,0.0,0.0,0.0,0.0,0.06666666666666667,0.0,0.0,0.0,0.26666666666666666,0.26666666666666666,0.0,0.0,0.0,0.6333274225476587
ep_27075,HPRGRPPSGPHRHHG,15,1681.82,-2.31,0.0,41.17,12.0,3.36,0.9999874125541129,0.26666666666666666,K303R,False,,0.0,0.0,0.0,0.0,0.0,0.2,0.26666666666666666,0.0,0.0,0.0,0.0,0.0,0.26666666666666666,0.0,0.2,0.06666666666666667,0.0,0.0,0.0,0.0,0.6333270396103898
ep_42747,CRHRFHGACLKKWLG,15,1812.18,-0.51,0.13,54.3,10.11,4.09,0.999987093073637,0.26666666666666666,K303R,False,,0.06666666666666667,0.13333333333333333,0.0,0.0,0.06666666666666667,0.13333333333333333,0.13333333333333333,0.0,0.13333333333333333,0.13333333333333333,0.0,0.0,0.0,0.0,0.13333333333333333,0.0,0.0,0.0,0.06666666666666667,0.0,0.6333268798701518
ep_18659,FQVRTWEEVYAALRT,15,1869.08,-0.3,0.2,39.62,6.14,0.0,0.9999870566463319,0.26666666666666666,S463P,False,,0.13333333333333333,0.0,0.0,0.13333333333333333,0.06666666666666667,0.0,0.0,0.0,0.0,0.06666666666666667,0.0,0.0,0.0,0.06666666666666667,0.13333333333333333,0.0,0.13333333333333333,0.13333333333333333,0.06666666666666667,0.06666666666666667,0.6333268616564993
ep_13130,KYEEALQYFNKAIQL,15,1858.1,-0.63,0.2,58.53,6.14,-0.0,0.999985703610791,0.26666666666666666,S463P,False,,0.13333333333333333,0.0,0.0,0.13333333333333333,0.06666666666666667,0.0,0.0,0.06666666666666667,0.13333333333333333,0.13333333333333333,0.0,0.06666666666666667,0.0,0.13333333333333333,0.0,0.0,0.0,0.0,0.0,0.13333333333333333,0.6333261851387288
ep_47502,RYSMLQCVQRIMQMP,15,1884.32,-0.17,0.07,40.25,9.5,1.95,0.9999856185257385,0.26666666666666666,E380Q,False,LQC,0.0,0.06666666666666667,0.0,0.0,0.0,0.0,0.0,0.06666666666666667,0.0,0.06666666666666667,0.2,0.0,0.06666666666666667,0.2,0.13333333333333333,0.06666666666666667,0.0,0.06666666666666667,0.0,0.06666666666666667,0.6333261425962026
ep_12090,RTAWKRIALVCVVPV,15,1711.13,1.01,0.07,51.72,10.86,2.95,0.9999854519248337,0.26666666666666666,K303R,False,,0.13333333333333333,0.06666666666666667,0.0,0.0,0.0,0.0,0.0,0.06666666666666667,0.06666666666666667,0.06666666666666667,0.0,0.0,0.06666666666666667,0.0,0.13333333333333333,0.0,0.06666666666666667,0.26666666666666666,0.06666666666666667,0.0,0.6333260592957501
ep_50679,GGGVAGVGGGDGAGE,15,1116.1,0.09,0.0,25.89,4.09,-2.0,0.9999825861429185,0.26666666666666666,L536H,False,,0.13333333333333333,0.0,0.06666666666666667,0.06666666666666667,0.0,0.6,0.0,0.0,0.0,0.0,0.0,0.0,0.0,0.0,0.0,0.0,0.0,0.13333333333333333,0.0,0.0,0.6333246264047926
ep_32171,ACIWTSFWSDPLPVA,15,1692.93,0.71,0.2,54.29,4.05,-1.05,0.9999823358193366,0.26666666666666666,K303R,False,,0.13333333333333333,0.06666666666666667,0.06666666666666667,0.0,0.06666666666666667,0.0,0.0,0.06666666666666667,0.0,0.06666666666666667,0.0,0.0,0.13333333333333333,0.0,0.0,0.13333333333333333,0.06666666666666667,0.06666666666666667,0.13333333333333333,0.0,0.6333245012430017
ep_12266,TRKYVCDICKRGFTR,15,1846.18,-0.76,0.13,38.25,9.84,3.91,0.9999796665033556,0.26666666666666666,K303R,False,,0.0,0.13333333333333333,0.06666666666666667,0.0,0.06666666666666667,0.06666666666666667,0.0,0.06666666666666667,0.13333333333333333,0.0,0.0,0.0,0.0,0.0,0.2,0.0,0.13333333333333333,0.06666666666666667,0.0,0.06666666666666667,0.6333231665850111
ep_53641,KKLFEFCIEHNIKID,15,1877.21,-0.23,0.13,61.7,6.76,0.05,0.9999775815244751,0.26666666666666666,S463P,False,,0.0,0.06666666666666667,0.06666666666666667,0.13333333333333333,0.13333333333333333,0.0,0.06666666666666667,0.2,0.2,0.06666666666666667,0.0,0.06666666666666667,0.0,0.0,0.0,0.0,0.0,0.0,0.0,0.0,0.6333221240955709
ep_19566,RAARREHCLVVLTAT,15,1695.99,0.15,0.0,55.33,10.26,2.05,0.9999747898439831,0.26666666666666666,E380Q,False,,0.2,0.06666666666666667,0.0,0.06666666666666667,0.0,0.0,0.06666666666666667,0.0,0.0,0.13333333333333333,0.0,0.0,0.0,0.0,0.2,0.0,0.13333333333333333,0.13333333333333333,0.0,0.0,0.6333207282553249
ep_9706,QNALEGVCRWMGIAY,15,1710.97,0.17,0.13,57.65,5.99,-0.05,0.9999720530259575,0.26666666666666666,E380Q,False,,0.13333333333333333,0.06666666666666667,0.0,0.06666666666666667,0.0,0.13333333333333333,0.0,0.06666666666666667,0.0,0.06666666666666667,0.06666666666666667,0.06666666666666667,0.0,0.06666666666666667,0.06666666666666667,0.0,0.0,0.06666666666666667,0.06666666666666667,0.06666666666666667,0.633319359846312
ep_242,PPHPRPAALPRAAAV,15,1520.78,-0.21,0.0,48.72,12.0,2.09,0.9999706964049389,0.26666666666666666,K303R,False,,0.3333333333333333,0.0,0.0,0.0,0.0,0.0,0.06666666666666667,0.0,0.0,0.06666666666666667,0.0,0.0,0.3333333333333333,0.0,0.13333333333333333,0.0,0.0,0.06666666666666667,0.0,0.0,0.6333186815358027
ep_2161,AWQLSMQQQAATLAA,15,1617.82,0.14,0.07,29.99,5.57,-0.0,0.9999702012360923,0.26666666666666666,K303R,False,,0.3333333333333333,0.0,0.0,0.0,0.0,0.0,0.0,0.0,0.0,0.13333333333333333,0.06666666666666667,0.0,0.0,0.26666666666666666,0.0,0.06666666666666667,0.06666666666666667,0.0,0.06666666666666667,0.0,0.6333184339513794
ep_4138,ACALVWASDGSVSWS,15,1538.68,0.75,0.13,28.61,4.05,-1.05,0.999969901813249,0.26666666666666666,K303R,False,,0.2,0.06666666666666667,0.06666666666666667,0.0,0.0,0.06666666666666667,0.0,0.0,0.0,0.06666666666666667,0.0,0.0,0.0,0.0,0.0,0.26666666666666666,0.0,0.13333333333333333,0.13333333333333333,0.0,0.6333182842399578
ep_12576,TCARDMATALRALGR,15,1605.88,0.03,0.0,30.4,10.26,1.95,0.9999674666059916,0.26666666666666666,E380Q,False,,0.26666666666666666,0.06666666666666667,0.06666666666666667,0.0,0.0,0.06666666666666667,0.0,0.0,0.0,0.13333333333333333,0.06666666666666667,0.0,0.0,0.0,0.2,0.0,0.13333333333333333,0.0,0.0,0.0,0.6333170666363291
ep_45058,PAVPGGARGPPGRAR,15,1415.6,-0.79,0.0,44.76,12.0,3.0,0.999967268023936,0.26666666666666666,K303R,False,,0.2,0.0,0.0,0.0,0.0,0.26666666666666666,0.0,0.0,0.0,0.0,0.0,0.0,0.26666666666666666,0.0,0.2,0.0,0.0,0.06666666666666667,0.0,0.0,0.6333169673453013
ep_12544,PETNVHTTTTLPHPP,15,1641.78,-1.02,0.0,29.63,6.0,-0.82,0.9999660438211597,0.26666666666666666,E380Q,False,,0.0,0.0,0.0,0.06666666666666667,0.0,0.0,0.13333333333333333,0.0,0.0,0.06666666666666667,0.0,0.06666666666666667,0.26666666666666666,0.0,0.0,0.0,0.3333333333333333,0.06666666666666667,0.0,0.0,0.6333163552439132
ep_24296,RLRAVRALARHRARL,15,1815.18,-0.49,0.0,35.01,12.0,6.09,0.9999638234444959,0.26666666666666666,K303R,False,,0.26666666666666666,0.0,0.0,0.0,0.0,0.0,0.06666666666666667,0.0,0.0,0.2,0.0,0.0,0.0,0.0,0.4,0.0,0.0,0.06666666666666667,0.0,0.0,0.6333152450555812
ep_65409,GRIVILGDFNFHIDD,15,1730.92,0.31,0.13,30.76,4.65,-1.91,0.9999637450133106,0.26666666666666666,L536H,False,,0.0,0.0,0.2,0.0,0.13333333333333333,0.13333333333333333,0.06666666666666667,0.2,0.0,0.06666666666666667,0.0,0.06666666666666667,0.0,0.0,0.06666666666666667,0.0,0.0,0.06666666666666667,0.0,0.0,0.6333152058399887
ep_4290,PSPPRQHCQGAAGTG,15,1463.58,-1.07,0.0,50.11,8.68,1.04,0.9999623775825573,0.26666666666666666,K303R,False,,0.13333333333333333,0.06666666666666667,0.0,0.0,0.0,0.2,0.06666666666666667,0.0,0.0,0.0,0.0,0.0,0.2,0.13333333333333333,0.06666666666666667,0.06666666666666667,0.06666666666666667,0.0,0.0,0.0,0.633314522124612
ep_10923,RRQFRPTFWSVTIVI,15,1906.24,0.09,0.2,65.08,12.0,3.0,0.9999623631336337,0.26666666666666666,S463P,False,,0.0,0.0,0.0,0.0,0.13333333333333333,0.0,0.0,0.13333333333333333,0.0,0.0,0.0,0.0,0.06666666666666667,0.06666666666666667,0.2,0.06666666666666667,0.13333333333333333,0.13333333333333333,0.06666666666666667,0.0,0.6333145149001502
ep_37564,WLVPVPGAVVASVAA,15,1435.71,1.78,0.07,50.42,5.53,-0.0,0.9999581607262921,0.26666666666666666,K303R,False,,0.26666666666666666,0.0,0.0,0.0,0.0,0.06666666666666667,0.0,0.0,0.0,0.06666666666666667,0.0,0.0,0.13333333333333333,0.0,0.0,0.06666666666666667,0.0,0.3333333333333333,0.06666666666666667,0.0,0.6333124136964794
ep_18125,AWLVPVPGAVVASVA,15,1435.71,1.78,0.07,50.42,5.57,-0.0,0.9999581473773022,0.26666666666666666,K303R,False,,0.26666666666666666,0.0,0.0,0.0,0.0,0.06666666666666667,0.0,0.0,0.0,0.06666666666666667,0.0,0.0,0.13333333333333333,0.0,0.0,0.06666666666666667,0.0,0.3333333333333333,0.06666666666666667,0.0,0.6333124070219844
ep_3039,APLAAAVSAVVAGSG,15,1240.41,1.55,0.0,22.17,5.57,-0.0,0.9999579578023428,0.26666666666666666,K303R,False,,0.4,0.0,0.0,0.0,0.0,0.13333333333333333,0.0,0.0,0.0,0.06666666666666667,0.0,0.0,0.06666666666666667,0.0,0.0,0.13333333333333333,0.0,0.2,0.0,0.0,0.6333123122345047
ep_14479,PGMPGPHMMMPHGPH,15,1610.95,-0.75,0.0,57.17,7.43,0.27,0.999955763685478,0.26666666666666666,L536H,False,,0.0,0.0,0.0,0.0,0.0,0.2,0.2,0.0,0.0,0.0,0.26666666666666666,0.0,0.3333333333333333,0.0,0.0,0.0,0.0,0.0,0.0,0.0,0.6333112151760724
ep_19065,IPVAVVGIWAYFQMP,15,1691.04,1.37,0.2,28.21,5.52,-0.0,0.9999542625174086,0.26666666666666666,S463P,False,,0.13333333333333333,0.0,0.0,0.0,0.06666666666666667,0.06666666666666667,0.0,0.13333333333333333,0.0,0.0,0.06666666666666667,0.0,0.13333333333333333,0.06666666666666667,0.0,0.0,0.0,0.2,0.06666666666666667,0.06666666666666667,0.6333104645920377
ep_54718,FLDYLEINGRNYPFK,15,1889.11,-0.62,0.27,31.43,6.07,-0.0,0.9999536370841331,0.26666666666666666,K303R,False,,0.0,0.0,0.06666666666666667,0.06666666666666667,0.13333333333333333,0.06666666666666667,0.0,0.06666666666666667,0.06666666666666667,0.13333333333333333,0.0,0.13333333333333333,0.06666666666666667,0.0,0.06666666666666667,0.0,0.0,0.0,0.0,0.13333333333333333,0.6333101518753999
ep_12621,QCSYCKGPHTSWSCP,15,1683.89,-0.8,0.13,28.19,7.96,0.95,0.9999535006905662,0.26666666666666666,K303R,False,,0.0,0.2,0.0,0.0,0.0,0.06666666666666667,0.06666666666666667,0.0,0.06666666666666667,0.0,0.0,0.0,0.13333333333333333,0.06666666666666667,0.0,0.2,0.06666666666666667,0.0,0.06666666666666667,0.06666666666666667,0.6333100836786164
ep_7159,RLRLLRFVAAAIVAV,15,1668.08,1.67,0.07,29.35,12.0,3.0,0.9999529613663639,0.26666666666666666,E380Q,False,,0.26666666666666666,0.0,0.0,0.0,0.06666666666666667,0.0,0.0,0.06666666666666667,0.0,0.2,0.0,0.0,0.0,0.0,0.2,0.0,0.0,0.2,0.0,0.0,0.6333098140165153
ep_41376,HNIHKHTHTHSHTVS,15,1772.88,-1.44,0.0,63.35,8.79,1.54,0.9999523283665158,0.26666666666666666,K303R,False,,0.0,0.0,0.0,0.0,0.0,0.0,0.4,0.06666666666666667,0.06666666666666667,0.0,0.0,0.06666666666666667,0.0,0.0,0.0,0.13333333333333333,0.2,0.06666666666666667,0.0,0.0,0.6333094975165913
ep_54421,YERYVNTMKKCGIEP,15,1831.12,-1.0,0.13,30.09,8.16,0.95,0.9999507930828819,0.26666666666666666,S463P,False,,0.0,0.06666666666666667,0.0,0.13333333333333333,0.0,0.06666666666666667,0.0,0.06666666666666667,0.13333333333333333,0.0,0.06666666666666667,0.06666666666666667,0.06666666666666667,0.0,0.06666666666666667,0.0,0.06666666666666667,0.06666666666666667,0.0,0.13333333333333333,0.6333087298747743
ep_61288,VTQRTQEIGVRMALG,15,1658.92,-0.09,0.0,27.53,9.57,1.0,0.99995030276312,0.26666666666666666,E380Q,False,,0.06666666666666667,0.0,0.0,0.06666666666666667,0.0,0.13333333333333333,0.0,0.06666666666666667,0.0,0.06666666666666667,0.06666666666666667,0.0,0.0,0.13333333333333333,0.13333333333333333,0.0,0.13333333333333333,0.13333333333333333,0.0,0.0,0.6333084847148933
ep_13937,CSYCKGPHTSWSCPR,15,1711.94,-0.87,0.13,28.19,8.68,1.95,0.999949681848922,0.26666666666666666,K303R,False,,0.0,0.2,0.0,0.0,0.0,0.06666666666666667,0.06666666666666667,0.0,0.06666666666666667,0.0,0.0,0.0,0.13333333333333333,0.0,0.06666666666666667,0.2,0.06666666666666667,0.0,0.06666666666666667,0.06666666666666667,0.6333081742577943
ep_62345,MAQRCPGCNRPMPRD,15,1732.04,-1.24,0.0,62.48,9.01,1.91,0.9999484509962854,0.26666666666666666,K303R,False,,0.06666666666666667,0.13333333333333333,0.06666666666666667,0.0,0.0,0.06666666666666667,0.0,0.0,0.0,0.0,0.13333333333333333,0.06666666666666667,0.2,0.06666666666666667,0.2,0.0,0.0,0.0,0.0,0.0,0.633307558831476
ep_42618,DNILIDANGTAKIAD,15,1543.67,0.01,0.0,24.47,4.17,-2.0,0.9999449227735335,0.26666666666666666,E380Q,False,,0.2,0.0,0.2,0.0,0.0,0.06666666666666667,0.0,0.2,0.06666666666666667,0.06666666666666667,0.0,0.13333333333333333,0.0,0.0,0.0,0.0,0.06666666666666667,0.0,0.0,0.0,0.6333057947201001
ep_61966,PHDPHTPDPPTPSTP,15,1592.66,-1.83,0.0,24.96,5.05,-1.82,0.9999427166499819,0.26666666666666666,S463P,False,,0.0,0.0,0.13333333333333333,0.0,0.0,0.0,0.13333333333333333,0.0,0.0,0.0,0.0,0.0,0.4666666666666667,0.0,0.0,0.06666666666666667,0.2,0.0,0.0,0.0,0.6333046916583243
ep_1774,QHHVQPALPHPGPAV,15,1584.78,-0.51,0.0,58.77,7.02,0.27,0.9999399465817824,0.26666666666666666,E380Q,False,,0.13333333333333333,0.0,0.0,0.0,0.0,0.06666666666666667,0.2,0.0,0.0,0.06666666666666667,0.0,0.0,0.26666666666666666,0.13333333333333333,0.0,0.0,0.0,0.13333333333333333,0.0,0.0,0.6333033066242245
ep_7038,VSYITYNIIDDDKIN,15,1785.94,-0.22,0.13,27.31,4.05,-2.0,0.9999392524403191,0.26666666666666666,K303R,False,,0.0,0.0,0.2,0.0,0.0,0.0,0.0,0.26666666666666666,0.06666666666666667,0.0,0.0,0.13333333333333333,0.0,0.0,0.0,0.06666666666666667,0.06666666666666667,0.06666666666666667,0.0,0.13333333333333333,0.6333029595534929
ep_58806,VRKLLSPKNICFDNT,15,1748.06,-0.29,0.07,64.83,9.31,1.95,0.9999381144425047,0.26666666666666666,K303R,False,,0.0,0.06666666666666667,0.06666666666666667,0.0,0.06666666666666667,0.0,0.0,0.06666666666666667,0.13333333333333333,0.13333333333333333,0.0,0.13333333333333333,0.06666666666666667,0.0,0.06666666666666667,0.06666666666666667,0.06666666666666667,0.06666666666666667,0.0,0.0,0.6333023905545857
ep_64286,NICFNTYNYIYTLCS,15,1832.06,0.27,0.27,27.31,5.51,-0.09,0.9999358045995673,0.26666666666666666,S463P,False,,0.0,0.13333333333333333,0.0,0.0,0.06666666666666667,0.0,0.0,0.13333333333333333,0.0,0.06666666666666667,0.0,0.2,0.0,0.0,0.0,0.06666666666666667,0.13333333333333333,0.0,0.0,0.2,0.633301235633117
ep_32130,RRGNRKIYILIIVDL,15,1842.24,0.25,0.07,27.7,10.9,3.0,0.9999322618696597,0.26666666666666666,K303R,False,,0.0,0.0,0.06666666666666667,0.0,0.0,0.06666666666666667,0.0,0.26666666666666666,0.06666666666666667,0.13333333333333333,0.0,0.06666666666666667,0.0,0.0,0.2,0.0,0.0,0.06666666666666667,0.0,0.06666666666666667,0.6332994642681632
ep_65177,WRAVLRGAALVAAAP,15,1521.81,0.99,0.07,23.69,12.0,2.0,0.9999309653132282,0.26666666666666666,K303R,False,,0.4,0.0,0.0,0.0,0.0,0.06666666666666667,0.0,0.0,0.0,0.13333333333333333,0.0,0.0,0.06666666666666667,0.0,0.13333333333333333,0.0,0.0,0.13333333333333333,0.06666666666666667,0.0,0.6332988159899474
ep_31981,YNICFNTYNYIYTLC,15,1908.16,0.23,0.33,27.31,5.51,-0.09,0.9999286455771013,0.26666666666666666,S463P,False,,0.0,0.13333333333333333,0.0,0.0,0.06666666666666667,0.0,0.0,0.13333333333333333,0.0,0.06666666666666667,0.0,0.2,0.0,0.0,0.0,0.0,0.13333333333333333,0.0,0.0,0.26666666666666666,0.6332976561218839
ep_44502,CVFHHSGTHAPQRIC,15,1692.92,-0.19,0.07,24.33,8.1,1.18,0.9999282518566253,0.26666666666666666,E380Q,False,,0.06666666666666667,0.13333333333333333,0.0,0.0,0.06666666666666667,0.06666666666666667,0.2,0.06666666666666667,0.0,0.0,0.0,0.0,0.06666666666666667,0.06666666666666667,0.06666666666666667,0.06666666666666667,0.06666666666666667,0.06666666666666667,0.0,0.0,0.6332974592616459
ep_50076,HHYVFGSGFHIFVCK,15,1778.04,0.49,0.27,67.92,8.22,1.22,0.9999271096069721,0.26666666666666666,E380Q,False,,0.0,0.06666666666666667,0.0,0.0,0.2,0.13333333333333333,0.2,0.06666666666666667,0.06666666666666667,0.0,0.0,0.0,0.0,0.0,0.0,0.06666666666666667,0.0,0.13333333333333333,0.0,0.06666666666666667,0.6332968881368194
ep_9942,AWRQALLRGAALAAL,15,1580.87,0.81,0.07,23.69,12.0,2.0,0.9999263983548226,0.26666666666666666,K303R,False,,0.4,0.0,0.0,0.0,0.0,0.06666666666666667,0.0,0.0,0.0,0.26666666666666666,0.0,0.0,0.0,0.06666666666666667,0.13333333333333333,0.0,0.0,0.0,0.06666666666666667,0.0,0.6332965325107446
ep_22891,NKAARDFFALLQSYG,15,1700.89,-0.19,0.2,65.46,8.59,1.0,0.9999230828848705,0.26666666666666666,E380Q,False,,0.2,0.0,0.06666666666666667,0.0,0.13333333333333333,0.06666666666666667,0.0,0.0,0.06666666666666667,0.13333333333333333,0.0,0.06666666666666667,0.0,0.06666666666666667,0.06666666666666667,0.06666666666666667,0.0,0.0,0.0,0.06666666666666667,0.6332948747757686
ep_58380,AAGESHLVVEGGTAL,15,1410.53,0.57,0.0,19.71,4.51,-1.91,0.9999224561536622,0.26666666666666666,S463P,False,,0.2,0.0,0.0,0.13333333333333333,0.0,0.2,0.06666666666666667,0.0,0.0,0.13333333333333333,0.0,0.0,0.0,0.0,0.0,0.06666666666666667,0.06666666666666667,0.13333333333333333,0.0,0.0,0.6332945614101644
ep_51655,RTIQTSSSTQRTMQN,15,1738.88,-1.45,0.0,24.96,12.0,2.0,0.9999217849030252,0.26666666666666666,K303R,False,,0.0,0.0,0.0,0.0,0.0,0.0,0.0,0.06666666666666667,0.0,0.0,0.06666666666666667,0.06666666666666667,0.0,0.2,0.13333333333333333,0.2,0.26666666666666666,0.0,0.0,0.0,0.633294225784846
ep_16351,ALLTYAAMQKAGIVP,15,1546.87,0.93,0.07,21.61,8.63,1.0,0.999921494478607,0.26666666666666666,E380Q,False,,0.26666666666666666,0.0,0.0,0.0,0.0,0.06666666666666667,0.0,0.06666666666666667,0.06666666666666667,0.13333333333333333,0.06666666666666667,0.0,0.06666666666666667,0.06666666666666667,0.0,0.0,0.06666666666666667,0.06666666666666667,0.0,0.06666666666666667,0.6332940805726368
ep_36599,LLEAYSKALSISQTM,15,1654.92,0.41,0.07,22.17,6.0,-0.0,0.9999176445600176,0.26666666666666666,K303R,False,,0.13333333333333333,0.0,0.0,0.06666666666666667,0.0,0.0,0.0,0.06666666666666667,0.06666666666666667,0.2,0.06666666666666667,0.0,0.0,0.06666666666666667,0.0,0.2,0.06666666666666667,0.0,0.0,0.06666666666666667,0.6332921556133422
ep_7587,VRPFRFAWVVTAAAL,15,1704.03,1.13,0.2,23.69,12.0,2.0,0.9999162527551005,0.26666666666666666,S463P,False,,0.26666666666666666,0.0,0.0,0.0,0.13333333333333333,0.0,0.0,0.0,0.0,0.06666666666666667,0.0,0.0,0.06666666666666667,0.0,0.13333333333333333,0.0,0.06666666666666667,0.2,0.06666666666666667,0.0,0.6332914597108836
ep_2868,TAGAAAAAASVPTAA,15,1200.3,1.08,0.0,16.51,5.18,-0.0,0.9999140518007247,0.26666666666666666,S463P,False,,0.6,0.0,0.0,0.0,0.0,0.06666666666666667,0.0,0.0,0.0,0.0,0.0,0.0,0.06666666666666667,0.0,0.0,0.06666666666666667,0.13333333333333333,0.06666666666666667,0.0,0.0,0.6332903592336957
ep_8184,FFHVFKFIYIEYPRY,15,2069.4,0.25,0.47,26.78,8.44,1.09,0.9999102826609061,0.26666666666666666,S463P,False,,0.0,0.0,0.0,0.06666666666666667,0.26666666666666666,0.0,0.06666666666666667,0.13333333333333333,0.06666666666666667,0.0,0.0,0.0,0.06666666666666667,0.0,0.06666666666666667,0.0,0.0,0.06666666666666667,0.0,0.2,0.6332884746637863
ep_59813,TFRHHSFPFEIFIHQ,15,1943.17,-0.27,0.27,77.15,6.74,0.27,0.9999087046376437,0.26666666666666666,E380Q,False,,0.0,0.0,0.0,0.06666666666666667,0.26666666666666666,0.0,0.2,0.13333333333333333,0.0,0.0,0.0,0.0,0.06666666666666667,0.06666666666666667,0.06666666666666667,0.06666666666666667,0.06666666666666667,0.0,0.0,0.0,0.6332876856521552
ep_62542,TASASRSSTTTTPRT,15,1524.59,-0.96,0.0,59.28,12.0,2.0,0.9999075242816844,0.26666666666666666,K303R,False,,0.13333333333333333,0.0,0.0,0.0,0.0,0.0,0.0,0.0,0.0,0.0,0.0,0.0,0.06666666666666667,0.0,0.13333333333333333,0.26666666666666666,0.4,0.0,0.0,0.0,0.6332870954741755
ep_50073,VFKFIYIEYPRYVKD,15,1980.31,-0.12,0.33,24.86,8.35,1.0,0.9999053557307346,0.26666666666666666,S463P,False,,0.0,0.0,0.06666666666666667,0.06666666666666667,0.13333333333333333,0.0,0.0,0.13333333333333333,0.13333333333333333,0.0,0.0,0.0,0.06666666666666667,0.0,0.06666666666666667,0.0,0.0,0.13333333333333333,0.0,0.2,0.6332860111987006
ep_45810,IPWLPRFLAVLVVIG,15,1693.13,1.91,0.13,21.53,9.75,1.0,0.9999052117949982,0.26666666666666666,K303R,False,,0.06666666666666667,0.0,0.0,0.0,0.06666666666666667,0.06666666666666667,0.0,0.13333333333333333,0.0,0.2,0.0,0.0,0.13333333333333333,0.0,0.06666666666666667,0.0,0.0,0.2,0.06666666666666667,0.0,0.6332859392308324
ep_51642,ITEEEAMQYYEWLQH,15,1970.12,-1.09,0.2,78.73,4.09,-3.91,0.9999027158255913,0.26666666666666666,E380Q,False,,0.06666666666666667,0.0,0.0,0.26666666666666666,0.0,0.0,0.06666666666666667,0.06666666666666667,0.0,0.06666666666666667,0.06666666666666667,0.0,0.0,0.13333333333333333,0.0,0.0,0.06666666666666667,0.0,0.06666666666666667,0.13333333333333333,0.633284691246129
ep_26481,QQAIETYNQMRSLGL,15,1751.96,-0.63,0.07,70.71,6.0,-0.0,0.9999000426697651,0.26666666666666666,K303R,False,,0.06666666666666667,0.0,0.0,0.06666666666666667,0.0,0.06666666666666667,0.0,0.06666666666666667,0.0,0.13333333333333333,0.06666666666666667,0.06666666666666667,0.0,0.2,0.06666666666666667,0.06666666666666667,0.06666666666666667,0.0,0.0,0.06666666666666667,0.6332833546682158
ep_31646,QQLQDAAAAATAAAT,15,1401.48,0.19,0.0,56.75,4.05,-1.0,0.9998959855850141,0.26666666666666666,E380Q,False,,0.5333333333333333,0.0,0.06666666666666667,0.0,0.0,0.0,0.0,0.0,0.0,0.06666666666666667,0.0,0.0,0.0,0.2,0.0,0.0,0.13333333333333333,0.0,0.0,0.0,0.6332813261258404
ep_11805,EKAMAALAKKASTAS,15,1477.73,-0.07,0.0,17.56,9.71,2.0,0.9998895817248257,0.26666666666666666,K303R,False,,0.4,0.0,0.0,0.06666666666666667,0.0,0.0,0.0,0.0,0.2,0.06666666666666667,0.06666666666666667,0.0,0.0,0.0,0.0,0.13333333333333333,0.06666666666666667,0.0,0.0,0.0,0.6332781241957461
ep_41079,PVAATTTVATPARQP,15,1480.66,0.0,0.0,60.69,10.18,1.0,0.999883488575959,0.26666666666666666,L536H,False,,0.26666666666666666,0.0,0.0,0.0,0.0,0.0,0.0,0.0,0.0,0.0,0.0,0.0,0.2,0.06666666666666667,0.06666666666666667,0.0,0.26666666666666666,0.13333333333333333,0.0,0.0,0.6332750776213129
ep_42800,MPTNTRANFRVHTER,15,1830.04,-1.35,0.07,20.74,11.7,2.09,0.9998830792631551,0.26666666666666666,S463P,False,,0.06666666666666667,0.0,0.0,0.06666666666666667,0.06666666666666667,0.0,0.06666666666666667,0.0,0.0,0.0,0.06666666666666667,0.13333333333333333,0.06666666666666667,0.0,0.2,0.0,0.2,0.06666666666666667,0.0,0.0,0.6332748729649109
ep_51396,RVKVVDFGTARRIDD,15,1746.96,-0.49,0.07,19.23,8.74,1.0,0.9998824980207098,0.26666666666666666,L536H,False,,0.06666666666666667,0.0,0.2,0.0,0.06666666666666667,0.06666666666666667,0.0,0.06666666666666667,0.06666666666666667,0.0,0.0,0.0,0.0,0.0,0.2,0.0,0.06666666666666667,0.2,0.0,0.0,0.6332745823436883
ep_17010,SQAQAQLKAAQAAAK,15,1484.66,-0.41,0.0,16.51,10.0,2.0,0.9998777930119463,0.26666666666666666,K303R,False,,0.4666666666666667,0.0,0.0,0.0,0.0,0.0,0.0,0.0,0.13333333333333333,0.06666666666666667,0.0,0.0,0.0,0.26666666666666666,0.0,0.06666666666666667,0.0,0.0,0.0,0.0,0.6332722298393065
ep_62602,HRVKVVDFGTARRID,15,1769.02,-0.47,0.07,19.23,10.74,2.09,0.9998773775911255,0.26666666666666666,L536H,False,,0.06666666666666667,0.0,0.13333333333333333,0.0,0.06666666666666667,0.06666666666666667,0.06666666666666667,0.06666666666666667,0.06666666666666667,0.0,0.0,0.0,0.0,0.0,0.2,0.0,0.06666666666666667,0.2,0.0,0.0,0.6332720221288961
ep_49904,RPRAAAAARDAVHAL,15,1545.75,-0.08,0.0,17.15,11.7,2.09,0.9998748704410892,0.26666666666666666,K303R,False,,0.4666666666666667,0.0,0.06666666666666667,0.0,0.0,0.0,0.06666666666666667,0.0,0.0,0.06666666666666667,0.0,0.0,0.06666666666666667,0.0,0.2,0.0,0.0,0.06666666666666667,0.0,0.0,0.633270768553878
ep_50997,IHKHTHTHSHTVSNH,15,1772.88,-1.44,0.0,18.27,8.79,1.54,0.9998708940854196,0.26666666666666666,K303R,False,,0.0,0.0,0.0,0.0,0.0,0.0,0.4,0.06666666666666667,0.06666666666666667,0.0,0.0,0.06666666666666667,0.0,0.0,0.0,0.13333333333333333,0.2,0.06666666666666667,0.0,0.0,0.6332687803760432
ep_16035,RTQHISVMVTGDFNE,15,1733.9,-0.45,0.07,17.25,5.51,-0.91,0.9998675140727485,0.26666666666666666,S463P,False,,0.0,0.0,0.06666666666666667,0.06666666666666667,0.06666666666666667,0.06666666666666667,0.06666666666666667,0.06666666666666667,0.0,0.0,0.06666666666666667,0.06666666666666667,0.0,0.06666666666666667,0.06666666666666667,0.06666666666666667,0.13333333333333333,0.13333333333333333,0.0,0.0,0.6332670903697076
ep_9057,SIHELLGRYIRHFFG,15,1845.11,0.03,0.2,18.46,8.51,1.18,0.9998672307897492,0.26666666666666666,K303R,False,,0.0,0.0,0.0,0.06666666666666667,0.13333333333333333,0.13333333333333333,0.13333333333333333,0.13333333333333333,0.0,0.13333333333333333,0.0,0.0,0.0,0.0,0.13333333333333333,0.06666666666666667,0.0,0.0,0.0,0.06666666666666667,0.6332669487282079
ep_63418,QIAHRDIKPDNIMID,15,1779.03,-0.6,0.0,17.25,5.44,-0.91,0.9998632747052895,0.26666666666666666,K303R,False,,0.06666666666666667,0.0,0.2,0.0,0.0,0.0,0.06666666666666667,0.26666666666666666,0.06666666666666667,0.0,0.06666666666666667,0.06666666666666667,0.06666666666666667,0.06666666666666667,0.06666666666666667,0.0,0.0,0.0,0.0,0.0,0.6332649706859781
ep_48343,QRTAATLRAEARARG,15,1627.81,-0.93,0.0,16.51,12.0,3.0,0.9998600207613506,0.26666666666666666,S463P,False,,0.3333333333333333,0.0,0.0,0.06666666666666667,0.0,0.06666666666666667,0.0,0.0,0.0,0.06666666666666667,0.0,0.0,0.0,0.06666666666666667,0.26666666666666666,0.0,0.13333333333333333,0.0,0.0,0.0,0.6332633437140086
ep_1711,GRISFDEFVNVMTSG,15,1658.83,0.15,0.13,15.64,4.37,-1.0,0.9998586592434072,0.26666666666666666,K303R,False,,0.0,0.0,0.06666666666666667,0.06666666666666667,0.13333333333333333,0.13333333333333333,0.0,0.06666666666666667,0.0,0.0,0.06666666666666667,0.06666666666666667,0.0,0.0,0.06666666666666667,0.13333333333333333,0.06666666666666667,0.13333333333333333,0.0,0.0,0.633262662955037
ep_23603,TWNNFRRRFNKAVGA,15,1837.05,-1.1,0.2,78.36,12.0,4.0,0.99985679118882,0.26666666666666666,K303R,False,,0.13333333333333333,0.0,0.0,0.0,0.13333333333333333,0.06666666666666667,0.0,0.0,0.06666666666666667,0.0,0.0,0.2,0.0,0.0,0.2,0.0,0.06666666666666667,0.06666666666666667,0.06666666666666667,0.0,0.6332617289277434
ep_559,GGGEKGGDEGEGEGD,15,1349.23,-1.87,0.0,13.27,4.05,-4.99,0.9998555447281975,0.26666666666666666,S463P,False,,0.0,0.0,0.13333333333333333,0.26666666666666666,0.0,0.5333333333333333,0.0,0.0,0.06666666666666667,0.0,0.0,0.0,0.0,0.0,0.0,0.0,0.0,0.0,0.0,0.0,0.6332611056974321
ep_30676,MPTATTAATGCASSS,15,1356.48,0.29,0.0,58.65,5.27,-0.05,0.9998524822608779,0.26666666666666666,K303R,False,,0.26666666666666666,0.06666666666666667,0.0,0.0,0.0,0.06666666666666667,0.0,0.0,0.0,0.0,0.06666666666666667,0.0,0.06666666666666667,0.0,0.0,0.2,0.26666666666666666,0.0,0.0,0.0,0.6332595744637722
ep_28253,THIEWDIDPDLPPIM,15,1792.02,-0.29,0.07,78.55,4.05,-3.91,0.9998428140234731,0.26666666666666666,K303R,False,,0.0,0.0,0.2,0.06666666666666667,0.0,0.0,0.06666666666666667,0.2,0.0,0.06666666666666667,0.06666666666666667,0.0,0.2,0.0,0.0,0.0,0.06666666666666667,0.0,0.06666666666666667,0.0,0.6332547403450699
ep_3746,TERMAQCVRDAVQRG,15,1719.94,-0.81,0.0,14.69,7.91,0.96,0.9998424176696239,0.26666666666666666,E380Q,False,,0.13333333333333333,0.06666666666666667,0.06666666666666667,0.06666666666666667,0.0,0.06666666666666667,0.0,0.0,0.0,0.0,0.06666666666666667,0.0,0.0,0.13333333333333333,0.2,0.0,0.06666666666666667,0.13333333333333333,0.0,0.0,0.6332545421681453
ep_64813,RALINILDNAIKYSP,15,1700.98,0.14,0.07,75.1,8.59,1.0,0.9998378697993795,0.26666666666666666,K303R,False,,0.13333333333333333,0.0,0.06666666666666667,0.0,0.0,0.0,0.0,0.2,0.06666666666666667,0.13333333333333333,0.0,0.13333333333333333,0.06666666666666667,0.0,0.06666666666666667,0.06666666666666667,0.0,0.0,0.0,0.06666666666666667,0.633252268233023
ep_14453,AALEMAKQAAQSAAG,15,1417.59,0.18,0.0,62.61,6.05,-0.0,0.9998370369573836,0.26666666666666666,K303R,False,,0.4666666666666667,0.0,0.0,0.06666666666666667,0.0,0.06666666666666667,0.0,0.0,0.06666666666666667,0.06666666666666667,0.06666666666666667,0.0,0.0,0.13333333333333333,0.0,0.06666666666666667,0.0,0.0,0.0,0.0,0.6332518518120251
ep_41138,HTHTHTRTHTESHVH,15,1817.88,-1.82,0.0,14.91,7.21,0.55,0.9998365194864981,0.26666666666666666,E380Q,False,,0.0,0.0,0.0,0.06666666666666667,0.0,0.0,0.4,0.0,0.0,0.0,0.0,0.0,0.0,0.0,0.06666666666666667,0.06666666666666667,0.3333333333333333,0.06666666666666667,0.0,0.0,0.6332515930765824
ep_44912,TPHHPTPHPPTSHTT,15,1644.75,-1.67,0.0,13.31,6.82,0.36,0.9998343981309614,0.26666666666666666,S463P,False,,0.0,0.0,0.0,0.0,0.0,0.0,0.26666666666666666,0.0,0.0,0.0,0.0,0.0,0.3333333333333333,0.0,0.0,0.06666666666666667,0.3333333333333333,0.0,0.0,0.0,0.633250532398814
ep_41531,MAVCQALGIPARLVT,15,1542.91,1.31,0.0,12.13,8.0,0.95,0.9998287281673232,0.26666666666666666,K303R,False,,0.2,0.06666666666666667,0.0,0.0,0.0,0.06666666666666667,0.0,0.06666666666666667,0.0,0.13333333333333333,0.06666666666666667,0.0,0.06666666666666667,0.06666666666666667,0.06666666666666667,0.0,0.06666666666666667,0.13333333333333333,0.0,0.0,0.6332476974169949
ep_41442,HRPPRRPDGPPHGPR,15,1728.92,-2.55,0.0,76.89,12.0,3.18,0.9998237798077901,0.26666666666666666,K303R,False,,0.0,0.0,0.06666666666666667,0.0,0.0,0.13333333333333333,0.13333333333333333,0.0,0.0,0.0,0.0,0.0,0.4,0.0,0.26666666666666666,0.0,0.0,0.0,0.0,0.0,0.6332452232372284
ep_4911,NIPRTTFYNRMKRAV,15,1867.18,-0.9,0.13,83.37,11.72,4.0,0.9998230174106405,0.26666666666666666,K303R,False,,0.06666666666666667,0.0,0.0,0.0,0.06666666666666667,0.0,0.0,0.06666666666666667,0.06666666666666667,0.0,0.06666666666666667,0.13333333333333333,0.06666666666666667,0.0,0.2,0.0,0.13333333333333333,0.06666666666666667,0.0,0.06666666666666667,0.6332448420386536
ep_12327,QICQALAFLHARNVV,15,1682.99,0.87,0.07,12.53,8.26,1.04,0.9998221554384968,0.26666666666666666,E380Q,False,,0.2,0.06666666666666667,0.0,0.0,0.06666666666666667,0.0,0.06666666666666667,0.06666666666666667,0.0,0.13333333333333333,0.0,0.06666666666666667,0.0,0.13333333333333333,0.06666666666666667,0.0,0.0,0.13333333333333333,0.0,0.0,0.6332444110525818
ep_62592,VHTRHEQESYISHHI,15,1872.99,-1.21,0.07,84.96,6.42,-0.64,0.9998167424081615,0.26666666666666666,E380Q,False,,0.0,0.0,0.0,0.13333333333333333,0.0,0.0,0.26666666666666666,0.13333333333333333,0.0,0.0,0.0,0.0,0.0,0.06666666666666667,0.06666666666666667,0.13333333333333333,0.06666666666666667,0.06666666666666667,0.0,0.06666666666666667,0.6332417045374141
ep_33219,EMNEMMNLMTIIYYF,15,1943.33,0.39,0.2,13.72,4.05,-2.0,0.9998149998371257,0.26666666666666666,Y537S,False,,0.0,0.0,0.0,0.13333333333333333,0.06666666666666667,0.0,0.0,0.13333333333333333,0.0,0.06666666666666667,0.26666666666666666,0.13333333333333333,0.0,0.0,0.0,0.0,0.06666666666666667,0.0,0.0,0.13333333333333333,0.6332408332518962
ep_16308,RFALALAAFHAMRPC,15,1675.03,0.85,0.13,12.12,10.35,2.04,0.9998146974508642,0.26666666666666666,E380Q,False,,0.3333333333333333,0.06666666666666667,0.0,0.0,0.13333333333333333,0.0,0.06666666666666667,0.0,0.0,0.13333333333333333,0.06666666666666667,0.0,0.06666666666666667,0.0,0.13333333333333333,0.0,0.0,0.0,0.0,0.0,0.6332406820587654
ep_4886,VGCRVQVHRHAATVL,15,1645.93,0.45,0.0,11.49,10.35,2.14,0.9998093689455575,0.26666666666666666,E380Q,False,,0.13333333333333333,0.06666666666666667,0.0,0.0,0.0,0.06666666666666667,0.13333333333333333,0.0,0.0,0.06666666666666667,0.0,0.0,0.0,0.06666666666666667,0.13333333333333333,0.0,0.06666666666666667,0.26666666666666666,0.0,0.0,0.6332380178061121
ep_23735,DVIAYNAAMSACAQG,15,1484.65,0.61,0.07,67.92,4.05,-1.05,0.9998084753704602,0.26666666666666666,E380Q,False,,0.3333333333333333,0.06666666666666667,0.06666666666666667,0.0,0.0,0.06666666666666667,0.0,0.06666666666666667,0.0,0.0,0.06666666666666667,0.06666666666666667,0.0,0.06666666666666667,0.0,0.06666666666666667,0.0,0.06666666666666667,0.0,0.06666666666666667,0.6332375710185635
ep_35931,ASWRAVLRGAALVAA,15,1511.77,1.05,0.07,10.85,12.0,2.0,0.9998060983906972,0.26666666666666666,K303R,False,,0.4,0.0,0.0,0.0,0.0,0.06666666666666667,0.0,0.0,0.0,0.13333333333333333,0.0,0.0,0.0,0.0,0.13333333333333333,0.06666666666666667,0.0,0.13333333333333333,0.06666666666666667,0.0,0.633236382528682
ep_42268,EQKSFIIDGISMNYE,15,1773.96,-0.43,0.13,11.49,4.43,-2.0,0.9998043314212228,0.26666666666666666,K303R,False,,0.0,0.0,0.06666666666666667,0.13333333333333333,0.06666666666666667,0.06666666666666667,0.0,0.2,0.06666666666666667,0.0,0.06666666666666667,0.06666666666666667,0.0,0.06666666666666667,0.0,0.13333333333333333,0.0,0.0,0.0,0.06666666666666667,0.6332354990439447
ep_26088,HHVQPALPHPGPAVP,15,1553.77,-0.38,0.0,71.61,7.02,0.27,0.9998018075481759,0.26666666666666666,E380Q,False,,0.13333333333333333,0.0,0.0,0.0,0.0,0.06666666666666667,0.2,0.0,0.0,0.06666666666666667,0.0,0.0,0.3333333333333333,0.06666666666666667,0.0,0.0,0.0,0.13333333333333333,0.0,0.0,0.6332342371074213
ep_21864,RLLDLSSNNFSGPIP,15,1629.81,-0.15,0.07,10.23,5.84,-0.0,0.9998009407900643,0.26666666666666666,K303R,False,,0.0,0.0,0.06666666666666667,0.0,0.06666666666666667,0.06666666666666667,0.0,0.06666666666666667,0.0,0.2,0.0,0.13333333333333333,0.13333333333333333,0.0,0.06666666666666667,0.2,0.0,0.0,0.0,0.0,0.6332338037283655
ep_22045,TSHTTLPHPTPTPHT,15,1624.75,-1.15,0.0,10.2,6.73,0.27,0.9998001852527157,0.26666666666666666,E380Q,False,,0.0,0.0,0.0,0.0,0.0,0.0,0.2,0.0,0.0,0.06666666666666667,0.0,0.0,0.26666666666666666,0.0,0.0,0.06666666666666667,0.4,0.0,0.0,0.0,0.6332334259596912
ep_27348,TAAAERIRTLVATAG,15,1500.7,0.43,0.0,9.33,9.26,1.0,0.9997947141240708,0.26666666666666666,E380Q,False,,0.3333333333333333,0.0,0.0,0.06666666666666667,0.0,0.06666666666666667,0.0,0.06666666666666667,0.0,0.06666666666666667,0.0,0.0,0.0,0.0,0.13333333333333333,0.0,0.2,0.06666666666666667,0.0,0.0,0.6332306903953687
ep_41742,AVLAWFFVAAATAVL,15,1549.85,2.33,0.2,9.33,5.57,-0.0,0.9997946117244496,0.26666666666666666,E380Q,False,,0.4,0.0,0.0,0.0,0.13333333333333333,0.0,0.0,0.0,0.0,0.13333333333333333,0.0,0.0,0.0,0.0,0.0,0.0,0.06666666666666667,0.2,0.06666666666666667,0.0,0.6332306391955581
ep_7107,TAVAAPVAPVAAVAV,15,1306.55,1.98,0.0,60.69,5.18,-0.0,0.9997908282186582,0.26666666666666666,L536H,False,,0.4666666666666667,0.0,0.0,0.0,0.0,0.0,0.0,0.0,0.0,0.0,0.0,0.0,0.13333333333333333,0.0,0.0,0.0,0.06666666666666667,0.3333333333333333,0.0,0.0,0.6332287474426624
ep_60754,DIASSVTAELKNCGF,15,1554.72,0.29,0.07,8.93,4.37,-1.04,0.9997897121060286,0.26666666666666666,K303R,False,,0.13333333333333333,0.06666666666666667,0.06666666666666667,0.06666666666666667,0.06666666666666667,0.06666666666666667,0.0,0.06666666666666667,0.06666666666666667,0.06666666666666667,0.0,0.06666666666666667,0.0,0.0,0.0,0.13333333333333333,0.06666666666666667,0.06666666666666667,0.0,0.0,0.6332281893863476
ep_16994,AAIGWLGIVIALGYL,15,1529.86,2.07,0.13,8.81,5.57,-0.0,0.9997893508019806,0.26666666666666666,K303R,False,,0.2,0.0,0.0,0.0,0.0,0.2,0.0,0.2,0.0,0.2,0.0,0.0,0.0,0.0,0.0,0.0,0.0,0.06666666666666667,0.06666666666666667,0.06666666666666667,0.6332280087343236
ep_36768,KEFYTETHNYKTFHI,15,1958.13,-1.29,0.27,91.55,6.92,0.18,0.9997888199450146,0.26666666666666666,S463P,False,,0.0,0.0,0.0,0.13333333333333333,0.13333333333333333,0.0,0.13333333333333333,0.06666666666666667,0.13333333333333333,0.0,0.0,0.06666666666666667,0.0,0.0,0.0,0.0,0.2,0.0,0.0,0.13333333333333333,0.6332277433058406
ep_7331,DSFQKTMSNICKAIQ,15,1713.97,-0.41,0.07,80.76,8.2,0.95,0.9997808031707971,0.26666666666666666,K303R,False,,0.06666666666666667,0.06666666666666667,0.06666666666666667,0.0,0.06666666666666667,0.0,0.0,0.13333333333333333,0.13333333333333333,0.0,0.06666666666666667,0.06666666666666667,0.0,0.13333333333333333,0.0,0.13333333333333333,0.06666666666666667,0.0,0.0,0.0,0.6332237349187319
ep_60856,VPPAIFAEFWQSVAA,15,1632.85,0.92,0.2,77.15,4.05,-1.0,0.9997788838240118,0.26666666666666666,K303R,False,,0.26666666666666666,0.0,0.0,0.06666666666666667,0.13333333333333333,0.0,0.0,0.06666666666666667,0.0,0.0,0.0,0.0,0.13333333333333333,0.06666666666666667,0.0,0.06666666666666667,0.0,0.13333333333333333,0.06666666666666667,0.0,0.6332227752453392
ep_26323,THKTYTIKFNKRHYF,15,1984.26,-1.38,0.27,93.45,10.17,4.18,0.9997772963242721,0.26666666666666666,K303R,False,,0.0,0.0,0.0,0.0,0.13333333333333333,0.0,0.13333333333333333,0.06666666666666667,0.2,0.0,0.0,0.06666666666666667,0.0,0.0,0.06666666666666667,0.0,0.2,0.0,0.0,0.13333333333333333,0.6332219814954694
ep_53366,WRLPRPRPPPPPTPC,15,1767.11,-1.44,0.07,84.13,11.7,2.95,0.9997641838048915,0.26666666666666666,K303R,False,,0.0,0.06666666666666667,0.0,0.0,0.0,0.0,0.0,0.0,0.0,0.06666666666666667,0.0,0.0,0.5333333333333333,0.0,0.2,0.0,0.06666666666666667,0.0,0.06666666666666667,0.0,0.6332154252357791
ep_16298,DVNGDGRISFDEFVN,15,1683.73,-0.57,0.13,7.54,4.05,-3.0,0.9997619790209357,0.26666666666666666,Y537S,False,,0.0,0.0,0.2,0.06666666666666667,0.13333333333333333,0.13333333333333333,0.0,0.06666666666666667,0.0,0.0,0.0,0.13333333333333333,0.0,0.0,0.06666666666666667,0.06666666666666667,0.0,0.13333333333333333,0.0,0.0,0.6332143228438012
ep_39657,TEEEAMQYYEWLQHN,15,1971.06,-1.63,0.2,94.51,4.09,-3.91,0.999761300614873,0.26666666666666666,E380Q,False,,0.06666666666666667,0.0,0.0,0.26666666666666666,0.0,0.0,0.06666666666666667,0.0,0.0,0.06666666666666667,0.06666666666666667,0.06666666666666667,0.0,0.13333333333333333,0.0,0.0,0.06666666666666667,0.0,0.06666666666666667,0.13333333333333333,0.6332139836407699
ep_10628,IFMLVWISVMAWAIW,15,1866.34,2.16,0.27,7.54,5.53,-0.0,0.9997533717048279,0.26666666666666666,K303R,False,,0.13333333333333333,0.0,0.0,0.0,0.06666666666666667,0.0,0.0,0.2,0.0,0.06666666666666667,0.13333333333333333,0.0,0.0,0.0,0.0,0.06666666666666667,0.0,0.13333333333333333,0.2,0.0,0.6332100191857473
ep_28994,TAATLRAEARARGVD,15,1557.71,-0.35,0.0,6.49,9.17,1.0,0.999752712356687,0.26666666666666666,S463P,False,,0.3333333333333333,0.0,0.06666666666666667,0.06666666666666667,0.0,0.06666666666666667,0.0,0.0,0.0,0.06666666666666667,0.0,0.0,0.0,0.0,0.2,0.0,0.13333333333333333,0.06666666666666667,0.0,0.0,0.6332096895116768
ep_39717,RGRTRAGGRERAGEG,15,1585.69,-1.91,0.0,6.87,11.82,3.0,0.9997484440360802,0.26666666666666666,S463P,False,,0.13333333333333333,0.0,0.0,0.13333333333333333,0.0,0.3333333333333333,0.0,0.0,0.0,0.0,0.0,0.0,0.0,0.0,0.3333333333333333,0.0,0.06666666666666667,0.0,0.0,0.0,0.6332075553513734
ep_23404,KHIEIDCHFIRDCVE,15,1857.12,-0.22,0.07,90.55,5.43,-1.9,0.9997462174528396,0.26666666666666666,E380Q,False,,0.0,0.13333333333333333,0.13333333333333333,0.13333333333333333,0.06666666666666667,0.0,0.13333333333333333,0.2,0.06666666666666667,0.0,0.0,0.0,0.0,0.0,0.06666666666666667,0.0,0.0,0.06666666666666667,0.0,0.0,0.6332064420597532
ep_47241,TPAPPRTDHPAPPTG,15,1511.64,-1.31,0.0,73.77,6.41,0.09,0.9997439530055509,0.26666666666666666,E380Q,False,,0.13333333333333333,0.0,0.06666666666666667,0.0,0.0,0.06666666666666667,0.06666666666666667,0.0,0.0,0.0,0.0,0.0,0.4,0.0,0.06666666666666667,0.0,0.2,0.0,0.0,0.0,0.6332053098361088
ep_6939,PPPQRPHPPHPHQAP,15,1689.88,-2.14,0.0,82.53,10.18,1.27,0.9997397941934351,0.26666666666666666,E380Q,False,,0.06666666666666667,0.0,0.0,0.0,0.0,0.0,0.2,0.0,0.0,0.0,0.0,0.0,0.5333333333333333,0.13333333333333333,0.06666666666666667,0.0,0.0,0.0,0.0,0.0,0.6332032304300509
ep_53131,GGEKGGDEGEGEGDD,15,1407.26,-2.08,0.0,5.05,4.05,-5.99,0.9997325346144185,0.26666666666666666,S463P,False,,0.0,0.0,0.2,0.26666666666666666,0.0,0.4666666666666667,0.0,0.0,0.06666666666666667,0.0,0.0,0.0,0.0,0.0,0.0,0.0,0.0,0.0,0.0,0.0,0.6331996006405426
ep_31811,HERTKHIEIDCHFIR,15,1934.19,-0.99,0.07,95.58,7.02,0.23,0.9997310237618067,0.26666666666666666,E380Q,False,,0.0,0.06666666666666667,0.06666666666666667,0.13333333333333333,0.06666666666666667,0.0,0.2,0.2,0.06666666666666667,0.0,0.0,0.0,0.0,0.0,0.13333333333333333,0.0,0.06666666666666667,0.0,0.0,0.0,0.6331988452142366
ep_41530,AARTGTAAAAPSPAQ,15,1340.44,-0.08,0.0,65.83,9.8,1.0,0.9997272630524193,0.26666666666666666,S463P,False,,0.4666666666666667,0.0,0.0,0.0,0.0,0.06666666666666667,0.0,0.0,0.0,0.0,0.0,0.0,0.13333333333333333,0.06666666666666667,0.06666666666666667,0.06666666666666667,0.13333333333333333,0.0,0.0,0.0,0.633196964859543
ep_49722,FHERTKHIEIDCHFI,15,1925.17,-0.51,0.13,95.58,6.27,-0.77,0.9997259423859893,0.26666666666666666,E380Q,False,,0.0,0.06666666666666667,0.06666666666666667,0.13333333333333333,0.13333333333333333,0.0,0.2,0.2,0.06666666666666667,0.0,0.0,0.0,0.0,0.0,0.06666666666666667,0.0,0.06666666666666667,0.0,0.0,0.0,0.633196304526328
ep_33091,HKHTHTHSHTVSNHT,15,1760.83,-1.79,0.0,5.01,8.79,1.54,0.9997241115665179,0.26666666666666666,E380Q,False,,0.0,0.0,0.0,0.0,0.0,0.0,0.4,0.0,0.06666666666666667,0.0,0.0,0.06666666666666667,0.0,0.0,0.0,0.13333333333333333,0.26666666666666666,0.06666666666666667,0.0,0.0,0.6331953891165922
ep_62852,TQTDIIQICINSGLI,15,1631.89,0.81,0.0,4.31,4.05,-1.05,0.9997214622762371,0.26666666666666666,K303R,False,,0.0,0.06666666666666667,0.06666666666666667,0.0,0.0,0.06666666666666667,0.0,0.3333333333333333,0.0,0.06666666666666667,0.0,0.06666666666666667,0.0,0.13333333333333333,0.0,0.06666666666666667,0.13333333333333333,0.0,0.0,0.0,0.6331940644714519
ep_44605,PPPPPLHPPPHTTPL,15,1594.85,-0.97,0.0,79.43,7.33,0.18,0.9997212780283622,0.26666666666666666,K303R,False,,0.0,0.0,0.0,0.0,0.0,0.0,0.13333333333333333,0.0,0.0,0.13333333333333333,0.0,0.0,0.6,0.0,0.0,0.0,0.13333333333333333,0.0,0.0,0.0,0.6331939723475144
ep_51061,QESYINNFNGKINVV,15,1738.89,-0.48,0.13,3.65,6.0,-0.0,0.9997090189928701,0.26666666666666666,K303R,False,,0.0,0.0,0.0,0.06666666666666667,0.06666666666666667,0.06666666666666667,0.0,0.13333333333333333,0.06666666666666667,0.0,0.0,0.26666666666666666,0.0,0.06666666666666667,0.0,0.06666666666666667,0.0,0.13333333333333333,0.0,0.06666666666666667,0.6331878428297684
ep_44101,WRARTAAAVLAVTAL,15,1569.85,1.03,0.07,3.67,12.0,2.0,0.9997040729183558,0.26666666666666666,K303R,False,,0.4,0.0,0.0,0.0,0.0,0.0,0.0,0.0,0.0,0.13333333333333333,0.0,0.0,0.0,0.0,0.13333333333333333,0.0,0.13333333333333333,0.13333333333333333,0.06666666666666667,0.0,0.6331853697925113
ep_66256,TRTSSSSSSATTTST,15,1461.44,-0.83,0.0,73.53,9.41,1.0,0.9997038628291642,0.26666666666666666,S463P,False,,0.06666666666666667,0.0,0.0,0.0,0.0,0.0,0.0,0.0,0.0,0.0,0.0,0.0,0.0,0.0,0.06666666666666667,0.4666666666666667,0.4,0.0,0.0,0.0,0.6331852647479155
ep_63201,ATRAAAAALPQPPLP,15,1444.68,0.22,0.0,73.53,9.8,1.0,0.9996887325401106,0.26666666666666666,E380Q,False,,0.4,0.0,0.0,0.0,0.0,0.0,0.0,0.0,0.0,0.13333333333333333,0.0,0.0,0.26666666666666666,0.06666666666666667,0.06666666666666667,0.0,0.06666666666666667,0.0,0.0,0.0,0.6331776996033887
ep_13792,TVSNHTHTHTRTHTE,15,1758.81,-1.67,0.0,2.07,6.83,0.36,0.9996855587929622,0.26666666666666666,S463P,False,,0.0,0.0,0.0,0.06666666666666667,0.0,0.0,0.26666666666666666,0.0,0.0,0.0,0.0,0.06666666666666667,0.0,0.0,0.06666666666666667,0.06666666666666667,0.4,0.06666666666666667,0.0,0.0,0.6331761127298144
ep_47555,ATTASVTAAPAVPAP,15,1324.48,0.77,0.0,67.87,5.57,-0.0,0.9996838970652683,0.26666666666666666,L536H,False,,0.4,0.0,0.0,0.0,0.0,0.0,0.0,0.0,0.0,0.0,0.0,0.0,0.2,0.0,0.0,0.06666666666666667,0.2,0.13333333333333333,0.0,0.0,0.6331752818659675
ep_12447,TQPHHHHSHTHTHTH,15,1831.87,-2.29,0.0,2.07,7.05,0.73,0.9996837707014818,0.26666666666666666,S463P,False,,0.0,0.0,0.0,0.0,0.0,0.0,0.5333333333333333,0.0,0.0,0.0,0.0,0.0,0.06666666666666667,0.06666666666666667,0.0,0.06666666666666667,0.26666666666666666,0.0,0.0,0.0,0.6331752186840742
ep_10866,TIAAEISRRLAANPE,15,1611.8,-0.17,0.0,82.87,5.95,0.0,0.9996832979300059,0.26666666666666666,K303R,False,,0.26666666666666666,0.0,0.0,0.13333333333333333,0.0,0.0,0.0,0.13333333333333333,0.0,0.06666666666666667,0.0,0.06666666666666667,0.06666666666666667,0.0,0.13333333333333333,0.06666666666666667,0.06666666666666667,0.0,0.0,0.0,0.6331749822983362
ep_4828,FTYIQVYVFVWVIIH,15,1927.29,1.67,0.33,1.85,6.74,0.09,0.999680438919054,0.26666666666666666,E380Q,False,,0.0,0.0,0.0,0.0,0.13333333333333333,0.0,0.06666666666666667,0.2,0.0,0.0,0.0,0.0,0.0,0.06666666666666667,0.0,0.0,0.06666666666666667,0.26666666666666666,0.06666666666666667,0.13333333333333333,0.6331735527928604
ep_12753,RAAAKRKEAEEAERR,15,1770.95,-2.05,0.0,90.99,9.97,2.0,0.9996800129434229,0.26666666666666666,K303R,False,,0.3333333333333333,0.0,0.0,0.26666666666666666,0.0,0.0,0.0,0.0,0.13333333333333333,0.0,0.0,0.0,0.0,0.0,0.26666666666666666,0.0,0.0,0.0,0.0,0.0,0.6331733398050448
ep_9159,RHHSFPFEIFIHQSD,15,1897.06,-0.69,0.2,98.21,6.27,-0.73,0.9996742445329199,0.26666666666666666,K303R,False,,0.0,0.0,0.06666666666666667,0.06666666666666667,0.2,0.0,0.2,0.13333333333333333,0.0,0.0,0.0,0.0,0.06666666666666667,0.06666666666666667,0.06666666666666667,0.13333333333333333,0.0,0.0,0.0,0.0,0.6331704555997932
ep_58104,GLGGGGGGSDPFAGL,15,1218.27,0.21,0.07,63.31,4.05,-1.0,0.9996627552327243,0.26666666666666666,S463P,False,,0.06666666666666667,0.0,0.06666666666666667,0.0,0.06666666666666667,0.5333333333333333,0.0,0.0,0.0,0.13333333333333333,0.0,0.0,0.06666666666666667,0.0,0.0,0.06666666666666667,0.0,0.0,0.0,0.0,0.6331647109496955
ep_32009,RPPRRPDGPPHGPRH,15,1728.92,-2.55,0.0,89.73,12.0,3.18,0.9996613173386039,0.26666666666666666,K303R,False,,0.0,0.0,0.06666666666666667,0.0,0.0,0.13333333333333333,0.13333333333333333,0.0,0.0,0.0,0.0,0.0,0.4,0.0,0.26666666666666666,0.0,0.0,0.0,0.0,0.0,0.6331639920026353
ep_42244,KQIIQTLIECLVRFH,15,1841.22,0.52,0.07,96.52,8.23,1.05,0.9996568194593558,0.26666666666666666,E380Q,False,,0.0,0.06666666666666667,0.0,0.06666666666666667,0.06666666666666667,0.0,0.06666666666666667,0.2,0.06666666666666667,0.13333333333333333,0.0,0.0,0.0,0.13333333333333333,0.06666666666666667,0.0,0.06666666666666667,0.06666666666666667,0.0,0.0,0.6331617430630112
ep_46055,DGPEDHGGEEEGGEG,15,1470.32,-2.11,0.0,76.71,4.05,-6.9,0.9996519834381273,0.26666666666666666,S463P,False,,0.0,0.0,0.13333333333333333,0.3333333333333333,0.0,0.4,0.06666666666666667,0.0,0.0,0.0,0.0,0.0,0.06666666666666667,0.0,0.0,0.0,0.0,0.0,0.0,0.0,0.633159325052397
ep_42534,PPPGMPGPHMMMPHG,15,1570.92,-0.64,0.0,82.85,7.33,0.18,0.9996480138039741,0.26666666666666666,L536H,False,,0.0,0.0,0.0,0.0,0.0,0.2,0.13333333333333333,0.0,0.0,0.0,0.26666666666666666,0.0,0.4,0.0,0.0,0.0,0.0,0.0,0.0,0.0,0.6331573402353203
ep_96,TSSSSSSATTTSTTS,15,1392.34,-0.59,0.0,73.53,5.18,-0.0,0.9996450325998442,0.26666666666666666,S463P,False,,0.06666666666666667,0.0,0.0,0.0,0.0,0.0,0.0,0.0,0.0,0.0,0.0,0.0,0.0,0.0,0.0,0.5333333333333333,0.4,0.0,0.0,0.0,0.6331558496332554
ep_23492,PFMPRWVLYAAFLVA,15,1781.17,1.27,0.27,94.75,9.18,1.0,0.999635362313256,0.26666666666666666,K303R,False,,0.2,0.0,0.0,0.0,0.13333333333333333,0.0,0.0,0.0,0.0,0.13333333333333333,0.06666666666666667,0.0,0.13333333333333333,0.0,0.06666666666666667,0.0,0.0,0.13333333333333333,0.06666666666666667,0.06666666666666667,0.6331510144899614
ep_21506,QHPPGRQHPPGRRHP,15,1753.93,-2.59,0.0,93.12,12.0,3.27,0.9996304153788462,0.26666666666666666,K303R,False,,0.0,0.0,0.0,0.0,0.0,0.13333333333333333,0.2,0.0,0.0,0.0,0.0,0.0,0.3333333333333333,0.13333333333333333,0.2,0.0,0.0,0.0,0.0,0.0,0.6331485410227564
ep_17033,ASLADRAAAAAEGRD,15,1444.51,-0.29,0.0,-1.35,4.78,-1.0,0.9996297164460983,0.26666666666666666,K303R,False,,0.4666666666666667,0.0,0.13333333333333333,0.06666666666666667,0.0,0.06666666666666667,0.0,0.0,0.0,0.06666666666666667,0.0,0.0,0.0,0.0,0.13333333333333333,0.06666666666666667,0.0,0.0,0.0,0.0,0.6331481915563825
ep_64688,AADAEAKAKAEADAA,15,1402.46,-0.37,0.0,-1.99,4.32,-2.0,0.9996151947227216,0.26666666666666666,L536H,False,,0.6,0.0,0.13333333333333333,0.13333333333333333,0.0,0.0,0.0,0.0,0.13333333333333333,0.0,0.0,0.0,0.0,0.0,0.0,0.0,0.0,0.0,0.0,0.0,0.6331409306946941
ep_4927,RGTRRSGARSTTRTT,15,1663.8,-1.77,0.0,89.13,12.0,5.0,0.9996135937819206,0.26666666666666666,K303R,False,,0.06666666666666667,0.0,0.0,0.0,0.0,0.13333333333333333,0.0,0.0,0.0,0.0,0.0,0.0,0.0,0.0,0.3333333333333333,0.13333333333333333,0.3333333333333333,0.0,0.0,0.0,0.6331401302242936
ep_37168,GTAGTGGEGAGGSGS,15,1122.06,-0.41,0.0,-1.88,4.05,-1.0,0.9995993875398017,0.26666666666666666,S463P,False,,0.13333333333333333,0.0,0.0,0.06666666666666667,0.0,0.5333333333333333,0.0,0.0,0.0,0.0,0.0,0.0,0.0,0.0,0.0,0.13333333333333333,0.13333333333333333,0.0,0.0,0.0,0.6331330271032342
ep_40840,PSPVAAAAAAASAAG,15,1182.28,1.01,0.0,64.31,5.95,-0.0,0.9995946797829454,0.26666666666666666,K303R,False,,0.6,0.0,0.0,0.0,0.0,0.06666666666666667,0.0,0.0,0.0,0.0,0.0,0.0,0.13333333333333333,0.0,0.0,0.13333333333333333,0.0,0.06666666666666667,0.0,0.0,0.633130673224806
ep_64675,FIFTYIQVYVFVWVI,15,1937.32,2.07,0.4,-6.38,5.52,-0.0,0.9995636890040197,0.26666666666666666,E380Q,False,,0.0,0.0,0.0,0.0,0.2,0.0,0.0,0.2,0.0,0.0,0.0,0.0,0.0,0.06666666666666667,0.0,0.0,0.06666666666666667,0.26666666666666666,0.06666666666666667,0.13333333333333333,0.6331151778353432
ep_44210,FVYTYIYIQICVSVC,15,1814.17,1.67,0.27,-6.38,5.51,-0.09,0.9995576199473931,0.26666666666666666,E380Q,False,,0.0,0.13333333333333333,0.0,0.0,0.06666666666666667,0.0,0.0,0.2,0.0,0.0,0.0,0.0,0.0,0.06666666666666667,0.0,0.06666666666666667,0.06666666666666667,0.2,0.0,0.2,0.6331121433070299
ep_26807,AAAACPLCRAALPPG,15,1381.67,0.91,0.0,77.15,8.11,0.91,0.9995569367300635,0.26666666666666666,K303R,False,,0.4,0.13333333333333333,0.0,0.0,0.0,0.06666666666666667,0.0,0.0,0.0,0.13333333333333333,0.0,0.0,0.2,0.0,0.06666666666666667,0.0,0.0,0.0,0.0,0.0,0.6331118016983651
ep_64847,AWIWTLIVAASAFAI,15,1632.94,2.0,0.2,-6.35,5.57,-0.0,0.9995461940822492,0.26666666666666666,K303R,False,,0.3333333333333333,0.0,0.0,0.0,0.06666666666666667,0.0,0.0,0.2,0.0,0.06666666666666667,0.0,0.0,0.0,0.0,0.0,0.06666666666666667,0.06666666666666667,0.06666666666666667,0.13333333333333333,0.0,0.6331064303744579
ep_6578,MSRAAAKRKEAEEAE,15,1676.85,-1.38,0.0,94.93,6.14,0.0,0.9995392139140477,0.26666666666666666,K303R,False,,0.3333333333333333,0.0,0.0,0.26666666666666666,0.0,0.0,0.0,0.0,0.13333333333333333,0.0,0.06666666666666667,0.0,0.0,0.0,0.13333333333333333,0.06666666666666667,0.0,0.0,0.0,0.0,0.6331029402903572
ep_49738,YNVRKCVIKALAIIV,15,1703.14,1.26,0.07,-7.01,9.79,2.95,0.9995350184852982,0.26666666666666666,L536H,False,,0.13333333333333333,0.06666666666666667,0.0,0.0,0.0,0.0,0.0,0.2,0.13333333333333333,0.06666666666666667,0.0,0.06666666666666667,0.0,0.0,0.06666666666666667,0.0,0.0,0.2,0.0,0.06666666666666667,0.6331008425759824
ep_44664,PHRRHRPPPGGRGRG,15,1689.89,-2.46,0.0,95.79,12.0,5.18,0.999523717385588,0.26666666666666666,K303R,False,,0.0,0.0,0.0,0.0,0.0,0.26666666666666666,0.13333333333333333,0.0,0.0,0.0,0.0,0.0,0.26666666666666666,0.0,0.3333333333333333,0.0,0.0,0.0,0.0,0.0,0.6330951920261273
ep_56996,ARSPALAAAAVQAVL,15,1408.65,1.21,0.0,80.76,9.8,1.0,0.9995088409112425,0.26666666666666666,K303R,False,,0.4666666666666667,0.0,0.0,0.0,0.0,0.0,0.0,0.0,0.0,0.13333333333333333,0.0,0.0,0.06666666666666667,0.06666666666666667,0.06666666666666667,0.06666666666666667,0.0,0.13333333333333333,0.0,0.0,0.6330877537889545
ep_60217,HGPHAGPMQGSHMGP,15,1497.66,-0.98,0.0,-7.63,7.02,0.27,0.9995075512365922,0.26666666666666666,K303R,False,,0.06666666666666667,0.0,0.0,0.0,0.0,0.26666666666666666,0.2,0.0,0.0,0.0,0.13333333333333333,0.0,0.2,0.06666666666666667,0.0,0.06666666666666667,0.0,0.0,0.0,0.0,0.6330871089516295
ep_51156,IEKEEAAIKLQSFAR,15,1732.97,-0.41,0.07,100.07,6.23,0.0,0.9995048617964171,0.26666666666666666,K303R,False,,0.2,0.0,0.0,0.2,0.06666666666666667,0.0,0.0,0.13333333333333333,0.13333333333333333,0.06666666666666667,0.0,0.0,0.0,0.06666666666666667,0.06666666666666667,0.06666666666666667,0.0,0.0,0.0,0.0,0.6330857642315418
ep_32448,THTESVACTDMEQDT,15,1667.73,-0.93,0.0,96.67,4.05,-3.95,0.9994951754736185,0.26666666666666666,E380Q,False,,0.06666666666666667,0.06666666666666667,0.13333333333333333,0.13333333333333333,0.0,0.0,0.06666666666666667,0.0,0.0,0.0,0.06666666666666667,0.0,0.0,0.06666666666666667,0.0,0.06666666666666667,0.26666666666666666,0.06666666666666667,0.0,0.0,0.6330809210701426
ep_22958,PPFHPGPPPGMPGPH,15,1518.74,-1.05,0.07,88.07,7.33,0.18,0.9994950156378186,0.26666666666666666,L536H,False,,0.0,0.0,0.0,0.0,0.06666666666666667,0.2,0.13333333333333333,0.0,0.0,0.0,0.06666666666666667,0.0,0.5333333333333333,0.0,0.0,0.0,0.0,0.0,0.0,0.0,0.6330808411522426
ep_29176,NVRKCVIKALAIIVK,15,1668.14,1.09,0.0,-8.93,10.32,3.95,0.9994940881569097,0.26666666666666666,L536H,False,,0.13333333333333333,0.06666666666666667,0.0,0.0,0.0,0.0,0.0,0.2,0.2,0.06666666666666667,0.0,0.06666666666666667,0.0,0.0,0.06666666666666667,0.0,0.0,0.2,0.0,0.0,0.6330803774117881
ep_35958,VRKCVIKALAIIVKK,15,1682.21,1.06,0.0,-8.93,10.48,4.95,0.9994937023368353,0.26666666666666666,K303R,False,,0.13333333333333333,0.06666666666666667,0.0,0.0,0.0,0.0,0.0,0.2,0.26666666666666666,0.06666666666666667,0.0,0.0,0.0,0.0,0.06666666666666667,0.0,0.0,0.2,0.0,0.0,0.633080184501751
ep_29751,GTAAAAPSPAQAAAA,15,1225.31,0.51,0.0,71.49,5.53,-0.0,0.9994788386382649,0.26666666666666666,S463P,False,,0.6,0.0,0.0,0.0,0.0,0.06666666666666667,0.0,0.0,0.0,0.0,0.0,0.0,0.13333333333333333,0.06666666666666667,0.0,0.06666666666666667,0.06666666666666667,0.0,0.0,0.0,0.6330727526524658
ep_33126,KHTHTHSHTVSNHTH,15,1760.83,-1.79,0.0,-10.77,8.79,1.54,0.9994745741147459,0.26666666666666666,E380Q,False,,0.0,0.0,0.0,0.0,0.0,0.0,0.4,0.0,0.06666666666666667,0.0,0.0,0.06666666666666667,0.0,0.0,0.0,0.13333333333333333,0.26666666666666666,0.06666666666666667,0.0,0.0,0.6330706203907063
ep_62057,WGAVIVLIPVAVVGI,15,1505.88,2.57,0.07,-9.3,5.53,-0.0,0.9994733912307688,0.26666666666666666,S463P,False,,0.13333333333333333,0.0,0.0,0.0,0.0,0.13333333333333333,0.0,0.2,0.0,0.06666666666666667,0.0,0.0,0.06666666666666667,0.0,0.0,0.0,0.0,0.3333333333333333,0.06666666666666667,0.0,0.6330700289487178
ep_16932,THTHSHTVSNHTHTH,15,1733.76,-1.57,0.0,-10.77,6.95,0.54,0.9994732200324297,0.26666666666666666,E380Q,False,,0.0,0.0,0.0,0.0,0.0,0.0,0.4,0.0,0.0,0.0,0.0,0.06666666666666667,0.0,0.0,0.0,0.13333333333333333,0.3333333333333333,0.06666666666666667,0.0,0.0,0.6330699433495481
ep_7368,THSHTVSNHTHTHTR,15,1752.81,-1.66,0.0,-10.77,9.53,1.45,0.9994729991168757,0.26666666666666666,E380Q,False,,0.0,0.0,0.0,0.0,0.0,0.0,0.3333333333333333,0.0,0.0,0.0,0.0,0.06666666666666667,0.0,0.0,0.06666666666666667,0.13333333333333333,0.3333333333333333,0.06666666666666667,0.0,0.0,0.6330698328917712
ep_26163,VYTYIYIQICVSVCV,15,1766.13,1.76,0.2,-11.41,5.48,-0.09,0.9994658117982473,0.26666666666666666,E380Q,False,,0.0,0.13333333333333333,0.0,0.0,0.0,0.0,0.0,0.2,0.0,0.0,0.0,0.0,0.0,0.06666666666666667,0.0,0.06666666666666667,0.06666666666666667,0.26666666666666666,0.0,0.2,0.633066239232457
ep_9519,PPAARTGTAAAAPSP,15,1335.47,-0.18,0.0,78.67,10.18,1.0,0.9994549869842189,0.26666666666666666,K303R,False,,0.4,0.0,0.0,0.0,0.0,0.06666666666666667,0.0,0.0,0.0,0.0,0.0,0.0,0.26666666666666666,0.0,0.06666666666666667,0.06666666666666667,0.13333333333333333,0.0,0.0,0.0,0.6330608268254427
ep_1685,IHILLSIFFYINIFL,15,1866.29,2.23,0.27,110.72,6.74,0.09,0.9994534767203811,0.26666666666666666,K303R,False,,0.0,0.0,0.0,0.0,0.2,0.0,0.06666666666666667,0.3333333333333333,0.0,0.2,0.0,0.06666666666666667,0.0,0.0,0.0,0.06666666666666667,0.0,0.0,0.0,0.06666666666666667,0.6330600716935239
ep_61623,TIHILLSIFFYINIF,15,1854.24,1.93,0.27,110.72,6.4,0.09,0.999440898466511,0.26666666666666666,E380Q,False,,0.0,0.0,0.0,0.0,0.2,0.0,0.06666666666666667,0.3333333333333333,0.0,0.13333333333333333,0.0,0.06666666666666667,0.0,0.0,0.0,0.06666666666666667,0.06666666666666667,0.0,0.0,0.06666666666666667,0.6330537825665888
ep_524,TACTRTASTSMPTAT,15,1499.67,-0.14,0.0,89.65,7.91,0.95,0.999435985297786,0.26666666666666666,S463P,False,,0.2,0.06666666666666667,0.0,0.0,0.0,0.0,0.0,0.0,0.0,0.0,0.06666666666666667,0.0,0.06666666666666667,0.0,0.06666666666666667,0.13333333333333333,0.4,0.0,0.0,0.0,0.6330513259822264
ep_15536,ACTRTASTSMPTATT,15,1499.67,-0.14,0.0,89.65,8.29,0.95,0.9994354782584474,0.26666666666666666,S463P,False,,0.2,0.06666666666666667,0.0,0.0,0.0,0.0,0.0,0.0,0.0,0.0,0.06666666666666667,0.0,0.06666666666666667,0.0,0.06666666666666667,0.13333333333333333,0.4,0.0,0.0,0.0,0.633051072462557
ep_20522,TSSSSGATSVSSSST,15,1332.28,-0.25,0.0,80.71,5.18,-0.0,0.9994084348449993,0.26666666666666666,S463P,False,,0.06666666666666667,0.0,0.0,0.0,0.0,0.06666666666666667,0.0,0.0,0.0,0.0,0.0,0.0,0.0,0.0,0.0,0.6,0.2,0.06666666666666667,0.0,0.0,0.633037550755833
ep_56132,RSTSSTSRASTASSS,15,1472.47,-0.93,0.0,89.99,12.0,2.0,0.9993795006890858,0.26666666666666666,K303R,False,,0.13333333333333333,0.0,0.0,0.0,0.0,0.0,0.0,0.0,0.0,0.0,0.0,0.0,0.0,0.0,0.13333333333333333,0.5333333333333333,0.2,0.0,0.0,0.0,0.6330230836778762
ep_21748,HTHSHTVSNHTHTHT,15,1733.76,-1.57,0.0,-15.8,7.21,0.54,0.9993748609669054,0.26666666666666666,E380Q,False,,0.0,0.0,0.0,0.0,0.0,0.0,0.4,0.0,0.0,0.0,0.0,0.06666666666666667,0.0,0.0,0.0,0.13333333333333333,0.3333333333333333,0.06666666666666667,0.0,0.0,0.6330207638167861
ep_32873,HTHTHSHTVSNHTHT,15,1733.76,-1.57,0.0,-15.8,7.21,0.54,0.9993748609669054,0.26666666666666666,E380Q,False,,0.0,0.0,0.0,0.0,0.0,0.0,0.4,0.0,0.0,0.0,0.0,0.06666666666666667,0.0,0.0,0.0,0.13333333333333333,0.3333333333333333,0.06666666666666667,0.0,0.0,0.6330207638167861
ep_17585,HPPGRQHPPGRRHPP,15,1722.91,-2.47,0.0,105.96,12.0,3.27,0.9993701179442168,0.26666666666666666,K303R,False,,0.0,0.0,0.0,0.0,0.0,0.13333333333333333,0.2,0.0,0.0,0.0,0.0,0.0,0.4,0.06666666666666667,0.2,0.0,0.0,0.0,0.0,0.0,0.6330183923054418
ep_20777,ASATPVPPPPATTTS,15,1394.53,-0.19,0.0,86.37,5.57,-0.0,0.9993624612299316,0.26666666666666666,S463P,False,,0.2,0.0,0.0,0.0,0.0,0.0,0.0,0.0,0.0,0.0,0.0,0.0,0.3333333333333333,0.0,0.0,0.13333333333333333,0.26666666666666666,0.06666666666666667,0.0,0.0,0.6330145639482991
ep_61520,APARGSSGGGARPAA,15,1282.37,-0.43,0.0,78.67,12.0,2.0,0.9993613942282479,0.26666666666666666,K303R,False,,0.3333333333333333,0.0,0.0,0.0,0.0,0.26666666666666666,0.0,0.0,0.0,0.0,0.0,0.0,0.13333333333333333,0.0,0.13333333333333333,0.13333333333333333,0.0,0.0,0.0,0.0,0.6330140304474573
ep_28223,FCLSHASIHIAPPVS,15,1578.83,0.93,0.07,98.21,6.91,0.14,0.9993544150725601,0.26666666666666666,E380Q,False,,0.13333333333333333,0.06666666666666667,0.0,0.0,0.06666666666666667,0.0,0.13333333333333333,0.13333333333333333,0.0,0.06666666666666667,0.0,0.0,0.13333333333333333,0.0,0.0,0.2,0.0,0.06666666666666667,0.0,0.0,0.6330105408696134
ep_65285,GGGGPSGPGPAAGGS,15,1082.08,-0.4,0.0,67.92,5.53,-0.0,0.999319759495184,0.26666666666666666,K303R,False,,0.13333333333333333,0.0,0.0,0.0,0.0,0.5333333333333333,0.0,0.0,0.0,0.0,0.0,0.0,0.2,0.0,0.0,0.13333333333333333,0.0,0.0,0.0,0.0,0.6329932130809254
ep_14626,PHPPPAAPGAPLPPL,15,1428.68,-0.23,0.0,91.63,7.17,0.09,0.9992812725313398,0.26666666666666666,K303R,False,,0.2,0.0,0.0,0.0,0.0,0.06666666666666667,0.06666666666666667,0.0,0.0,0.13333333333333333,0.0,0.0,0.5333333333333333,0.0,0.0,0.0,0.0,0.0,0.0,0.0,0.6329739695990032
ep_33601,AALTEALGELVRRRP,15,1651.91,-0.15,0.0,106.36,9.56,1.0,0.9992716211524174,0.26666666666666666,E380Q,False,,0.2,0.0,0.0,0.13333333333333333,0.0,0.06666666666666667,0.0,0.0,0.0,0.2,0.0,0.0,0.06666666666666667,0.0,0.2,0.0,0.06666666666666667,0.06666666666666667,0.0,0.0,0.6329691439095421
ep_33233,PGRAAPRAAPPPPRR,15,1566.81,-1.39,0.0,101.67,12.0,4.0,0.9992415807578968,0.26666666666666666,K303R,False,,0.26666666666666666,0.0,0.0,0.0,0.0,0.06666666666666667,0.0,0.0,0.0,0.0,0.0,0.0,0.4,0.0,0.26666666666666666,0.0,0.0,0.0,0.0,0.0,0.6329541237122818
ep_18555,PMRHPPPAAPSVAPP,15,1521.78,-0.55,0.0,100.08,10.18,1.09,0.9992149529618989,0.26666666666666666,K303R,False,,0.2,0.0,0.0,0.0,0.0,0.0,0.06666666666666667,0.0,0.0,0.0,0.06666666666666667,0.0,0.4666666666666667,0.0,0.06666666666666667,0.06666666666666667,0.0,0.06666666666666667,0.0,0.0,0.6329408098142828
ep_61324,TRRSGARSTTRTTRP,15,1703.86,-1.85,0.0,113.29,12.0,5.0,0.9991803017786866,0.26666666666666666,K303R,False,,0.06666666666666667,0.0,0.0,0.0,0.0,0.06666666666666667,0.0,0.0,0.0,0.0,0.0,0.0,0.06666666666666667,0.0,0.3333333333333333,0.13333333333333333,0.3333333333333333,0.0,0.0,0.0,0.6329234842226766
ep_63863,ADAASVPPPPVVPAL,15,1400.62,0.75,0.0,93.55,4.05,-1.0,0.9991786017425662,0.26666666666666666,L536H,False,,0.26666666666666666,0.0,0.06666666666666667,0.0,0.0,0.0,0.0,0.0,0.0,0.06666666666666667,0.0,0.0,0.3333333333333333,0.0,0.0,0.06666666666666667,0.0,0.2,0.0,0.0,0.6329226342046165
ep_44550,VQQAQQPPPQTQQLQ,15,1718.86,-1.58,0.0,115.92,5.49,-0.0,0.9991538850005984,0.26666666666666666,E380Q,False,,0.06666666666666667,0.0,0.0,0.0,0.0,0.0,0.0,0.0,0.0,0.06666666666666667,0.0,0.0,0.2,0.5333333333333333,0.0,0.0,0.06666666666666667,0.06666666666666667,0.0,0.0,0.6329102758336326
ep_12408,ASAGGASGGGTSSSP,15,1150.11,-0.19,0.0,77.67,5.57,-0.0,0.9991400535181939,0.26666666666666666,S463P,False,,0.2,0.0,0.0,0.0,0.0,0.3333333333333333,0.0,0.0,0.0,0.0,0.0,0.0,0.06666666666666667,0.0,0.0,0.3333333333333333,0.06666666666666667,0.0,0.0,0.0,0.6329033600924303
ep_15829,HSPTQQQQQYHQQQP,15,1862.91,-2.69,0.07,126.68,6.92,0.18,0.9991297876855036,0.26666666666666666,E380Q,False,,0.0,0.0,0.0,0.0,0.0,0.0,0.13333333333333333,0.0,0.0,0.0,0.0,0.0,0.13333333333333333,0.5333333333333333,0.0,0.06666666666666667,0.06666666666666667,0.0,0.0,0.06666666666666667,0.6328982271760851
ep_61048,PPARQHPPGRQQPPG,15,1619.79,-2.09,0.0,110.13,12.0,2.09,0.9991213345160485,0.26666666666666666,K303R,False,,0.06666666666666667,0.0,0.0,0.0,0.0,0.13333333333333333,0.06666666666666667,0.0,0.0,0.0,0.0,0.0,0.4,0.2,0.13333333333333333,0.0,0.0,0.0,0.0,0.0,0.6328940005913576
ep_5148,QHHPVPPPPAVPAAD,15,1529.7,-0.61,0.0,104.47,5.99,-0.82,0.9991182921728815,0.26666666666666666,L536H,False,,0.2,0.0,0.06666666666666667,0.0,0.0,0.0,0.13333333333333333,0.0,0.0,0.0,0.0,0.0,0.4,0.06666666666666667,0.0,0.0,0.0,0.13333333333333333,0.0,0.0,0.6328924794197741
ep_35616,PPHPHQAPPPQAPPQ,15,1595.76,-1.74,0.0,110.13,7.33,0.18,0.9990870233606111,0.26666666666666666,E380Q,False,,0.13333333333333333,0.0,0.0,0.0,0.0,0.0,0.13333333333333333,0.0,0.0,0.0,0.0,0.0,0.5333333333333333,0.2,0.0,0.0,0.0,0.0,0.0,0.0,0.6328768450136388
ep_34052,SSENDAMSQAIMNIH,15,1647.79,-0.45,0.0,114.67,4.35,-1.91,0.9990635243422658,0.26666666666666666,K303R,False,,0.13333333333333333,0.0,0.06666666666666667,0.06666666666666667,0.0,0.0,0.06666666666666667,0.13333333333333333,0.0,0.0,0.13333333333333333,0.13333333333333333,0.0,0.06666666666666667,0.0,0.2,0.0,0.0,0.0,0.0,0.6328650955044662
ep_38007,PLHSPPPPPLHPPPH,15,1616.86,-1.15,0.0,113.75,7.43,0.27,0.9990297953862032,0.26666666666666666,K303R,False,,0.0,0.0,0.0,0.0,0.0,0.0,0.2,0.0,0.0,0.13333333333333333,0.0,0.0,0.6,0.0,0.0,0.06666666666666667,0.0,0.0,0.0,0.0,0.632848231026435
ep_13361,TTSSTSSTPSSSSST,15,1404.35,-0.82,0.0,99.21,5.18,-0.0,0.999015913415864,0.26666666666666666,K303R,False,,0.0,0.0,0.0,0.0,0.0,0.0,0.0,0.0,0.0,0.0,0.0,0.0,0.06666666666666667,0.0,0.0,0.6,0.3333333333333333,0.0,0.0,0.0,0.6328412900412653
ep_42984,PSSTTSSSSSTSSTT,15,1404.35,-0.82,0.0,99.21,5.95,-0.0,0.9990156042823207,0.26666666666666666,K303R,False,,0.0,0.0,0.0,0.0,0.0,0.0,0.0,0.0,0.0,0.0,0.0,0.0,0.06666666666666667,0.0,0.0,0.6,0.3333333333333333,0.0,0.0,0.0,0.6328411354744937
ep_15584,IARRRWRVIAVSVIG,15,1752.12,0.64,0.07,123.89,12.0,4.0,0.9990063376157793,0.26666666666666666,K303R,False,,0.13333333333333333,0.0,0.0,0.0,0.0,0.06666666666666667,0.0,0.2,0.0,0.0,0.0,0.0,0.0,0.0,0.26666666666666666,0.06666666666666667,0.0,0.2,0.06666666666666667,0.0,0.632836502141223
ep_37948,SESASSSVSSSSTTS,15,1390.32,-0.46,0.0,99.21,4.05,-1.0,0.9989840920442387,0.26666666666666666,S463P,False,,0.06666666666666667,0.0,0.0,0.06666666666666667,0.0,0.0,0.0,0.0,0.0,0.0,0.0,0.0,0.0,0.0,0.0,0.6666666666666666,0.13333333333333333,0.06666666666666667,0.0,0.0,0.6328253793554527
ep_39816,QPDEPRIEPVAPPPL,15,1654.86,-0.92,0.0,118.45,4.14,-2.0,0.9989757495541955,0.26666666666666666,K303R,False,,0.06666666666666667,0.0,0.06666666666666667,0.13333333333333333,0.0,0.0,0.0,0.06666666666666667,0.0,0.06666666666666667,0.0,0.0,0.4,0.06666666666666667,0.06666666666666667,0.0,0.0,0.06666666666666667,0.0,0.0,0.6328212081104311
ep_17808,FTCRPVHVCMHIHVR,15,1835.23,0.39,0.07,132.45,9.03,2.18,0.9989476626969636,0.26666666666666666,K303R,False,,0.0,0.13333333333333333,0.0,0.0,0.06666666666666667,0.0,0.2,0.06666666666666667,0.0,0.0,0.06666666666666667,0.0,0.06666666666666667,0.0,0.13333333333333333,0.0,0.06666666666666667,0.2,0.0,0.0,0.6328071646818151
ep_56873,RARARRSSTSTRSAS,15,1649.77,-1.5,0.0,118.95,12.0,5.0,0.9989394335813733,0.26666666666666666,K303R,False,,0.2,0.0,0.0,0.0,0.0,0.0,0.0,0.0,0.0,0.0,0.0,0.0,0.0,0.0,0.3333333333333333,0.3333333333333333,0.13333333333333333,0.0,0.0,0.0,0.6328030501240199
ep_25704,ASVTAAPAVPAPPAA,15,1290.46,0.87,0.0,93.55,5.57,-0.0,0.9989303109856081,0.26666666666666666,L536H,False,,0.4666666666666667,0.0,0.0,0.0,0.0,0.0,0.0,0.0,0.0,0.0,0.0,0.0,0.26666666666666666,0.0,0.0,0.06666666666666667,0.06666666666666667,0.13333333333333333,0.0,0.0,0.6327984888261374
ep_31942,TVATPARQPAPPQLP,15,1543.77,-0.5,0.0,112.05,9.41,1.0,0.9989264332603311,0.26666666666666666,E380Q,False,,0.2,0.0,0.0,0.0,0.0,0.0,0.0,0.0,0.0,0.06666666666666667,0.0,0.0,0.3333333333333333,0.13333333333333333,0.06666666666666667,0.0,0.13333333333333333,0.06666666666666667,0.0,0.0,0.6327965499634989
ep_36315,PPGRRHPPARQHPPG,15,1656.85,-2.13,0.0,120.72,12.0,3.18,0.9989072882970087,0.26666666666666666,K303R,False,,0.06666666666666667,0.0,0.0,0.0,0.0,0.13333333333333333,0.13333333333333333,0.0,0.0,0.0,0.0,0.0,0.4,0.06666666666666667,0.2,0.0,0.0,0.0,0.0,0.0,0.6327869774818377
ep_11762,DDPPFDWSPLPPPPT,15,1677.81,-1.17,0.13,123.89,4.05,-3.0,0.998870558484773,0.26666666666666666,K303R,False,,0.0,0.0,0.2,0.0,0.06666666666666667,0.0,0.0,0.0,0.0,0.06666666666666667,0.0,0.0,0.4666666666666667,0.0,0.0,0.06666666666666667,0.06666666666666667,0.0,0.06666666666666667,0.0,0.6327686125757198
ep_57291,HTFTCRPVHVCMHIH,15,1818.16,0.15,0.07,135.65,8.11,1.27,0.9988348827770881,0.26666666666666666,E380Q,False,,0.0,0.13333333333333333,0.0,0.0,0.06666666666666667,0.0,0.26666666666666666,0.06666666666666667,0.0,0.0,0.06666666666666667,0.0,0.06666666666666667,0.0,0.06666666666666667,0.0,0.13333333333333333,0.13333333333333333,0.0,0.0,0.6327507747218774
ep_22028,HRHRRRAPPPRPLHR,15,1939.24,-2.49,0.0,144.88,12.0,6.27,0.9988194825012404,0.26666666666666666,K303R,False,,0.06666666666666667,0.0,0.0,0.0,0.0,0.0,0.2,0.0,0.0,0.06666666666666667,0.0,0.0,0.26666666666666666,0.0,0.4,0.0,0.0,0.0,0.0,0.0,0.6327430745839535
ep_54802,HPHQAPPPQAPPQQP,15,1626.77,-1.87,0.0,122.97,6.92,0.18,0.9987868294509455,0.26666666666666666,E380Q,False,,0.13333333333333333,0.0,0.0,0.0,0.0,0.0,0.13333333333333333,0.0,0.0,0.0,0.0,0.0,0.4666666666666667,0.26666666666666666,0.0,0.0,0.0,0.0,0.0,0.0,0.6327267480588061
ep_36040,PMATPLPVPPAPARP,15,1511.83,-0.07,0.0,115.25,10.18,1.0,0.99875003310325,0.26666666666666666,K303R,False,,0.2,0.0,0.0,0.0,0.0,0.0,0.0,0.0,0.0,0.06666666666666667,0.06666666666666667,0.0,0.4666666666666667,0.0,0.06666666666666667,0.0,0.06666666666666667,0.06666666666666667,0.0,0.0,0.6327083498849583
ep_41323,PPMATPLPVPPAPAR,15,1511.83,-0.07,0.0,115.25,10.18,1.0,0.99875003310325,0.26666666666666666,K303R,False,,0.2,0.0,0.0,0.0,0.0,0.0,0.0,0.0,0.0,0.06666666666666667,0.06666666666666667,0.0,0.4666666666666667,0.0,0.06666666666666667,0.0,0.06666666666666667,0.06666666666666667,0.0,0.0,0.6327083498849583
ep_38278,TGASSSSSSSTSSST,15,1320.23,-0.58,0.0,100.73,5.18,-0.0,0.9987495186360061,0.26666666666666666,S463P,False,,0.06666666666666667,0.0,0.0,0.0,0.0,0.06666666666666667,0.0,0.0,0.0,0.0,0.0,0.0,0.0,0.0,0.0,0.6666666666666666,0.2,0.0,0.0,0.0,0.6327080926513364
ep_31909,NKPLPIPPPPPPLPP,15,1570.91,-0.75,0.0,120.89,8.75,1.0,0.9987172969322848,0.26666666666666666,K303R,False,,0.0,0.0,0.0,0.0,0.0,0.0,0.0,0.06666666666666667,0.06666666666666667,0.13333333333333333,0.0,0.06666666666666667,0.6666666666666666,0.0,0.0,0.0,0.0,0.0,0.0,0.0,0.6326919817994757
ep_61901,EPRIEPVAPPPLAPL,15,1595.88,-0.08,0.0,123.48,4.53,-1.0,0.9986991243895217,0.26666666666666666,K303R,False,,0.13333333333333333,0.0,0.0,0.13333333333333333,0.0,0.0,0.0,0.06666666666666667,0.0,0.13333333333333333,0.0,0.0,0.4,0.0,0.06666666666666667,0.0,0.0,0.06666666666666667,0.0,0.0,0.6326828955280942
ep_4396,AHEPTSAPPQEPPPA,15,1525.62,-1.29,0.0,119.23,4.51,-1.91,0.9986581339129311,0.26666666666666666,S463P,False,,0.2,0.0,0.0,0.13333333333333333,0.0,0.0,0.06666666666666667,0.0,0.0,0.0,0.0,0.0,0.4,0.06666666666666667,0.0,0.06666666666666667,0.06666666666666667,0.0,0.0,0.0,0.6326624002897989
ep_30937,QIVLPAFPAPVPVAP,15,1515.84,1.17,0.07,119.23,5.53,-0.0,0.9986328998453972,0.26666666666666666,E380Q,False,,0.2,0.0,0.0,0.0,0.06666666666666667,0.0,0.0,0.06666666666666667,0.0,0.06666666666666667,0.0,0.0,0.3333333333333333,0.06666666666666667,0.0,0.0,0.0,0.2,0.0,0.0,0.6326497832560319
ep_44413,TFTCRPVHVCMHIHV,15,1780.15,0.65,0.07,140.68,7.84,1.18,0.9986135360806827,0.26666666666666666,E380Q,False,,0.0,0.13333333333333333,0.0,0.0,0.06666666666666667,0.0,0.2,0.06666666666666667,0.0,0.0,0.06666666666666667,0.0,0.06666666666666667,0.0,0.06666666666666667,0.0,0.13333333333333333,0.2,0.0,0.0,0.6326401013736747
ep_58102,TPPMATPLPVPPAPA,15,1456.75,0.18,0.0,115.25,5.18,-0.0,0.9986085600372567,0.26666666666666666,K303R,False,,0.2,0.0,0.0,0.0,0.0,0.0,0.0,0.0,0.0,0.06666666666666667,0.06666666666666667,0.0,0.4666666666666667,0.0,0.0,0.0,0.13333333333333333,0.06666666666666667,0.0,0.0,0.6326376133519617
ep_17376,PPGRQQPPGRQPPPG,15,1565.73,-2.13,0.0,124.89,12.0,2.0,0.9985637169340563,0.26666666666666666,K303R,False,,0.0,0.0,0.0,0.0,0.0,0.2,0.0,0.0,0.0,0.0,0.0,0.0,0.4666666666666667,0.2,0.13333333333333333,0.0,0.0,0.0,0.0,0.0,0.6326151918003615
ep_31655,RGRAPRPRQRRRRQR,15,2002.3,-3.29,0.0,159.54,12.0,9.0,0.9985629959762612,0.26666666666666666,K303R,False,,0.06666666666666667,0.0,0.0,0.0,0.0,0.06666666666666667,0.0,0.0,0.0,0.0,0.0,0.0,0.13333333333333333,0.13333333333333333,0.6,0.0,0.0,0.0,0.0,0.0,0.6326148313214639
ep_4534,TTSSSSTSISSSSSS,15,1392.33,-0.43,0.0,112.05,5.18,-0.0,0.9985351638794842,0.26666666666666666,K303R,False,,0.0,0.0,0.0,0.0,0.0,0.0,0.0,0.06666666666666667,0.0,0.0,0.0,0.0,0.0,0.0,0.0,0.7333333333333333,0.2,0.0,0.0,0.0,0.6326009152730754
ep_12307,MSPTMGPPPGGAPPR,15,1449.7,-0.75,0.0,116.82,9.5,1.0,0.9985249117671303,0.26666666666666666,K303R,False,,0.06666666666666667,0.0,0.0,0.0,0.0,0.2,0.0,0.0,0.0,0.0,0.13333333333333333,0.0,0.4,0.0,0.06666666666666667,0.06666666666666667,0.06666666666666667,0.0,0.0,0.0,0.6325957892168985
ep_656,PQHHPVPPPPAVPAA,15,1511.73,-0.49,0.0,122.97,7.33,0.18,0.9984886742114344,0.26666666666666666,L536H,False,,0.2,0.0,0.0,0.0,0.0,0.0,0.13333333333333333,0.0,0.0,0.0,0.0,0.0,0.4666666666666667,0.06666666666666667,0.0,0.0,0.0,0.13333333333333333,0.0,0.0,0.6325776704390506
ep_42664,RHRHRRRAPPPRPLH,15,1939.24,-2.49,0.0,157.72,12.0,6.27,0.9984797952631638,0.26666666666666666,K303R,False,,0.06666666666666667,0.0,0.0,0.0,0.0,0.0,0.2,0.0,0.0,0.06666666666666667,0.0,0.0,0.26666666666666666,0.0,0.4,0.0,0.0,0.0,0.0,0.0,0.6325732309649152
ep_3621,MGPPPGGAPPRPASP,15,1385.59,-0.81,0.0,113.21,9.5,1.0,0.998461862239185,0.26666666666666666,K303R,False,,0.13333333333333333,0.0,0.0,0.0,0.0,0.2,0.0,0.0,0.0,0.0,0.06666666666666667,0.0,0.4666666666666667,0.0,0.06666666666666667,0.06666666666666667,0.0,0.0,0.0,0.0,0.6325642644529258
ep_10686,QPPQQQPLPPRQQPH,15,1775.96,-2.3,0.0,145.55,9.76,1.09,0.9984533978776009,0.26666666666666666,K303R,False,,0.0,0.0,0.0,0.0,0.0,0.0,0.06666666666666667,0.0,0.0,0.06666666666666667,0.0,0.0,0.4,0.4,0.06666666666666667,0.0,0.0,0.0,0.0,0.0,0.6325600322721338
ep_13392,PHAAHRRRGGGGRRG,15,1597.75,-1.93,0.0,131.59,12.0,5.18,0.9984188933167051,0.26666666666666666,L536H,False,,0.13333333333333333,0.0,0.0,0.0,0.0,0.3333333333333333,0.13333333333333333,0.0,0.0,0.0,0.0,0.0,0.06666666666666667,0.0,0.3333333333333333,0.0,0.0,0.0,0.0,0.0,0.6325427799916858
ep_48179,RPFTPMPQQPRPPPP,15,1743.04,-1.65,0.07,144.13,12.0,2.0,0.998408712198583,0.26666666666666666,K303R,False,,0.0,0.0,0.0,0.0,0.06666666666666667,0.0,0.0,0.0,0.0,0.0,0.06666666666666667,0.0,0.5333333333333333,0.13333333333333333,0.13333333333333333,0.0,0.06666666666666667,0.0,0.0,0.0,0.6325376894326248
ep_11149,ARARRSSTSTRSASS,15,1580.66,-1.25,0.0,131.79,12.0,4.0,0.9983642579821231,0.26666666666666666,K303R,False,,0.2,0.0,0.0,0.0,0.0,0.0,0.0,0.0,0.0,0.0,0.0,0.0,0.0,0.0,0.26666666666666666,0.4,0.13333333333333333,0.0,0.0,0.0,0.6325154623243949
ep_40608,ATPARQPAPPQLPAA,15,1485.69,-0.49,0.0,124.89,9.8,1.0,0.9983321534156939,0.26666666666666666,E380Q,False,,0.3333333333333333,0.0,0.0,0.0,0.0,0.0,0.0,0.0,0.0,0.06666666666666667,0.0,0.0,0.3333333333333333,0.13333333333333333,0.06666666666666667,0.0,0.06666666666666667,0.0,0.0,0.0,0.6324994100411803
ep_66092,HLRRLPRHRRPRRPR,15,2059.44,-2.64,0.0,173.01,12.0,8.18,0.9983278104076254,0.26666666666666666,K303R,False,,0.0,0.0,0.0,0.0,0.0,0.0,0.13333333333333333,0.0,0.0,0.13333333333333333,0.0,0.0,0.2,0.0,0.5333333333333333,0.0,0.0,0.0,0.0,0.0,0.632497238537146
ep_51523,VAPPSVPPARQPVAA,15,1456.69,0.2,0.0,124.89,9.72,1.0,0.9982346539218818,0.26666666666666666,K303R,False,,0.26666666666666666,0.0,0.0,0.0,0.0,0.0,0.0,0.0,0.0,0.0,0.0,0.0,0.3333333333333333,0.06666666666666667,0.06666666666666667,0.06666666666666667,0.0,0.2,0.0,0.0,0.6324506602942742
ep_30260,QLQPPQQQPLPPRQQ,15,1783.0,-1.96,0.0,154.44,9.75,1.0,0.9981860355148232,0.26666666666666666,K303R,False,,0.0,0.0,0.0,0.0,0.0,0.0,0.0,0.0,0.0,0.13333333333333333,0.0,0.0,0.3333333333333333,0.4666666666666667,0.06666666666666667,0.0,0.0,0.0,0.0,0.0,0.632426351090745
ep_12386,QQLQPPQQQPLPPRQ,15,1783.0,-1.96,0.0,154.44,9.75,1.0,0.9981860355148232,0.26666666666666666,K303R,False,,0.0,0.0,0.0,0.0,0.0,0.0,0.0,0.0,0.0,0.13333333333333333,0.0,0.0,0.3333333333333333,0.4666666666666667,0.06666666666666667,0.0,0.0,0.0,0.0,0.0,0.632426351090745
ep_29305,AGGGAVAPSPAAAGG,15,1110.18,0.6,0.0,96.17,5.57,-0.0,0.9981759773399287,0.26666666666666666,S463P,False,,0.4,0.0,0.0,0.0,0.0,0.3333333333333333,0.0,0.0,0.0,0.0,0.0,0.0,0.13333333333333333,0.0,0.0,0.06666666666666667,0.0,0.06666666666666667,0.0,0.0,0.6324213220032977
ep_9840,ALRRPRAPPASPHAA,15,1567.8,-0.74,0.0,135.99,12.0,3.09,0.9981700222212168,0.26666666666666666,K303R,False,,0.3333333333333333,0.0,0.0,0.0,0.0,0.0,0.06666666666666667,0.0,0.0,0.06666666666666667,0.0,0.0,0.26666666666666666,0.0,0.2,0.06666666666666667,0.0,0.0,0.0,0.0,0.6324183444439417
ep_20131,RARRRRLLVRARLRR,15,2004.45,-1.42,0.0,174.92,12.0,9.0,0.9981346821533219,0.26666666666666666,K303R,False,,0.13333333333333333,0.0,0.0,0.0,0.0,0.0,0.0,0.0,0.0,0.2,0.0,0.0,0.0,0.0,0.6,0.0,0.0,0.06666666666666667,0.0,0.0,0.6324006744099943
ep_59265,AASAPSPSAAPTPPP,15,1318.43,-0.25,0.0,115.67,5.57,-0.0,0.9981181651301337,0.26666666666666666,K303R,False,,0.3333333333333333,0.0,0.0,0.0,0.0,0.0,0.0,0.0,0.0,0.0,0.0,0.0,0.4,0.0,0.0,0.2,0.06666666666666667,0.0,0.0,0.0,0.6323924158984002
ep_29004,AVQTACPSPPPRPAH,15,1528.73,-0.57,0.0,134.27,8.3,1.04,0.998112988157734,0.26666666666666666,K303R,False,,0.2,0.06666666666666667,0.0,0.0,0.0,0.0,0.06666666666666667,0.0,0.0,0.0,0.0,0.0,0.3333333333333333,0.06666666666666667,0.06666666666666667,0.06666666666666667,0.06666666666666667,0.06666666666666667,0.0,0.0,0.6323898274122003
ep_52609,PPQHHPVPPPPAVPA,15,1537.76,-0.71,0.0,135.81,7.33,0.18,0.9980847940989137,0.26666666666666666,L536H,False,,0.13333333333333333,0.0,0.0,0.0,0.0,0.0,0.13333333333333333,0.0,0.0,0.0,0.0,0.0,0.5333333333333333,0.06666666666666667,0.0,0.0,0.0,0.13333333333333333,0.0,0.0,0.6323757303827902
ep_20448,PLPVPVAPPVAPAVA,15,1394.7,1.21,0.0,124.89,5.95,-0.0,0.9980077249204156,0.26666666666666666,L536H,False,,0.26666666666666666,0.0,0.0,0.0,0.0,0.0,0.0,0.0,0.0,0.06666666666666667,0.0,0.0,0.4,0.0,0.0,0.0,0.0,0.26666666666666666,0.0,0.0,0.6323371957935411
ep_5533,PPQPPPAAGGRAASP,15,1370.51,-0.8,0.0,123.89,10.18,1.0,0.99794548260264,0.26666666666666666,K303R,False,,0.26666666666666666,0.0,0.0,0.0,0.0,0.13333333333333333,0.0,0.0,0.0,0.0,0.0,0.0,0.4,0.06666666666666667,0.06666666666666667,0.06666666666666667,0.0,0.0,0.0,0.0,0.6323060746346534
ep_63973,HQAPPPQAPPQQPPQ,15,1617.76,-1.89,0.0,150.57,6.74,0.09,0.9977823410860704,0.26666666666666666,E380Q,False,,0.13333333333333333,0.0,0.0,0.0,0.0,0.0,0.06666666666666667,0.0,0.0,0.0,0.0,0.0,0.4666666666666667,0.3333333333333333,0.0,0.0,0.0,0.0,0.0,0.0,0.6322245038763685
ep_60806,VPVAPPVAPAVAPAA,15,1326.58,1.31,0.0,124.89,5.49,-0.0,0.9977086176554343,0.26666666666666666,L536H,False,,0.4,0.0,0.0,0.0,0.0,0.0,0.0,0.0,0.0,0.0,0.0,0.0,0.3333333333333333,0.0,0.0,0.0,0.0,0.26666666666666666,0.0,0.0,0.6321876421610505
ep_49029,WRCRRSPRPPPGPPP,15,1756.05,-1.92,0.07,165.28,12.0,3.95,0.9977043053192298,0.26666666666666666,K303R,False,,0.0,0.06666666666666667,0.0,0.0,0.0,0.06666666666666667,0.0,0.0,0.0,0.0,0.0,0.0,0.4666666666666667,0.0,0.26666666666666666,0.06666666666666667,0.0,0.0,0.06666666666666667,0.0,0.6321854859929482
ep_18875,GGGAVAPSPAAAGGG,15,1096.15,0.45,0.0,104.39,5.53,-0.0,0.997625320130375,0.26666666666666666,S463P,False,,0.3333333333333333,0.0,0.0,0.0,0.0,0.4,0.0,0.0,0.0,0.0,0.0,0.0,0.13333333333333333,0.0,0.0,0.06666666666666667,0.0,0.06666666666666667,0.0,0.0,0.6321459933985208
ep_12560,ASAPSPSAAPTPPPP,15,1344.47,-0.47,0.0,128.51,5.57,-0.0,0.9976116442740112,0.26666666666666666,K303R,False,,0.26666666666666666,0.0,0.0,0.0,0.0,0.0,0.0,0.0,0.0,0.0,0.0,0.0,0.4666666666666667,0.0,0.0,0.2,0.06666666666666667,0.0,0.0,0.0,0.6321391554703389
ep_25088,PVAPAVAPAAPPPAA,15,1296.51,0.76,0.0,124.89,5.95,-0.0,0.9975590872422258,0.26666666666666666,L536H,False,,0.4666666666666667,0.0,0.0,0.0,0.0,0.0,0.0,0.0,0.0,0.0,0.0,0.0,0.4,0.0,0.0,0.0,0.0,0.13333333333333333,0.0,0.0,0.6321128769544462
ep_29332,PSAAASPARPAPPAA,15,1331.48,-0.1,0.0,128.51,10.18,1.0,0.9975381709435761,0.26666666666666666,K303R,False,,0.4666666666666667,0.0,0.0,0.0,0.0,0.0,0.0,0.0,0.0,0.0,0.0,0.0,0.3333333333333333,0.0,0.06666666666666667,0.13333333333333333,0.0,0.0,0.0,0.0,0.6321024188051214
ep_11328,PPPPAVPAADPAPAP,15,1364.54,-0.21,0.0,132.07,4.05,-1.0,0.9975292688015129,0.26666666666666666,L536H,False,,0.3333333333333333,0.0,0.06666666666666667,0.0,0.0,0.0,0.0,0.0,0.0,0.0,0.0,0.0,0.5333333333333333,0.0,0.0,0.0,0.0,0.06666666666666667,0.0,0.0,0.6320979677340898
ep_51431,DVMSTSSSSSSSSSD,15,1450.39,-0.64,0.0,141.35,4.05,-2.0,0.9974830475040725,0.26666666666666666,S463P,False,,0.0,0.0,0.13333333333333333,0.0,0.0,0.0,0.0,0.0,0.0,0.0,0.06666666666666667,0.0,0.0,0.0,0.0,0.6666666666666666,0.06666666666666667,0.06666666666666667,0.0,0.0,0.6320748570853696
ep_22081,PPPAVPAADPAPAPA,15,1338.51,0.02,0.0,132.07,4.05,-1.0,0.9973962085004404,0.26666666666666666,L536H,False,,0.4,0.0,0.06666666666666667,0.0,0.0,0.0,0.0,0.0,0.0,0.0,0.0,0.0,0.4666666666666667,0.0,0.0,0.0,0.0,0.06666666666666667,0.0,0.0,0.6320314375835535
ep_61570,PSPQRPHAPPPQQQQ,15,1692.83,-2.25,0.0,167.03,10.18,1.09,0.9973945560994149,0.26666666666666666,K303R,False,,0.06666666666666667,0.0,0.0,0.0,0.0,0.0,0.06666666666666667,0.0,0.0,0.0,0.0,0.0,0.4,0.3333333333333333,0.06666666666666667,0.06666666666666667,0.0,0.0,0.0,0.0,0.6320306113830407
ep_38071,RPPSPQRPHAPPPQQ,15,1689.88,-2.19,0.0,167.03,12.0,2.09,0.9973781812605452,0.26666666666666666,K303R,False,,0.06666666666666667,0.0,0.0,0.0,0.0,0.0,0.06666666666666667,0.0,0.0,0.0,0.0,0.0,0.4666666666666667,0.2,0.13333333333333333,0.06666666666666667,0.0,0.0,0.0,0.0,0.632022423963606
ep_61085,TTSSSRSSSSSSGSD,15,1419.32,-1.19,0.0,141.35,5.75,-0.0,0.9973308403649761,0.26666666666666666,K303R,False,,0.0,0.0,0.06666666666666667,0.0,0.0,0.06666666666666667,0.0,0.0,0.0,0.0,0.0,0.0,0.0,0.0,0.06666666666666667,0.6666666666666666,0.13333333333333333,0.0,0.0,0.0,0.6319987535158214
ep_46449,PPPAAPSVAPPSVPP,15,1380.59,-0.04,0.0,137.73,5.95,-0.0,0.9973181911025457,0.26666666666666666,K303R,False,,0.2,0.0,0.0,0.0,0.0,0.0,0.0,0.0,0.0,0.0,0.0,0.0,0.5333333333333333,0.0,0.0,0.13333333333333333,0.0,0.13333333333333333,0.0,0.0,0.6319924288846062
ep_33506,RRHRHRRRAPPPRPL,15,1958.29,-2.58,0.0,195.91,12.0,7.18,0.9972875470306731,0.26666666666666666,K303R,False,,0.06666666666666667,0.0,0.0,0.0,0.0,0.0,0.13333333333333333,0.0,0.0,0.06666666666666667,0.0,0.0,0.26666666666666666,0.0,0.4666666666666667,0.0,0.0,0.0,0.0,0.0,0.6319771068486699
ep_39111,EPTSAPPQEPPPAPS,15,1501.59,-1.36,0.0,150.57,4.05,-2.0,0.9972815868016037,0.26666666666666666,K303R,False,,0.13333333333333333,0.0,0.0,0.13333333333333333,0.0,0.0,0.0,0.0,0.0,0.0,0.0,0.0,0.4666666666666667,0.06666666666666667,0.0,0.13333333333333333,0.06666666666666667,0.0,0.0,0.0,0.6319741267341352
ep_4312,VPMPACPPRQPVVLP,15,1600.99,0.33,0.0,160.59,8.22,0.95,0.9972793323211678,0.26666666666666666,K303R,False,,0.06666666666666667,0.06666666666666667,0.0,0.0,0.0,0.0,0.0,0.0,0.0,0.06666666666666667,0.06666666666666667,0.0,0.4,0.06666666666666667,0.06666666666666667,0.0,0.0,0.2,0.0,0.0,0.6319729994939173
ep_45411,MPQQPRPPPPPRPPP,15,1688.99,-2.01,0.0,169.81,12.0,2.0,0.9972555149542788,0.26666666666666666,K303R,False,,0.0,0.0,0.0,0.0,0.0,0.0,0.0,0.0,0.0,0.0,0.06666666666666667,0.0,0.6666666666666666,0.13333333333333333,0.13333333333333333,0.0,0.0,0.0,0.0,0.0,0.6319610908104727
ep_60816,APALPAPGPPPPAPL,15,1362.62,0.11,0.0,137.73,5.57,-0.0,0.9972219589277507,0.26666666666666666,D538G,False,,0.26666666666666666,0.0,0.0,0.0,0.0,0.06666666666666667,0.0,0.0,0.0,0.13333333333333333,0.0,0.0,0.5333333333333333,0.0,0.0,0.0,0.0,0.0,0.0,0.0,0.6319443127972086
ep_40993,APPPLAPLPAAPAPA,15,1350.6,0.48,0.0,137.73,5.57,-0.0,0.9971550282556141,0.26666666666666666,K303R,False,,0.4,0.0,0.0,0.0,0.0,0.0,0.0,0.0,0.0,0.13333333333333333,0.0,0.0,0.4666666666666667,0.0,0.0,0.0,0.0,0.0,0.0,0.0,0.6319108474611403
ep_25669,ASPHTPPPPPPSPLP,15,1488.69,-0.95,0.0,152.77,6.79,0.09,0.9971079973541169,0.26666666666666666,K303R,False,,0.06666666666666667,0.0,0.0,0.0,0.0,0.0,0.06666666666666667,0.0,0.0,0.06666666666666667,0.0,0.0,0.6,0.0,0.0,0.13333333333333333,0.06666666666666667,0.0,0.0,0.0,0.6318873320103918
ep_25070,PSSPRQQPAPAGPGG,15,1403.5,-1.25,0.0,144.55,10.18,1.0,0.9970716433148934,0.26666666666666666,K303R,False,,0.13333333333333333,0.0,0.0,0.0,0.0,0.2,0.0,0.0,0.0,0.0,0.0,0.0,0.3333333333333333,0.13333333333333333,0.06666666666666667,0.13333333333333333,0.0,0.0,0.0,0.0,0.63186915499078
ep_10414,PPVAPAVAPAAPPPA,15,1322.55,0.53,0.0,137.73,5.95,-0.0,0.9969906006981818,0.26666666666666666,L536H,False,,0.4,0.0,0.0,0.0,0.0,0.0,0.0,0.0,0.0,0.0,0.0,0.0,0.4666666666666667,0.0,0.0,0.0,0.0,0.13333333333333333,0.0,0.0,0.6318286336824243
ep_6428,PPPPLPVPVAPPVAP,15,1444.76,0.37,0.0,150.57,5.95,-0.0,0.9969870115658758,0.26666666666666666,L536H,False,,0.13333333333333333,0.0,0.0,0.0,0.0,0.0,0.0,0.0,0.0,0.06666666666666667,0.0,0.0,0.6,0.0,0.0,0.0,0.0,0.2,0.0,0.0,0.6318268391162712
ep_61445,PPPPPLPVPVAPPVA,15,1444.76,0.37,0.0,150.57,5.95,-0.0,0.9969870115658758,0.26666666666666666,L536H,False,,0.13333333333333333,0.0,0.0,0.0,0.0,0.0,0.0,0.0,0.0,0.06666666666666667,0.0,0.0,0.6,0.0,0.0,0.0,0.0,0.2,0.0,0.0,0.6318268391162712
ep_23453,APSAAASPARPAPPA,15,1331.48,-0.1,0.0,141.35,9.8,1.0,0.9968263908875384,0.26666666666666666,K303R,False,,0.4666666666666667,0.0,0.0,0.0,0.0,0.0,0.0,0.0,0.0,0.0,0.0,0.0,0.3333333333333333,0.0,0.06666666666666667,0.13333333333333333,0.0,0.0,0.0,0.0,0.6317465287771026
ep_12160,RRRGRAPRPRQRRRR,15,2030.36,-3.35,0.0,223.07,12.0,10.0,0.9965208743534155,0.26666666666666666,K303R,False,,0.06666666666666667,0.0,0.0,0.0,0.0,0.06666666666666667,0.0,0.0,0.0,0.0,0.0,0.0,0.13333333333333333,0.06666666666666667,0.6666666666666666,0.0,0.0,0.0,0.0,0.0,0.6315937705100411
ep_21413,PAPARPPAPAPLPVP,15,1447.72,-0.14,0.0,163.41,10.18,1.0,0.9962805351760436,0.26666666666666666,K303R,False,,0.26666666666666666,0.0,0.0,0.0,0.0,0.0,0.0,0.0,0.0,0.06666666666666667,0.0,0.0,0.5333333333333333,0.0,0.06666666666666667,0.0,0.0,0.06666666666666667,0.0,0.0,0.6314736009213552
ep_28119,CRRSPRPPPGPPPRR,15,1726.02,-2.16,0.0,198.44,12.0,4.95,0.9960964597047216,0.26666666666666666,K303R,False,,0.0,0.06666666666666667,0.0,0.0,0.0,0.06666666666666667,0.0,0.0,0.0,0.0,0.0,0.0,0.4666666666666667,0.0,0.3333333333333333,0.06666666666666667,0.0,0.0,0.0,0.0,0.6313815631856942
ep_13368,PGPAPAPPASPALPP,15,1336.53,-0.2,0.0,154.19,5.95,-0.0,0.996070379345689,0.26666666666666666,K303R,False,,0.26666666666666666,0.0,0.0,0.0,0.0,0.06666666666666667,0.0,0.0,0.0,0.06666666666666667,0.0,0.0,0.5333333333333333,0.0,0.0,0.06666666666666667,0.0,0.0,0.0,0.0,0.6313685230061779
ep_22577,PPAPAPLPVPAPALP,15,1404.69,0.41,0.0,163.41,5.95,-0.0,0.9959870454030325,0.26666666666666666,K303R,False,,0.26666666666666666,0.0,0.0,0.0,0.0,0.0,0.0,0.0,0.0,0.13333333333333333,0.0,0.0,0.5333333333333333,0.0,0.0,0.0,0.0,0.06666666666666667,0.0,0.0,0.6313268560348496
ep_62090,PASPPPPPLPVPVAP,15,1432.7,0.04,0.0,167.03,5.95,-0.0,0.995965157207639,0.26666666666666666,K303R,False,,0.13333333333333333,0.0,0.0,0.0,0.0,0.0,0.0,0.0,0.0,0.06666666666666667,0.0,0.0,0.6,0.0,0.0,0.06666666666666667,0.0,0.13333333333333333,0.0,0.0,0.6313159119371529
ep_50910,HRSLPHPAPSPPPSP,15,1573.75,-1.26,0.0,185.17,9.76,1.18,0.9958658908513921,0.26666666666666666,K303R,False,,0.06666666666666667,0.0,0.0,0.0,0.0,0.0,0.13333333333333333,0.0,0.0,0.06666666666666667,0.0,0.0,0.4666666666666667,0.0,0.06666666666666667,0.2,0.0,0.0,0.0,0.0,0.6312662787590294
ep_61402,APAPAPGPPAPPPRR,15,1448.67,-1.0,0.0,170.89,12.0,2.0,0.9958292520122795,0.26666666666666666,K303R,False,,0.26666666666666666,0.0,0.0,0.0,0.0,0.06666666666666667,0.0,0.0,0.0,0.0,0.0,0.0,0.5333333333333333,0.0,0.13333333333333333,0.0,0.0,0.0,0.0,0.0,0.6312479593394731
ep_44441,APAPLPVPAPALPAP,15,1378.66,0.64,0.0,163.41,5.57,-0.0,0.9957905933175042,0.26666666666666666,K303R,False,,0.3333333333333333,0.0,0.0,0.0,0.0,0.0,0.0,0.0,0.0,0.13333333333333333,0.0,0.0,0.4666666666666667,0.0,0.0,0.0,0.0,0.06666666666666667,0.0,0.0,0.6312286299920854
ep_2623,PAPAPLPVPAPALPA,15,1378.66,0.64,0.0,163.41,5.95,-0.0,0.9957903886629542,0.26666666666666666,K303R,False,,0.3333333333333333,0.0,0.0,0.0,0.0,0.0,0.0,0.0,0.0,0.13333333333333333,0.0,0.0,0.4666666666666667,0.0,0.0,0.0,0.0,0.06666666666666667,0.0,0.0,0.6312285276648104
ep_8282,AAASPAPSPQAMPAA,15,1337.5,0.2,0.0,161.41,5.57,-0.0,0.9955931117807441,0.26666666666666666,K303R,False,,0.4666666666666667,0.0,0.0,0.0,0.0,0.0,0.0,0.0,0.0,0.0,0.06666666666666667,0.0,0.26666666666666666,0.06666666666666667,0.0,0.13333333333333333,0.0,0.0,0.0,0.0,0.6311298892237054
ep_39038,PPVAPPVPVPVPPPS,15,1446.73,0.23,0.0,176.25,5.95,-0.0,0.9954883483210866,0.26666666666666666,Y537S,False,,0.06666666666666667,0.0,0.0,0.0,0.0,0.0,0.0,0.0,0.0,0.0,0.0,0.0,0.6,0.0,0.0,0.06666666666666667,0.0,0.26666666666666666,0.0,0.0,0.6310775074938766
ep_22669,RPAPPPRRRRRHRAA,15,1850.15,-2.38,0.0,234.09,12.0,7.09,0.995026050445421,0.26666666666666666,K303R,False,,0.2,0.0,0.0,0.0,0.0,0.0,0.06666666666666667,0.0,0.0,0.0,0.0,0.0,0.26666666666666666,0.0,0.4666666666666667,0.0,0.0,0.0,0.0,0.0,0.6308463585560439
ep_39366,VPPPPPAPAPLPAPA,15,1388.65,0.05,0.0,176.25,5.49,-0.0,0.9949991356363126,0.26666666666666666,L536H,False,,0.26666666666666666,0.0,0.0,0.0,0.0,0.0,0.0,0.0,0.0,0.06666666666666667,0.0,0.0,0.6,0.0,0.0,0.0,0.0,0.06666666666666667,0.0,0.0,0.6308329011514896
ep_14176,APPASPALPPAPAPG,15,1310.5,0.03,0.0,167.03,5.57,-0.0,0.9949449064122717,0.26666666666666666,K303R,False,,0.3333333333333333,0.0,0.0,0.0,0.0,0.06666666666666667,0.0,0.0,0.0,0.06666666666666667,0.0,0.0,0.4666666666666667,0.0,0.0,0.06666666666666667,0.0,0.0,0.0,0.0,0.6308057865394692
ep_61264,PPPAAAASPSPAPPP,15,1324.48,-0.36,0.0,170.64,5.95,-0.0,0.9948076485556205,0.26666666666666666,K303R,False,,0.3333333333333333,0.0,0.0,0.0,0.0,0.0,0.0,0.0,0.0,0.0,0.0,0.0,0.5333333333333333,0.0,0.0,0.13333333333333333,0.0,0.0,0.0,0.0,0.6307371576111436
ep_49913,PPPPVAPPVPPSPAA,15,1390.63,-0.09,0.0,179.87,5.95,-0.0,0.9947581268086637,0.26666666666666666,L536H,False,,0.2,0.0,0.0,0.0,0.0,0.0,0.0,0.0,0.0,0.0,0.0,0.0,0.6,0.0,0.0,0.06666666666666667,0.0,0.13333333333333333,0.0,0.0,0.6307123967376652
ep_62807,ASPAPSPQAMPAAGG,15,1309.45,-0.09,0.0,169.64,5.57,-0.0,0.9947358663175013,0.26666666666666666,K303R,False,,0.3333333333333333,0.0,0.0,0.0,0.0,0.13333333333333333,0.0,0.0,0.0,0.0,0.06666666666666667,0.0,0.26666666666666666,0.06666666666666667,0.0,0.13333333333333333,0.0,0.0,0.0,0.0,0.630701266492084
ep_23169,PAPPPRRRRRHRAAP,15,1791.08,-2.19,0.0,234.09,12.0,6.09,0.9946106193336504,0.26666666666666666,K303R,False,,0.2,0.0,0.0,0.0,0.0,0.0,0.06666666666666667,0.0,0.0,0.0,0.0,0.0,0.3333333333333333,0.0,0.4,0.0,0.0,0.0,0.0,0.0,0.6306386430001585
ep_40370,PAPPASPALPPAPAP,15,1350.56,-0.05,0.0,179.87,5.95,-0.0,0.9943646297449733,0.26666666666666666,K303R,False,,0.3333333333333333,0.0,0.0,0.0,0.0,0.0,0.0,0.0,0.0,0.06666666666666667,0.0,0.0,0.5333333333333333,0.0,0.0,0.06666666666666667,0.0,0.0,0.0,0.0,0.63051564820582
ep_46243,PAPAPPASPALPPAP,15,1350.56,-0.05,0.0,179.87,5.95,-0.0,0.9943646297449733,0.26666666666666666,K303R,False,,0.3333333333333333,0.0,0.0,0.0,0.0,0.0,0.0,0.0,0.0,0.06666666666666667,0.0,0.0,0.5333333333333333,0.0,0.0,0.06666666666666667,0.0,0.0,0.0,0.0,0.63051564820582
ep_43570,VPPPPVAPPVPPSPA,15,1418.68,0.07,0.0,192.71,5.49,-0.0,0.9940862890958085,0.26666666666666666,L536H,False,,0.13333333333333333,0.0,0.0,0.0,0.0,0.0,0.0,0.0,0.0,0.0,0.0,0.0,0.6,0.0,0.0,0.06666666666666667,0.0,0.2,0.0,0.0,0.6303764778812376
ep_26782,PSPAPAPPPVPAPPL,15,1404.65,-0.12,0.0,192.71,5.95,-0.0,0.9939403592087594,0.26666666666666666,K303R,False,,0.2,0.0,0.0,0.0,0.0,0.0,0.0,0.0,0.0,0.06666666666666667,0.0,0.0,0.6,0.0,0.0,0.06666666666666667,0.0,0.06666666666666667,0.0,0.0,0.630303512937713
ep_62055,APPVPVPVPPPSPPP,15,1444.72,-0.16,0.0,205.55,5.57,-0.0,0.993380915453338,0.26666666666666666,Y537S,False,,0.06666666666666667,0.0,0.0,0.0,0.0,0.0,0.0,0.0,0.0,0.0,0.0,0.0,0.6666666666666666,0.0,0.0,0.06666666666666667,0.0,0.2,0.0,0.0,0.6300237910600023
ep_42343,PPPAPSPAVAPPPSP,15,1378.57,-0.43,0.0,196.32,5.95,-0.0,0.9933648060624601,0.26666666666666666,K303R,False,,0.2,0.0,0.0,0.0,0.0,0.0,0.0,0.0,0.0,0.0,0.0,0.0,0.6,0.0,0.0,0.13333333333333333,0.0,0.06666666666666667,0.0,0.0,0.6300157363645634
ep_57301,PSPAVAPPPSPAPAP,15,1352.53,-0.2,0.0,196.32,5.95,-0.0,0.9930519456789875,0.26666666666666666,K303R,False,,0.26666666666666666,0.0,0.0,0.0,0.0,0.0,0.0,0.0,0.0,0.0,0.0,0.0,0.5333333333333333,0.0,0.0,0.13333333333333333,0.0,0.06666666666666667,0.0,0.0,0.629859306172827
ep_30125,KYIYFFFIIYILNII,15,1983.43,1.86,0.4,51.47,8.43,1.0,0.9999983788183273,0.2,S463P,False,,0.0,0.0,0.0,0.0,0.2,0.0,0.0,0.4,0.06666666666666667,0.06666666666666667,0.0,0.06666666666666667,0.0,0.0,0.0,0.0,0.0,0.0,0.0,0.2,0.5999991894091636
ep_15809,TNNNTTTNTSSSSSS,15,1502.41,-1.49,0.0,42.17,5.18,-0.0,0.9999965122315971,0.2,K303R,False,,0.0,0.0,0.0,0.0,0.0,0.0,0.0,0.0,0.0,0.0,0.0,0.26666666666666666,0.0,0.0,0.0,0.4,0.3333333333333333,0.0,0.0,0.0,0.5999982561157986
ep_59791,QTAAPTTTITITAPG,15,1443.6,0.21,0.0,35.01,5.53,-0.0,0.9999963022508644,0.2,S463P,False,,0.2,0.0,0.0,0.0,0.0,0.06666666666666667,0.0,0.13333333333333333,0.0,0.0,0.0,0.0,0.13333333333333333,0.06666666666666667,0.0,0.0,0.4,0.0,0.0,0.0,0.5999981511254322
ep_3973,KRAAEDAAKAKAKAE,15,1557.75,-1.2,0.0,43.91,9.53,2.0,0.9999919987349828,0.2,K303R,False,,0.4666666666666667,0.0,0.06666666666666667,0.13333333333333333,0.0,0.0,0.0,0.0,0.26666666666666666,0.0,0.0,0.0,0.0,0.0,0.06666666666666667,0.0,0.0,0.0,0.0,0.0,0.5999959993674914
ep_30618,ASSSNTAAAAAAVAA,15,1233.29,0.92,0.0,29.35,5.57,-0.0,0.9999898873809137,0.2,K303R,False,,0.6,0.0,0.0,0.0,0.0,0.0,0.0,0.0,0.0,0.0,0.0,0.06666666666666667,0.0,0.0,0.0,0.2,0.06666666666666667,0.06666666666666667,0.0,0.0,0.5999949436904568
ep_24120,IQHNFETNKWFYIDP,15,1952.13,-0.97,0.27,42.6,5.32,-0.91,0.9999893623195176,0.2,E380Q,False,,0.0,0.0,0.06666666666666667,0.06666666666666667,0.13333333333333333,0.0,0.06666666666666667,0.13333333333333333,0.06666666666666667,0.0,0.0,0.13333333333333333,0.06666666666666667,0.06666666666666667,0.0,0.0,0.06666666666666667,0.0,0.06666666666666667,0.06666666666666667,0.5999946811597588
ep_59871,FIQHNFETNKWFYID,15,2002.19,-0.67,0.33,42.6,5.45,-0.91,0.9999867138044258,0.2,E380Q,False,,0.0,0.0,0.06666666666666667,0.06666666666666667,0.2,0.0,0.06666666666666667,0.13333333333333333,0.06666666666666667,0.0,0.0,0.13333333333333333,0.0,0.06666666666666667,0.0,0.0,0.06666666666666667,0.0,0.06666666666666667,0.06666666666666667,0.5999933569022129
ep_7546,APGPPAARTGTAAAA,15,1279.4,0.07,0.0,36.53,9.8,1.0,0.9999826842451082,0.2,K303R,False,,0.4666666666666667,0.0,0.0,0.0,0.0,0.13333333333333333,0.0,0.0,0.0,0.0,0.0,0.0,0.2,0.0,0.06666666666666667,0.0,0.13333333333333333,0.0,0.0,0.0,0.5999913421225541
ep_8585,AAAKRAAEDAAKAKA,15,1442.62,-0.47,0.0,43.91,9.7,2.0,0.9999823070947012,0.2,K303R,False,,0.6,0.0,0.06666666666666667,0.06666666666666667,0.0,0.0,0.0,0.0,0.2,0.0,0.0,0.0,0.0,0.0,0.06666666666666667,0.0,0.0,0.0,0.0,0.0,0.5999911535473506
ep_742,AAGSSAGAGAGPGGG,15,1044.03,0.2,0.0,27.31,5.57,-0.0,0.9999814671370455,0.2,S463P,False,,0.3333333333333333,0.0,0.0,0.0,0.0,0.4666666666666667,0.0,0.0,0.0,0.0,0.0,0.0,0.06666666666666667,0.0,0.0,0.13333333333333333,0.0,0.0,0.0,0.0,0.5999907335685227
ep_51130,GGEGDGGEDDGGDDG,15,1308.09,-1.85,0.0,36.8,4.05,-6.99,0.999980011485641,0.2,S463P,False,,0.0,0.0,0.3333333333333333,0.13333333333333333,0.0,0.5333333333333333,0.0,0.0,0.0,0.0,0.0,0.0,0.0,0.0,0.0,0.0,0.0,0.0,0.0,0.0,0.5999900057428205
ep_2384,REEFERHFAEFEARS,15,1940.04,-1.53,0.2,66.29,5.02,-1.9,0.9999669707233431,0.2,K303R,False,,0.13333333333333333,0.0,0.0,0.3333333333333333,0.2,0.0,0.06666666666666667,0.0,0.0,0.0,0.0,0.0,0.0,0.0,0.2,0.06666666666666667,0.0,0.0,0.0,0.0,0.5999834853616716
ep_1296,VAASTPAAAAAPAAD,15,1254.35,0.81,0.0,42.19,4.3,-1.0,0.9999667359177316,0.2,S463P,False,,0.6,0.0,0.06666666666666667,0.0,0.0,0.0,0.0,0.0,0.0,0.0,0.0,0.0,0.13333333333333333,0.0,0.0,0.06666666666666667,0.06666666666666667,0.06666666666666667,0.0,0.0,0.5999833679588658
ep_15515,GGGAVVVGVRGGGVA,15,1211.37,1.15,0.0,25.26,9.75,1.0,0.9999666868408413,0.2,L536H,False,,0.13333333333333333,0.0,0.0,0.0,0.0,0.4666666666666667,0.0,0.0,0.0,0.0,0.0,0.0,0.0,0.0,0.06666666666666667,0.0,0.0,0.3333333333333333,0.0,0.0,0.5999833434204207
ep_18996,APSTPVAATTTVATP,15,1384.53,0.43,0.0,47.85,5.57,-0.0,0.9999625737311402,0.2,K303R,False,,0.26666666666666666,0.0,0.0,0.0,0.0,0.0,0.0,0.0,0.0,0.0,0.0,0.0,0.2,0.0,0.0,0.06666666666666667,0.3333333333333333,0.13333333333333333,0.0,0.0,0.5999812868655701
ep_36595,ARPAGPPRAAAATAG,15,1334.48,-0.18,0.0,42.83,12.0,2.0,0.9999619035879432,0.2,K303R,False,,0.4666666666666667,0.0,0.0,0.0,0.0,0.13333333333333333,0.0,0.0,0.0,0.0,0.0,0.0,0.2,0.0,0.13333333333333333,0.0,0.06666666666666667,0.0,0.0,0.0,0.5999809517939716
ep_19450,TAAAATTTTTPPAPT,15,1372.48,-0.05,0.0,47.85,5.18,-0.0,0.9999598459564495,0.2,S463P,False,,0.3333333333333333,0.0,0.0,0.0,0.0,0.0,0.0,0.0,0.0,0.0,0.0,0.0,0.2,0.0,0.0,0.0,0.4666666666666667,0.0,0.0,0.0,0.5999799229782248
ep_38410,PSTAAATAAATAAAA,15,1216.3,0.9,0.0,22.17,5.95,-0.0,0.9999597548989634,0.2,S463P,False,,0.6666666666666666,0.0,0.0,0.0,0.0,0.0,0.0,0.0,0.0,0.0,0.0,0.0,0.06666666666666667,0.0,0.0,0.06666666666666667,0.2,0.0,0.0,0.0,0.5999798774494817
ep_19269,AGAGAGPGGGGPSGP,15,1066.08,-0.23,0.0,35.53,5.57,-0.0,0.9999580579810146,0.2,K303R,False,,0.2,0.0,0.0,0.0,0.0,0.5333333333333333,0.0,0.0,0.0,0.0,0.0,0.0,0.2,0.0,0.0,0.06666666666666667,0.0,0.0,0.0,0.0,0.5999790289905073
ep_8475,TAGATAGSGGGADPF,15,1236.24,0.05,0.07,21.65,4.05,-1.0,0.9999557693709653,0.2,S463P,False,,0.26666666666666666,0.0,0.06666666666666667,0.0,0.06666666666666667,0.3333333333333333,0.0,0.0,0.0,0.0,0.0,0.0,0.06666666666666667,0.0,0.0,0.06666666666666667,0.13333333333333333,0.0,0.0,0.0,0.5999778846854826
ep_7405,SAGAGAGPGGGGPSG,15,1056.04,-0.17,0.0,35.53,5.24,-0.0,0.9999554994164219,0.2,K303R,False,,0.2,0.0,0.0,0.0,0.0,0.5333333333333333,0.0,0.0,0.0,0.0,0.0,0.0,0.13333333333333333,0.0,0.0,0.13333333333333333,0.0,0.0,0.0,0.0,0.5999777497082109
ep_61388,AAEDAAKAKAKAEAE,15,1473.58,-0.75,0.0,22.17,5.06,-1.0,0.9999359717322783,0.2,S463P,False,,0.5333333333333333,0.0,0.06666666666666667,0.2,0.0,0.0,0.0,0.0,0.2,0.0,0.0,0.0,0.0,0.0,0.0,0.0,0.0,0.0,0.0,0.0,0.5999679858661392
ep_26353,AEDAAKAKAKAEAEA,15,1473.58,-0.75,0.0,22.17,4.87,-1.0,0.9999359698131611,0.2,S463P,False,,0.5333333333333333,0.0,0.06666666666666667,0.2,0.0,0.0,0.0,0.0,0.2,0.0,0.0,0.0,0.0,0.0,0.0,0.0,0.0,0.0,0.0,0.0,0.5999679849065805
ep_46881,RVPVAVVIVASAGIW,15,1536.86,1.81,0.07,23.69,9.75,1.0,0.9999356932220825,0.2,K303R,False,,0.2,0.0,0.0,0.0,0.0,0.06666666666666667,0.0,0.13333333333333333,0.0,0.0,0.0,0.0,0.06666666666666667,0.0,0.06666666666666667,0.06666666666666667,0.0,0.3333333333333333,0.06666666666666667,0.0,0.5999678466110413
ep_9551,GGGASGAGAGGSGSG,15,1005.94,-0.04,0.0,17.03,5.53,-0.0,0.999934636557943,0.2,K303R,False,,0.2,0.0,0.0,0.0,0.0,0.6,0.0,0.0,0.0,0.0,0.0,0.0,0.0,0.0,0.0,0.2,0.0,0.0,0.0,0.0,0.5999673182789715
ep_53980,RRGRGRAAAVAVGRG,15,1509.72,-0.57,0.0,24.88,12.0,5.0,0.9999345152060868,0.2,D538G,False,,0.26666666666666666,0.0,0.0,0.0,0.0,0.26666666666666666,0.0,0.0,0.0,0.0,0.0,0.0,0.0,0.0,0.3333333333333333,0.0,0.0,0.13333333333333333,0.0,0.0,0.5999672576030434
ep_51570,FHPGPPPGMPGPHMM,15,1586.9,-0.58,0.07,60.47,6.92,0.18,0.9999284142295862,0.2,K303R,False,,0.0,0.0,0.0,0.0,0.06666666666666667,0.2,0.13333333333333333,0.0,0.0,0.0,0.2,0.0,0.4,0.0,0.0,0.0,0.0,0.0,0.0,0.0,0.5999642071147931
ep_57248,IARALITEPKIIFAD,15,1670.99,0.82,0.07,23.69,6.19,0.0,0.9999273087034509,0.2,K303R,False,,0.2,0.0,0.06666666666666667,0.06666666666666667,0.06666666666666667,0.0,0.0,0.26666666666666666,0.06666666666666667,0.06666666666666667,0.0,0.0,0.06666666666666667,0.0,0.06666666666666667,0.0,0.06666666666666667,0.0,0.0,0.0,0.5999636543517255
ep_48825,QPHPPHPHQHPHPHP,15,1776.92,-2.49,0.0,25.41,7.21,0.54,0.9999271657920276,0.2,E380Q,False,,0.0,0.0,0.0,0.0,0.0,0.0,0.4,0.0,0.0,0.0,0.0,0.0,0.4666666666666667,0.13333333333333333,0.0,0.0,0.0,0.0,0.0,0.0,0.5999635828960138
ep_51488,PHAQPAAAGGAAPTP,15,1313.42,-0.25,0.0,50.42,7.17,0.09,0.9999199037793375,0.2,E380Q,False,,0.4,0.0,0.0,0.0,0.0,0.13333333333333333,0.06666666666666667,0.0,0.0,0.0,0.0,0.0,0.26666666666666666,0.06666666666666667,0.0,0.0,0.06666666666666667,0.0,0.0,0.0,0.5999599518896688
ep_32433,GGDAGGGAVVVGVRG,15,1227.33,0.64,0.0,17.03,5.84,-0.0,0.9999162817950124,0.2,D538G,False,,0.13333333333333333,0.0,0.06666666666666667,0.0,0.0,0.4666666666666667,0.0,0.0,0.0,0.0,0.0,0.0,0.0,0.0,0.06666666666666667,0.0,0.0,0.26666666666666666,0.0,0.0,0.5999581408975062
ep_12884,ATATATATTTTASGG,15,1282.31,0.17,0.0,17.56,5.57,-0.0,0.9999162769914423,0.2,S463P,False,,0.3333333333333333,0.0,0.0,0.0,0.0,0.13333333333333333,0.0,0.0,0.0,0.0,0.0,0.0,0.0,0.0,0.0,0.06666666666666667,0.4666666666666667,0.0,0.0,0.0,0.5999581384957211
ep_62861,GGERETGGGGGGDAG,15,1233.16,-1.17,0.0,48.01,4.14,-2.0,0.9999115131261467,0.2,E380Q,False,,0.06666666666666667,0.0,0.06666666666666667,0.13333333333333333,0.0,0.6,0.0,0.0,0.0,0.0,0.0,0.0,0.0,0.0,0.06666666666666667,0.0,0.06666666666666667,0.0,0.0,0.0,0.5999557565630733
ep_10329,PALAAAATAAAAAPS,15,1224.36,1.14,0.0,47.85,5.95,-0.0,0.9999094566065152,0.2,K303R,False,,0.6666666666666666,0.0,0.0,0.0,0.0,0.0,0.0,0.0,0.0,0.06666666666666667,0.0,0.0,0.13333333333333333,0.0,0.0,0.06666666666666667,0.06666666666666667,0.0,0.0,0.0,0.5999547283032576
ep_23740,GGAVVVGVRGGGVAG,15,1211.37,1.15,0.0,17.03,9.75,1.0,0.9999071732240257,0.2,L536H,False,,0.13333333333333333,0.0,0.0,0.0,0.0,0.4666666666666667,0.0,0.0,0.0,0.0,0.0,0.0,0.0,0.0,0.06666666666666667,0.0,0.0,0.3333333333333333,0.0,0.0,0.5999535866120128
ep_20969,KGGDEGEGEGDDGEE,15,1479.33,-2.29,0.0,18.55,4.05,-6.99,0.9998937466131304,0.2,S463P,False,,0.0,0.0,0.2,0.3333333333333333,0.0,0.4,0.0,0.0,0.06666666666666667,0.0,0.0,0.0,0.0,0.0,0.0,0.0,0.0,0.0,0.0,0.0,0.5999468733065652
ep_57685,GAAGSSAGAGAGPGG,15,1044.03,0.2,0.0,13.42,5.53,-0.0,0.999892255151602,0.2,S463P,False,,0.3333333333333333,0.0,0.0,0.0,0.0,0.4666666666666667,0.0,0.0,0.0,0.0,0.0,0.0,0.06666666666666667,0.0,0.0,0.13333333333333333,0.0,0.0,0.0,0.0,0.599946127575801
ep_16583,TPRTPTTPTPTPQTP,15,1592.75,-1.5,0.0,17.15,9.41,1.0,0.9998759771378889,0.2,S463P,False,,0.0,0.0,0.0,0.0,0.0,0.0,0.0,0.0,0.0,0.0,0.0,0.0,0.4,0.06666666666666667,0.06666666666666667,0.0,0.4666666666666667,0.0,0.0,0.0,0.5999379885689444
ep_25853,AAGGAAPTPAAAAGG,15,1110.18,0.59,0.0,45.81,5.57,-0.0,0.9998737294995322,0.2,S463P,False,,0.5333333333333333,0.0,0.0,0.0,0.0,0.26666666666666666,0.0,0.0,0.0,0.0,0.0,0.0,0.13333333333333333,0.0,0.0,0.0,0.06666666666666667,0.0,0.0,0.0,0.5999368647497662
ep_15113,QQSAAAAAAASAAAA,15,1230.29,0.75,0.0,51.47,5.53,-0.0,0.9998711815977107,0.2,E380Q,False,,0.7333333333333333,0.0,0.0,0.0,0.0,0.0,0.0,0.0,0.0,0.0,0.0,0.0,0.0,0.13333333333333333,0.0,0.13333333333333333,0.0,0.0,0.0,0.0,0.5999355907988554
ep_22402,GGAGGGGERETGGGG,15,1175.12,-0.96,0.0,50.57,4.53,-1.0,0.9998495738183409,0.2,S463P,False,,0.06666666666666667,0.0,0.0,0.13333333333333333,0.0,0.6666666666666666,0.0,0.0,0.0,0.0,0.0,0.0,0.0,0.0,0.06666666666666667,0.0,0.06666666666666667,0.0,0.0,0.0,0.5999247869091705
ep_42439,NNNTTTNTSSSSSSS,15,1488.38,-1.49,0.0,65.03,5.53,-0.0,0.9998458248189,0.2,K303R,False,,0.0,0.0,0.0,0.0,0.0,0.0,0.0,0.0,0.0,0.0,0.0,0.26666666666666666,0.0,0.0,0.0,0.4666666666666667,0.26666666666666666,0.0,0.0,0.0,0.5999229124094501
ep_54817,PAAAGGAAPTPAAAA,15,1164.27,0.66,0.0,50.42,5.95,-0.0,0.9998437156092357,0.2,S463P,False,,0.6,0.0,0.0,0.0,0.0,0.13333333333333333,0.0,0.0,0.0,0.0,0.0,0.0,0.2,0.0,0.0,0.0,0.06666666666666667,0.0,0.0,0.0,0.5999218578046178
ep_163,PQGGGPGAGAGAGTG,15,1111.12,-0.35,0.0,10.33,5.95,-0.0,0.9998427616357053,0.2,S463P,False,,0.2,0.0,0.0,0.0,0.0,0.5333333333333333,0.0,0.0,0.0,0.0,0.0,0.0,0.13333333333333333,0.06666666666666667,0.0,0.0,0.06666666666666667,0.0,0.0,0.0,0.5999213808178526
ep_561,SNHTHTHTRTHTESH,15,1782.79,-2.17,0.0,14.91,6.94,0.45,0.9998392461028845,0.2,K303R,False,,0.0,0.0,0.0,0.06666666666666667,0.0,0.0,0.3333333333333333,0.0,0.0,0.0,0.0,0.06666666666666667,0.0,0.0,0.06666666666666667,0.13333333333333333,0.3333333333333333,0.0,0.0,0.0,0.5999196230514423
ep_53345,NHTHTHTRTHTESHV,15,1794.84,-1.84,0.0,14.91,7.16,0.45,0.9998384381638621,0.2,E380Q,False,,0.0,0.0,0.0,0.06666666666666667,0.0,0.0,0.3333333333333333,0.0,0.0,0.0,0.0,0.06666666666666667,0.0,0.0,0.06666666666666667,0.06666666666666667,0.3333333333333333,0.06666666666666667,0.0,0.0,0.599919219081931
ep_20776,RARYARDIARGVAAL,15,1658.91,-0.11,0.07,14.43,11.54,3.0,0.9998377859750437,0.2,K303R,False,,0.3333333333333333,0.0,0.06666666666666667,0.0,0.0,0.06666666666666667,0.0,0.06666666666666667,0.0,0.06666666666666667,0.0,0.0,0.0,0.0,0.26666666666666666,0.0,0.0,0.06666666666666667,0.0,0.06666666666666667,0.5999188929875219
ep_15128,MEIIQTLIEMNIYIT,15,1825.19,0.89,0.07,80.76,4.05,-2.0,0.9998368308858242,0.2,K303R,False,,0.0,0.0,0.0,0.13333333333333333,0.0,0.0,0.0,0.3333333333333333,0.0,0.06666666666666667,0.13333333333333333,0.06666666666666667,0.0,0.06666666666666667,0.0,0.0,0.13333333333333333,0.0,0.0,0.06666666666666667,0.5999184154429121
ep_12619,ATATATATATAAAAS,15,1250.31,0.79,0.0,9.33,5.57,-0.0,0.9998176504400499,0.2,S463P,False,,0.6,0.0,0.0,0.0,0.0,0.0,0.0,0.0,0.0,0.0,0.0,0.0,0.0,0.0,0.0,0.06666666666666667,0.3333333333333333,0.0,0.0,0.0,0.599908825220025
ep_9164,RPAAAQQAAASAAAP,15,1351.47,0.05,0.0,60.69,9.75,1.0,0.9998149053194381,0.2,K303R,False,,0.6,0.0,0.0,0.0,0.0,0.0,0.0,0.0,0.0,0.0,0.0,0.0,0.13333333333333333,0.13333333333333333,0.06666666666666667,0.06666666666666667,0.0,0.0,0.0,0.0,0.599907452659719
ep_29660,AAAAVVVAVVVVVAA,15,1308.61,3.08,0.0,9.33,5.57,-0.0,0.9998110603082944,0.2,L536H,False,,0.4666666666666667,0.0,0.0,0.0,0.0,0.0,0.0,0.0,0.0,0.0,0.0,0.0,0.0,0.0,0.0,0.0,0.0,0.5333333333333333,0.0,0.0,0.5999055301541472
ep_65336,RARGRTRAGGRERAG,15,1626.79,-1.83,0.0,11.9,12.0,5.0,0.9998065401111879,0.2,S463P,False,,0.2,0.0,0.0,0.06666666666666667,0.0,0.26666666666666666,0.0,0.0,0.0,0.0,0.0,0.0,0.0,0.0,0.4,0.0,0.06666666666666667,0.0,0.0,0.0,0.599903270055594
ep_60664,GGGERETGGGGGGDA,15,1233.16,-1.17,0.0,56.23,4.14,-2.0,0.9998049230819663,0.2,E380Q,False,,0.06666666666666667,0.0,0.06666666666666667,0.13333333333333333,0.0,0.6,0.0,0.0,0.0,0.0,0.0,0.0,0.0,0.0,0.06666666666666667,0.0,0.06666666666666667,0.0,0.0,0.0,0.5999024615409831
ep_59022,AAKAKAKAEAEAAAA,15,1371.54,-0.05,0.0,9.33,8.54,1.0,0.9998041744052579,0.2,S463P,False,,0.6666666666666666,0.0,0.0,0.13333333333333333,0.0,0.0,0.0,0.0,0.2,0.0,0.0,0.0,0.0,0.0,0.0,0.0,0.0,0.0,0.0,0.0,0.5999020872026289
ep_24026,ACETNRHIAAAAAIS,15,1498.66,0.41,0.0,70.74,6.78,0.05,0.9997788610044931,0.2,E380Q,False,,0.4,0.06666666666666667,0.0,0.06666666666666667,0.0,0.0,0.06666666666666667,0.13333333333333333,0.0,0.0,0.0,0.06666666666666667,0.0,0.0,0.06666666666666667,0.06666666666666667,0.06666666666666667,0.0,0.0,0.0,0.5998894305022465
ep_57712,ALARPARPAGPPRAA,15,1471.71,-0.38,0.0,68.51,12.0,3.0,0.9997784752661254,0.2,K303R,False,,0.4,0.0,0.0,0.0,0.0,0.06666666666666667,0.0,0.0,0.0,0.06666666666666667,0.0,0.0,0.26666666666666666,0.0,0.2,0.0,0.0,0.0,0.0,0.0,0.5998892376330627
ep_23118,HPAAGPDPAPPGRPG,15,1393.51,-1.11,0.0,66.59,6.74,0.09,0.9997642268503085,0.2,K303R,False,,0.2,0.0,0.06666666666666667,0.0,0.0,0.2,0.06666666666666667,0.0,0.0,0.0,0.0,0.0,0.4,0.0,0.06666666666666667,0.0,0.0,0.0,0.0,0.0,0.5998821134251543
ep_38618,APAPGPPAARTGTAA,15,1305.44,-0.15,0.0,62.21,9.8,1.0,0.9997577695258313,0.2,K303R,False,,0.4,0.0,0.0,0.0,0.0,0.13333333333333333,0.0,0.0,0.0,0.0,0.0,0.0,0.26666666666666666,0.0,0.06666666666666667,0.0,0.13333333333333333,0.0,0.0,0.0,0.5998788847629156
ep_24875,THTHTHHTPPHHHSH,15,1800.85,-2.16,0.0,7.09,7.05,0.73,0.9997503225454167,0.2,K303R,False,,0.0,0.0,0.0,0.0,0.0,0.0,0.5333333333333333,0.0,0.0,0.0,0.0,0.0,0.13333333333333333,0.0,0.0,0.06666666666666667,0.26666666666666666,0.0,0.0,0.0,0.5998751612727083
ep_63171,ARPARPAGPPRAAAA,15,1429.63,-0.51,0.0,68.51,12.0,3.0,0.9997478989208686,0.2,K303R,False,,0.4666666666666667,0.0,0.0,0.0,0.0,0.06666666666666667,0.0,0.0,0.0,0.0,0.0,0.0,0.26666666666666666,0.0,0.2,0.0,0.0,0.0,0.0,0.0,0.5998739494604343
ep_17914,RPHGRAAAGPAPAPG,15,1382.53,-0.72,0.0,66.62,12.0,2.09,0.9997410832159228,0.2,L536H,False,,0.3333333333333333,0.0,0.0,0.0,0.0,0.2,0.06666666666666667,0.0,0.0,0.0,0.0,0.0,0.26666666666666666,0.0,0.13333333333333333,0.0,0.0,0.0,0.0,0.0,0.5998705416079614
ep_54370,AALVAAVAAAAAAAD,15,1226.38,1.9,0.0,3.67,4.3,-1.0,0.9997227228322099,0.2,E380Q,False,,0.7333333333333333,0.0,0.06666666666666667,0.0,0.0,0.0,0.0,0.0,0.0,0.06666666666666667,0.0,0.0,0.0,0.0,0.0,0.0,0.0,0.13333333333333333,0.0,0.0,0.5998613614161049
ep_14721,AGGAAPTPAAAAGGG,15,1096.15,0.45,0.0,54.03,5.57,-0.0,0.9997204246434049,0.2,S463P,False,,0.4666666666666667,0.0,0.0,0.0,0.0,0.3333333333333333,0.0,0.0,0.0,0.0,0.0,0.0,0.13333333333333333,0.0,0.0,0.0,0.06666666666666667,0.0,0.0,0.0,0.5998602123217025
ep_17849,VLGAVVAGVVRAAAG,15,1309.56,1.87,0.0,3.67,9.72,1.0,0.9997124540690449,0.2,E380Q,False,,0.3333333333333333,0.0,0.0,0.0,0.0,0.2,0.0,0.0,0.0,0.06666666666666667,0.0,0.0,0.0,0.0,0.06666666666666667,0.0,0.0,0.3333333333333333,0.0,0.0,0.5998562270345225
ep_39342,WRVIAVSVIGVTVAA,15,1540.85,1.87,0.07,3.67,9.75,1.0,0.9997100857712631,0.2,K303R,False,,0.2,0.0,0.0,0.0,0.0,0.06666666666666667,0.0,0.13333333333333333,0.0,0.0,0.0,0.0,0.0,0.0,0.06666666666666667,0.06666666666666667,0.06666666666666667,0.3333333333333333,0.06666666666666667,0.0,0.5998550428856315
ep_64019,TGAGGDGAGGGGGGG,15,1003.93,-0.33,0.0,49.94,4.05,-1.0,0.9997035572337691,0.2,E380Q,False,,0.13333333333333333,0.0,0.06666666666666667,0.0,0.0,0.7333333333333333,0.0,0.0,0.0,0.0,0.0,0.0,0.0,0.0,0.0,0.0,0.06666666666666667,0.0,0.0,0.0,0.5998517786168845
ep_58640,AAAPLPPAAAAAAAG,15,1190.35,1.11,0.0,60.69,5.57,-0.0,0.9996852869973738,0.2,L536H,False,,0.6666666666666666,0.0,0.0,0.0,0.0,0.06666666666666667,0.0,0.0,0.0,0.06666666666666667,0.0,0.0,0.2,0.0,0.0,0.0,0.0,0.0,0.0,0.0,0.5998426434986869
ep_29602,SHTHTHTHHTPPHHH,15,1800.85,-2.16,0.0,2.07,7.08,0.73,0.9996843365617438,0.2,E380Q,False,,0.0,0.0,0.0,0.0,0.0,0.0,0.5333333333333333,0.0,0.0,0.0,0.0,0.0,0.13333333333333333,0.0,0.0,0.06666666666666667,0.26666666666666666,0.0,0.0,0.0,0.5998421682808719
ep_26445,HSHTHTHTHHTPPHH,15,1800.85,-2.16,0.0,2.07,7.28,0.73,0.999684269692774,0.2,E380Q,False,,0.0,0.0,0.0,0.0,0.0,0.0,0.5333333333333333,0.0,0.0,0.0,0.0,0.0,0.13333333333333333,0.0,0.0,0.06666666666666667,0.26666666666666666,0.0,0.0,0.0,0.599842134846387
ep_13146,HTHTHTHHTPPHHHS,15,1800.85,-2.16,0.0,2.07,7.28,0.73,0.999684269692774,0.2,K303R,False,,0.0,0.0,0.0,0.0,0.0,0.0,0.5333333333333333,0.0,0.0,0.0,0.0,0.0,0.13333333333333333,0.0,0.0,0.06666666666666667,0.26666666666666666,0.0,0.0,0.0,0.599842134846387
ep_61116,SSPVSAAAAATAAAA,15,1216.3,1.05,0.0,64.31,5.24,-0.0,0.9996384712219919,0.2,K303R,False,,0.6,0.0,0.0,0.0,0.0,0.0,0.0,0.0,0.0,0.0,0.0,0.0,0.06666666666666667,0.0,0.0,0.2,0.06666666666666667,0.06666666666666667,0.0,0.0,0.5998192356109959
ep_43318,GGGGERETGGGGGGD,15,1219.13,-1.31,0.0,64.46,4.38,-2.0,0.9996374613675046,0.2,S463P,False,,0.0,0.0,0.06666666666666667,0.13333333333333333,0.0,0.6666666666666666,0.0,0.0,0.0,0.0,0.0,0.0,0.0,0.0,0.06666666666666667,0.0,0.06666666666666667,0.0,0.0,0.0,0.5998187306837524
ep_56069,TGFAVSGVCVIIIMN,15,1523.86,1.95,0.07,-1.35,5.18,-0.05,0.9996314514645436,0.2,K303R,False,,0.06666666666666667,0.06666666666666667,0.0,0.0,0.06666666666666667,0.13333333333333333,0.0,0.2,0.0,0.0,0.06666666666666667,0.06666666666666667,0.0,0.0,0.0,0.06666666666666667,0.06666666666666667,0.2,0.0,0.0,0.5998157257322718
ep_19968,RPRPPPPPTPCPCSA,15,1572.85,-1.1,0.0,84.13,9.02,1.91,0.9996247358141488,0.2,K303R,False,,0.06666666666666667,0.13333333333333333,0.0,0.0,0.0,0.0,0.0,0.0,0.0,0.0,0.0,0.0,0.5333333333333333,0.0,0.13333333333333333,0.06666666666666667,0.06666666666666667,0.0,0.0,0.0,0.5998123679070744
ep_27448,HAHAYTAAVAAAAAA,15,1366.48,0.92,0.07,-1.99,6.92,0.18,0.9996127015229536,0.2,E380Q,False,,0.6666666666666666,0.0,0.0,0.0,0.0,0.0,0.13333333333333333,0.0,0.0,0.0,0.0,0.0,0.0,0.0,0.0,0.0,0.06666666666666667,0.06666666666666667,0.0,0.06666666666666667,0.5998063507614768
ep_43267,AHAYTAAVAAAAAAA,15,1300.42,1.25,0.07,-1.99,6.78,0.09,0.9996087500984063,0.2,E380Q,False,,0.7333333333333333,0.0,0.0,0.0,0.0,0.0,0.06666666666666667,0.0,0.0,0.0,0.0,0.0,0.0,0.0,0.0,0.0,0.06666666666666667,0.06666666666666667,0.0,0.06666666666666667,0.5998043750492031
ep_48143,AGPGGGGPSGPGPAA,15,1106.15,-0.31,0.0,59.69,5.57,-0.0,0.9996028940777474,0.2,K303R,False,,0.2,0.0,0.0,0.0,0.0,0.4666666666666667,0.0,0.0,0.0,0.0,0.0,0.0,0.26666666666666666,0.0,0.0,0.06666666666666667,0.0,0.0,0.0,0.0,0.5998014470388737
ep_44640,PQPPPQRPHPPHPHQ,15,1746.93,-2.49,0.0,95.37,10.18,1.27,0.9995940344645237,0.2,K303R,False,,0.0,0.0,0.0,0.0,0.0,0.0,0.2,0.0,0.0,0.0,0.0,0.0,0.5333333333333333,0.2,0.06666666666666667,0.0,0.0,0.0,0.0,0.0,0.5997970172322619
ep_33909,EKGGDEGEGEGDDGE,15,1479.33,-2.29,0.0,-3.18,4.05,-6.99,0.9995850332204108,0.2,S463P,False,,0.0,0.0,0.2,0.3333333333333333,0.0,0.4,0.0,0.0,0.06666666666666667,0.0,0.0,0.0,0.0,0.0,0.0,0.0,0.0,0.0,0.0,0.0,0.5997925166102054
ep_24303,AGGGGERETGGGGGG,15,1175.12,-0.96,0.0,64.46,4.53,-1.0,0.9995821446995448,0.2,S463P,False,,0.06666666666666667,0.0,0.0,0.13333333333333333,0.0,0.6666666666666666,0.0,0.0,0.0,0.0,0.0,0.0,0.0,0.0,0.06666666666666667,0.0,0.06666666666666667,0.0,0.0,0.0,0.5997910723497724
ep_61913,HGPHRRHRPPPGGRG,15,1670.84,-2.37,0.0,94.53,12.0,4.27,0.9995282994256125,0.2,K303R,False,,0.0,0.0,0.0,0.0,0.0,0.26666666666666666,0.2,0.0,0.0,0.0,0.0,0.0,0.26666666666666666,0.0,0.26666666666666666,0.0,0.0,0.0,0.0,0.0,0.5997641497128062
ep_24604,RTAAGRAAFWAAVGL,15,1517.73,0.68,0.13,-6.35,12.0,2.0,0.9995256060268325,0.2,K303R,False,,0.4,0.0,0.0,0.0,0.06666666666666667,0.13333333333333333,0.0,0.0,0.0,0.06666666666666667,0.0,0.0,0.0,0.0,0.13333333333333333,0.0,0.06666666666666667,0.06666666666666667,0.06666666666666667,0.0,0.5997628030134162
ep_27260,RLPRPRPPPPPTPCP,15,1678.01,-1.49,0.0,96.97,11.7,2.95,0.9994944259240609,0.2,K303R,False,,0.0,0.06666666666666667,0.0,0.0,0.0,0.0,0.0,0.0,0.0,0.06666666666666667,0.0,0.0,0.6,0.0,0.2,0.0,0.06666666666666667,0.0,0.0,0.0,0.5997472129620305
ep_55539,AATTTVAAAPAPAPG,15,1266.4,0.63,0.0,73.53,5.57,-0.0,0.9994892973002788,0.2,E380Q,False,,0.4666666666666667,0.0,0.0,0.0,0.0,0.06666666666666667,0.0,0.0,0.0,0.0,0.0,0.0,0.2,0.0,0.0,0.0,0.2,0.06666666666666667,0.0,0.0,0.5997446486501394
ep_30244,ASAVGAIVAIAVVVL,15,1352.66,2.77,0.0,-7.65,5.57,-0.0,0.9994871628736967,0.2,K303R,False,,0.3333333333333333,0.0,0.0,0.0,0.0,0.06666666666666667,0.0,0.13333333333333333,0.0,0.06666666666666667,0.0,0.0,0.0,0.0,0.0,0.06666666666666667,0.0,0.3333333333333333,0.0,0.0,0.5997435814368484
ep_33308,SHTVSNHTHTHTRTH,15,1752.81,-1.66,0.0,-10.77,9.56,1.45,0.999472963881485,0.2,K303R,False,,0.0,0.0,0.0,0.0,0.0,0.0,0.3333333333333333,0.0,0.0,0.0,0.0,0.06666666666666667,0.0,0.0,0.06666666666666667,0.13333333333333333,0.3333333333333333,0.06666666666666667,0.0,0.0,0.5997364819407425
ep_59108,HSHTVSNHTHTHTRT,15,1752.81,-1.66,0.0,-10.77,9.78,1.45,0.9994726965442657,0.2,K303R,False,,0.0,0.0,0.0,0.0,0.0,0.0,0.3333333333333333,0.0,0.0,0.0,0.0,0.06666666666666667,0.0,0.0,0.06666666666666667,0.13333333333333333,0.3333333333333333,0.06666666666666667,0.0,0.0,0.5997363482721328
ep_25163,AGAGPGAGSGPGAGP,15,1080.11,-0.08,0.0,-7.65,5.57,-0.0,0.9994301249064828,0.2,K303R,False,,0.26666666666666666,0.0,0.0,0.0,0.0,0.4666666666666667,0.0,0.0,0.0,0.0,0.0,0.0,0.2,0.0,0.0,0.06666666666666667,0.0,0.0,0.0,0.0,0.5997150624532414
ep_6443,AAGPGAGAGPGAGSG,15,1054.07,0.15,0.0,-7.65,5.57,-0.0,0.9994222202424572,0.2,K303R,False,,0.3333333333333333,0.0,0.0,0.0,0.0,0.4666666666666667,0.0,0.0,0.0,0.0,0.0,0.0,0.13333333333333333,0.0,0.0,0.06666666666666667,0.0,0.0,0.0,0.0,0.5997111101212286
ep_43801,GAGAGTGAGGDGAGG,15,1031.98,-0.04,0.0,-8.17,4.05,-1.0,0.9993996026067999,0.2,E380Q,False,,0.26666666666666666,0.0,0.06666666666666667,0.0,0.0,0.6,0.0,0.0,0.0,0.0,0.0,0.0,0.0,0.0,0.0,0.0,0.06666666666666667,0.0,0.0,0.0,0.5996998013034
ep_17438,GGPGAGAGAGTGAGG,15,1014.01,0.09,0.0,-8.17,5.53,-0.0,0.9993914498491164,0.2,S463P,False,,0.26666666666666666,0.0,0.0,0.0,0.0,0.6,0.0,0.0,0.0,0.0,0.0,0.0,0.06666666666666667,0.0,0.0,0.0,0.06666666666666667,0.0,0.0,0.0,0.5996957249245582
ep_65252,GGGPGAGAGAGTGAG,15,1014.01,0.09,0.0,-8.17,5.53,-0.0,0.9993914498491164,0.2,S463P,False,,0.26666666666666666,0.0,0.0,0.0,0.0,0.6,0.0,0.0,0.0,0.0,0.0,0.0,0.06666666666666667,0.0,0.0,0.0,0.06666666666666667,0.0,0.0,0.0,0.5996957249245582
ep_20989,HTVSNHTHTHTRTHT,15,1766.83,-1.65,0.0,-15.8,9.78,1.45,0.9993783713317854,0.2,E380Q,False,,0.0,0.0,0.0,0.0,0.0,0.0,0.3333333333333333,0.0,0.0,0.0,0.0,0.06666666666666667,0.0,0.0,0.06666666666666667,0.06666666666666667,0.4,0.06666666666666667,0.0,0.0,0.5996891856658927
ep_27660,PALPHPGPAVPPRPP,15,1499.76,-0.62,0.0,92.27,10.18,1.09,0.999372092550303,0.2,K303R,False,,0.13333333333333333,0.0,0.0,0.0,0.0,0.06666666666666667,0.06666666666666667,0.0,0.0,0.06666666666666667,0.0,0.0,0.5333333333333333,0.0,0.06666666666666667,0.0,0.0,0.06666666666666667,0.0,0.0,0.5996860462751515
ep_4472,PGGGGPSGPGPAAGG,15,1092.12,-0.45,0.0,67.92,5.95,-0.0,0.9993405339260574,0.2,K303R,False,,0.13333333333333333,0.0,0.0,0.0,0.0,0.5333333333333333,0.0,0.0,0.0,0.0,0.0,0.0,0.26666666666666666,0.0,0.0,0.06666666666666667,0.0,0.0,0.0,0.0,0.5996702669630287
ep_8474,RGSSGGGARPAAPAG,15,1268.34,-0.57,0.0,78.67,12.0,2.0,0.99933635544729,0.2,K303R,False,,0.26666666666666666,0.0,0.0,0.0,0.0,0.3333333333333333,0.0,0.0,0.0,0.0,0.0,0.0,0.13333333333333333,0.0,0.13333333333333333,0.13333333333333333,0.0,0.0,0.0,0.0,0.599668177723645
ep_50225,AGPAPAPGPPAARTG,15,1287.42,-0.36,0.0,80.71,9.8,1.0,0.9993237539079758,0.2,K303R,False,,0.3333333333333333,0.0,0.0,0.0,0.0,0.2,0.0,0.0,0.0,0.0,0.0,0.0,0.3333333333333333,0.0,0.06666666666666667,0.0,0.06666666666666667,0.0,0.0,0.0,0.5996618769539879
ep_56728,AAPADPAPPAAAAGD,15,1262.33,0.04,0.0,80.71,4.05,-2.0,0.9992858254641193,0.2,L536H,False,,0.5333333333333333,0.0,0.13333333333333333,0.0,0.0,0.06666666666666667,0.0,0.0,0.0,0.0,0.0,0.0,0.26666666666666666,0.0,0.0,0.0,0.0,0.0,0.0,0.0,0.5996429127320596
ep_613,RHHGPHRRHRPPPGG,15,1750.93,-2.56,0.0,113.03,12.0,4.36,0.9992573126041294,0.2,K303R,False,,0.0,0.0,0.0,0.0,0.0,0.2,0.26666666666666666,0.0,0.0,0.0,0.0,0.0,0.26666666666666666,0.0,0.26666666666666666,0.0,0.0,0.0,0.0,0.0,0.5996286563020647
ep_21817,APATPPAAQATAPAV,15,1333.49,0.37,0.0,86.37,5.57,-0.0,0.9992566403953297,0.2,E380Q,False,,0.4666666666666667,0.0,0.0,0.0,0.0,0.0,0.0,0.0,0.0,0.0,0.0,0.0,0.26666666666666666,0.06666666666666667,0.0,0.0,0.13333333333333333,0.06666666666666667,0.0,0.0,0.5996283201976649
ep_19951,GAAPQQQPGAAQQQQ,15,1507.56,-1.42,0.0,100.73,5.53,-0.0,0.9991783144276295,0.2,E380Q,False,,0.26666666666666666,0.0,0.0,0.0,0.0,0.13333333333333333,0.0,0.0,0.0,0.0,0.0,0.0,0.13333333333333333,0.4666666666666667,0.0,0.0,0.0,0.0,0.0,0.0,0.5995891572138148
ep_43953,HSPPPPPLHPPPHTT,15,1608.8,-1.39,0.0,108.72,7.02,0.27,0.9991475455213692,0.2,K303R,False,,0.0,0.0,0.0,0.0,0.0,0.0,0.2,0.0,0.0,0.06666666666666667,0.0,0.0,0.5333333333333333,0.0,0.0,0.06666666666666667,0.13333333333333333,0.0,0.0,0.0,0.5995737727606846
ep_15083,AAAGPAPAPGPPAAR,15,1271.42,-0.05,0.0,86.37,9.8,1.0,0.9991195305285164,0.2,K303R,False,,0.4666666666666667,0.0,0.0,0.0,0.0,0.13333333333333333,0.0,0.0,0.0,0.0,0.0,0.0,0.3333333333333333,0.0,0.06666666666666667,0.0,0.0,0.0,0.0,0.0,0.5995597652642582
ep_27261,PPPFHPGPPPGMPGP,15,1478.72,-0.94,0.07,100.91,7.17,0.09,0.9991188804284756,0.2,K303R,False,,0.0,0.0,0.0,0.0,0.06666666666666667,0.2,0.06666666666666667,0.0,0.0,0.0,0.06666666666666667,0.0,0.6,0.0,0.0,0.0,0.0,0.0,0.0,0.0,0.5995594402142378
ep_17567,AAEIEAILREVAARR,15,1667.91,0.13,0.0,115.33,6.27,0.0,0.9990831934207371,0.2,K303R,False,,0.3333333333333333,0.0,0.0,0.2,0.0,0.0,0.0,0.13333333333333333,0.0,0.06666666666666667,0.0,0.0,0.0,0.0,0.2,0.0,0.0,0.06666666666666667,0.0,0.0,0.5995415967103686
ep_63064,AGPGGGGGGGGEAGG,15,1013.96,-0.39,0.0,70.12,4.05,-1.0,0.9990635014787713,0.2,S463P,False,,0.13333333333333333,0.0,0.0,0.06666666666666667,0.0,0.7333333333333333,0.0,0.0,0.0,0.0,0.0,0.0,0.06666666666666667,0.0,0.0,0.0,0.0,0.0,0.0,0.0,0.5995317507393857
ep_22965,AQQQQQQDQNQQEQQ,15,1856.82,-3.15,0.0,132.71,4.05,-2.0,0.9989785704398481,0.2,E380Q,False,,0.06666666666666667,0.0,0.06666666666666667,0.06666666666666667,0.0,0.0,0.0,0.0,0.0,0.0,0.0,0.06666666666666667,0.0,0.7333333333333333,0.0,0.0,0.0,0.0,0.0,0.0,0.5994892852199241
ep_15989,NAHTQTHTHTHTNTH,15,1737.75,-1.93,0.0,-37.14,7.16,0.45,0.9988667492673806,0.2,E380Q,False,,0.06666666666666667,0.0,0.0,0.0,0.0,0.0,0.3333333333333333,0.0,0.0,0.0,0.0,0.13333333333333333,0.0,0.06666666666666667,0.0,0.0,0.4,0.0,0.0,0.0,0.5994333746336903
ep_55924,FPPPFHPGPPPGMPG,15,1528.77,-0.65,0.13,113.75,6.74,0.09,0.9988442329085937,0.2,K303R,False,,0.0,0.0,0.0,0.0,0.13333333333333333,0.2,0.06666666666666667,0.0,0.0,0.0,0.06666666666666667,0.0,0.5333333333333333,0.0,0.0,0.0,0.0,0.0,0.0,0.0,0.5994221164542969
ep_16528,PSSAAPAGPQGGGPG,15,1207.25,-0.54,0.0,89.99,5.95,-0.0,0.9988307476899041,0.2,K303R,False,,0.2,0.0,0.0,0.0,0.0,0.3333333333333333,0.0,0.0,0.0,0.0,0.0,0.0,0.26666666666666666,0.06666666666666667,0.0,0.13333333333333333,0.0,0.0,0.0,0.0,0.599415373844952
ep_46280,PAAPADPAPPAAAAG,15,1244.35,0.17,0.0,93.55,4.05,-1.0,0.998802545986225,0.2,L536H,False,,0.5333333333333333,0.0,0.06666666666666667,0.0,0.0,0.06666666666666667,0.0,0.0,0.0,0.0,0.0,0.0,0.3333333333333333,0.0,0.0,0.0,0.0,0.0,0.0,0.0,0.5994012729931125
ep_50785,PAPPAAAAGDGAPPA,15,1230.33,0.02,0.0,93.55,4.05,-1.0,0.9987601439984181,0.2,L536H,False,,0.4666666666666667,0.0,0.06666666666666667,0.0,0.0,0.13333333333333333,0.0,0.0,0.0,0.0,0.0,0.0,0.3333333333333333,0.0,0.0,0.0,0.0,0.0,0.0,0.0,0.5993800719992091
ep_29352,AGGAAPAGPAPASAP,15,1162.25,0.28,0.0,88.94,5.57,-0.0,0.9987323448855063,0.2,K303R,False,,0.4666666666666667,0.0,0.0,0.0,0.0,0.2,0.0,0.0,0.0,0.0,0.0,0.0,0.26666666666666666,0.0,0.0,0.06666666666666667,0.0,0.0,0.0,0.0,0.5993661724427531
ep_31466,AHTQTHTHTHTNTHT,15,1724.75,-1.74,0.0,-42.17,7.2,0.45,0.9987158086863731,0.2,E380Q,False,,0.06666666666666667,0.0,0.0,0.0,0.0,0.0,0.3333333333333333,0.0,0.0,0.0,0.0,0.06666666666666667,0.0,0.06666666666666667,0.0,0.0,0.4666666666666667,0.0,0.0,0.0,0.5993579043431866
ep_11802,PPPPPRQGAPPQEQH,15,1632.78,-2.1,0.0,127.05,7.18,0.09,0.9986754883922334,0.2,K303R,False,,0.06666666666666667,0.0,0.0,0.06666666666666667,0.0,0.06666666666666667,0.06666666666666667,0.0,0.0,0.0,0.0,0.0,0.4666666666666667,0.2,0.06666666666666667,0.0,0.0,0.0,0.0,0.0,0.5993377441961167
ep_24441,APPRGAAPPQPPPAA,15,1394.58,-0.71,0.0,108.55,9.8,1.0,0.9986665225050423,0.2,K303R,False,,0.3333333333333333,0.0,0.0,0.0,0.0,0.06666666666666667,0.0,0.0,0.0,0.0,0.0,0.0,0.4666666666666667,0.06666666666666667,0.06666666666666667,0.0,0.0,0.0,0.0,0.0,0.5993332612525212
ep_51971,AAPAVPAPPAAATAA,15,1246.41,0.89,0.0,99.21,5.57,-0.0,0.998578148773918,0.2,S463P,False,,0.6,0.0,0.0,0.0,0.0,0.0,0.0,0.0,0.0,0.0,0.0,0.0,0.26666666666666666,0.0,0.0,0.0,0.06666666666666667,0.06666666666666667,0.0,0.0,0.599289074386959
ep_59192,APAVPAPPAAATAAG,15,1232.39,0.74,0.0,99.21,5.57,-0.0,0.9985294449418121,0.2,S463P,False,,0.5333333333333333,0.0,0.0,0.0,0.0,0.06666666666666667,0.0,0.0,0.0,0.0,0.0,0.0,0.26666666666666666,0.0,0.0,0.0,0.06666666666666667,0.06666666666666667,0.0,0.0,0.599264722470906
ep_24770,PFPPPFHPGPPPGMP,15,1568.84,-0.73,0.13,126.59,7.17,0.09,0.9985247887593339,0.2,K303R,False,,0.0,0.0,0.0,0.0,0.13333333333333333,0.13333333333333333,0.06666666666666667,0.0,0.0,0.0,0.06666666666666667,0.0,0.6,0.0,0.0,0.0,0.0,0.0,0.0,0.0,0.599262394379667
ep_14295,PAADPAPAPAATPAP,15,1314.44,-0.08,0.0,106.39,4.05,-1.0,0.9985087622772706,0.2,E380Q,False,,0.4666666666666667,0.0,0.06666666666666667,0.0,0.0,0.0,0.0,0.0,0.0,0.0,0.0,0.0,0.4,0.0,0.0,0.0,0.06666666666666667,0.0,0.0,0.0,0.5992543811386353
ep_17232,AAPPQPPPAAGGRAA,15,1328.48,-0.4,0.0,107.44,9.8,1.0,0.9985042679003395,0.2,K303R,False,,0.4,0.0,0.0,0.0,0.0,0.13333333333333333,0.0,0.0,0.0,0.0,0.0,0.0,0.3333333333333333,0.06666666666666667,0.06666666666666667,0.0,0.0,0.0,0.0,0.0,0.5992521339501697
ep_22195,QHPPPAAVPAPPPQL,15,1516.74,-0.53,0.0,122.97,6.74,0.09,0.9985038534122846,0.2,K303R,False,,0.2,0.0,0.0,0.0,0.0,0.0,0.06666666666666667,0.0,0.0,0.06666666666666667,0.0,0.0,0.4666666666666667,0.13333333333333333,0.0,0.0,0.0,0.06666666666666667,0.0,0.0,0.5992519267061424
ep_9772,ADPAPAPAATPAPAA,15,1288.41,0.15,0.0,106.39,4.05,-1.0,0.9984182817829973,0.2,E380Q,False,,0.5333333333333333,0.0,0.06666666666666667,0.0,0.0,0.0,0.0,0.0,0.0,0.0,0.0,0.0,0.3333333333333333,0.0,0.0,0.0,0.06666666666666667,0.0,0.0,0.0,0.5992091408914987
ep_16209,AAPTPAAAPPPAPAR,15,1355.54,-0.15,0.0,112.05,9.8,1.0,0.9984072922255661,0.2,K303R,False,,0.4666666666666667,0.0,0.0,0.0,0.0,0.0,0.0,0.0,0.0,0.0,0.0,0.0,0.4,0.0,0.06666666666666667,0.0,0.06666666666666667,0.0,0.0,0.0,0.5992036461127831
ep_46259,PPAAPADPAPPAAAA,15,1284.42,0.09,0.0,106.39,4.05,-1.0,0.9984038231820014,0.2,L536H,False,,0.5333333333333333,0.0,0.06666666666666667,0.0,0.0,0.0,0.0,0.0,0.0,0.0,0.0,0.0,0.4,0.0,0.0,0.0,0.0,0.0,0.0,0.0,0.5992019115910007
ep_61619,RQRHHRRRRLPRGPP,15,1975.28,-2.85,0.0,164.57,12.0,7.18,0.9983680873892176,0.2,K303R,False,,0.0,0.0,0.0,0.0,0.0,0.06666666666666667,0.13333333333333333,0.0,0.0,0.06666666666666667,0.0,0.0,0.2,0.06666666666666667,0.4666666666666667,0.0,0.0,0.0,0.0,0.0,0.5991840436946088
ep_64922,HGPPGMPPPFPPPFH,15,1608.86,-0.83,0.13,134.43,6.92,0.18,0.9983666783407253,0.2,K303R,False,,0.0,0.0,0.0,0.0,0.13333333333333333,0.13333333333333333,0.13333333333333333,0.0,0.0,0.0,0.06666666666666667,0.0,0.5333333333333333,0.0,0.0,0.0,0.0,0.0,0.0,0.0,0.5991833391703627
ep_58965,QQEQEKQEQEEQELE,15,1931.92,-3.04,0.0,162.39,4.05,-5.99,0.9983324580630855,0.2,S463P,False,,0.0,0.0,0.0,0.4666666666666667,0.0,0.0,0.0,0.0,0.06666666666666667,0.06666666666666667,0.0,0.0,0.0,0.4,0.0,0.0,0.0,0.0,0.0,0.0,0.5991662290315427
ep_14146,QEQEKQEQEEQELEQ,15,1931.92,-3.04,0.0,162.39,4.05,-5.99,0.9983324580630855,0.2,E380Q,False,,0.0,0.0,0.0,0.4666666666666667,0.0,0.0,0.0,0.0,0.06666666666666667,0.06666666666666667,0.0,0.0,0.0,0.4,0.0,0.0,0.0,0.0,0.0,0.0,0.5991662290315427
ep_60932,QQPRPPPPPRPPPAQ,15,1659.89,-2.14,0.0,140.52,12.0,2.0,0.9982950425058382,0.2,K303R,False,,0.06666666666666667,0.0,0.0,0.0,0.0,0.0,0.0,0.0,0.0,0.0,0.0,0.0,0.6,0.2,0.13333333333333333,0.0,0.0,0.0,0.0,0.0,0.5991475212529191
ep_56071,QRHHRRRRLPRGPPS,15,1906.17,-2.61,0.0,164.57,12.0,6.18,0.9981942826775172,0.2,K303R,False,,0.0,0.0,0.0,0.0,0.0,0.06666666666666667,0.13333333333333333,0.0,0.0,0.06666666666666667,0.0,0.0,0.2,0.06666666666666667,0.4,0.06666666666666667,0.0,0.0,0.0,0.0,0.5990971413387586
ep_66121,APPRPAAPPPTAAPA,15,1381.58,-0.37,0.0,119.87,9.8,1.0,0.9981709799391199,0.2,K303R,False,,0.4,0.0,0.0,0.0,0.0,0.0,0.0,0.0,0.0,0.0,0.0,0.0,0.4666666666666667,0.0,0.06666666666666667,0.0,0.06666666666666667,0.0,0.0,0.0,0.5990854899695599
ep_17452,PRQQPAPAGPGGGGG,15,1303.38,-1.11,0.0,114.25,10.18,1.0,0.9981121429737383,0.2,E380Q,False,,0.13333333333333333,0.0,0.0,0.0,0.0,0.4,0.0,0.0,0.0,0.0,0.0,0.0,0.26666666666666666,0.13333333333333333,0.06666666666666667,0.0,0.0,0.0,0.0,0.0,0.5990560714868691
ep_27358,PPHGPPGMPPPFPPP,15,1518.78,-1.02,0.07,134.43,7.17,0.09,0.9980725589567053,0.2,K303R,False,,0.0,0.0,0.0,0.0,0.06666666666666667,0.13333333333333333,0.06666666666666667,0.0,0.0,0.0,0.06666666666666667,0.0,0.6666666666666666,0.0,0.0,0.0,0.0,0.0,0.0,0.0,0.5990362794783527
ep_4092,GAAPAGPAPASAPAP,15,1202.32,0.2,0.0,106.39,5.53,-0.0,0.9980682060710077,0.2,K303R,False,,0.4666666666666667,0.0,0.0,0.0,0.0,0.13333333333333333,0.0,0.0,0.0,0.0,0.0,0.0,0.3333333333333333,0.0,0.0,0.06666666666666667,0.0,0.0,0.0,0.0,0.5990341030355039
ep_1788,APSAPAPAAAAPATP,15,1260.4,0.33,0.0,112.05,5.57,-0.0,0.9980449030956302,0.2,K303R,False,,0.5333333333333333,0.0,0.0,0.0,0.0,0.0,0.0,0.0,0.0,0.0,0.0,0.0,0.3333333333333333,0.0,0.0,0.06666666666666667,0.06666666666666667,0.0,0.0,0.0,0.5990224515478151
ep_21328,FPQHPPPAAVPAPPP,15,1519.74,-0.47,0.07,135.81,6.74,0.09,0.9980203962226718,0.2,E380Q,False,,0.2,0.0,0.0,0.0,0.06666666666666667,0.0,0.06666666666666667,0.0,0.0,0.0,0.0,0.0,0.5333333333333333,0.06666666666666667,0.0,0.0,0.0,0.06666666666666667,0.0,0.0,0.5990101981113359
ep_64718,PPPPPPPRQGAPPQE,15,1561.74,-1.87,0.0,139.89,6.65,-0.0,0.9980069147062004,0.2,K303R,False,,0.06666666666666667,0.0,0.0,0.06666666666666667,0.0,0.06666666666666667,0.0,0.0,0.0,0.0,0.0,0.0,0.6,0.13333333333333333,0.06666666666666667,0.0,0.0,0.0,0.0,0.0,0.5990034573531002
ep_25140,PPQAPPQQPPQQHPP,15,1643.8,-2.11,0.0,148.65,7.17,0.09,0.9979529927523795,0.2,L536H,False,,0.06666666666666667,0.0,0.0,0.0,0.0,0.0,0.06666666666666667,0.0,0.0,0.0,0.0,0.0,0.5333333333333333,0.3333333333333333,0.0,0.0,0.0,0.0,0.0,0.0,0.5989764963761898
ep_1899,QQQEQEKQEQEEQEL,15,1930.93,-3.04,0.0,175.23,4.05,-4.99,0.9979291146471677,0.2,S463P,False,,0.0,0.0,0.0,0.4,0.0,0.0,0.0,0.0,0.06666666666666667,0.06666666666666667,0.0,0.0,0.0,0.4666666666666667,0.0,0.0,0.0,0.0,0.0,0.0,0.5989645573235839
ep_29871,PAPAATPAPAAAASP,15,1260.4,0.33,0.0,115.67,5.95,-0.0,0.9978627401197058,0.2,K303R,False,,0.5333333333333333,0.0,0.0,0.0,0.0,0.0,0.0,0.0,0.0,0.0,0.0,0.0,0.3333333333333333,0.0,0.0,0.06666666666666667,0.06666666666666667,0.0,0.0,0.0,0.5989313700598529
ep_42206,PAPAGPGGGGGGGGE,15,1094.09,-0.55,0.0,100.41,4.6,-1.0,0.997855304623938,0.2,S463P,False,,0.13333333333333333,0.0,0.0,0.06666666666666667,0.0,0.6,0.0,0.0,0.0,0.0,0.0,0.0,0.2,0.0,0.0,0.0,0.0,0.0,0.0,0.0,0.598927652311969
ep_27731,KQQQQQQEQEKQEQE,15,1943.98,-3.55,0.0,182.09,4.69,-2.0,0.9977410778246179,0.2,S463P,False,,0.0,0.0,0.0,0.26666666666666666,0.0,0.0,0.0,0.0,0.13333333333333333,0.0,0.0,0.0,0.0,0.6,0.0,0.0,0.0,0.0,0.0,0.0,0.5988705389123089
ep_21559,QPRHAAPPPPPPPPP,15,1552.78,-1.57,0.0,145.55,9.76,1.09,0.9977340874747747,0.2,E380Q,False,,0.13333333333333333,0.0,0.0,0.0,0.0,0.0,0.06666666666666667,0.0,0.0,0.0,0.0,0.0,0.6666666666666666,0.06666666666666667,0.06666666666666667,0.0,0.0,0.0,0.0,0.0,0.5988670437373873
ep_20686,QQQQEQEKQEQEEQE,15,1945.91,-3.53,0.0,188.07,4.09,-4.99,0.9975358927334238,0.2,S463P,False,,0.0,0.0,0.0,0.4,0.0,0.0,0.0,0.0,0.06666666666666667,0.0,0.0,0.0,0.0,0.5333333333333333,0.0,0.0,0.0,0.0,0.0,0.0,0.5987679463667119
ep_13761,QQQQQQEQEKQEQEE,15,1944.92,-3.53,0.0,188.07,4.19,-3.99,0.9975335501133548,0.2,S463P,False,,0.0,0.0,0.0,0.3333333333333333,0.0,0.0,0.0,0.0,0.06666666666666667,0.0,0.0,0.0,0.0,0.6,0.0,0.0,0.0,0.0,0.0,0.0,0.5987667750566774
ep_18735,QQQQQEQEKQEQEEQ,15,1944.92,-3.53,0.0,188.07,4.05,-3.99,0.997533458391796,0.2,S463P,False,,0.0,0.0,0.0,0.3333333333333333,0.0,0.0,0.0,0.0,0.06666666666666667,0.0,0.0,0.0,0.0,0.6,0.0,0.0,0.0,0.0,0.0,0.0,0.598766729195898
ep_65950,HRRRRLPRGPPSPHH,15,1856.11,-2.39,0.0,181.02,12.0,5.27,0.9974696532297068,0.2,K303R,False,,0.0,0.0,0.0,0.0,0.0,0.06666666666666667,0.2,0.0,0.0,0.06666666666666667,0.0,0.0,0.26666666666666666,0.0,0.3333333333333333,0.06666666666666667,0.0,0.0,0.0,0.0,0.5987348266148534
ep_15414,PRAPVPPPPPAPAPL,15,1473.76,-0.37,0.0,145.55,10.18,1.0,0.9973852546878419,0.2,K303R,False,,0.2,0.0,0.0,0.0,0.0,0.0,0.0,0.0,0.0,0.06666666666666667,0.0,0.0,0.6,0.0,0.06666666666666667,0.0,0.0,0.06666666666666667,0.0,0.0,0.5986926273439209
ep_25997,PPPPAPPRPAAPPPT,15,1459.69,-1.05,0.0,145.55,10.18,1.0,0.9973160504243077,0.2,K303R,False,,0.2,0.0,0.0,0.0,0.0,0.0,0.0,0.0,0.0,0.0,0.0,0.0,0.6666666666666666,0.0,0.06666666666666667,0.0,0.06666666666666667,0.0,0.0,0.0,0.5986580252121538
ep_5754,RQQPAPAGPGGGGGG,15,1263.32,-1.03,0.0,127.51,9.75,1.0,0.997220254042239,0.2,E380Q,False,,0.13333333333333333,0.0,0.0,0.0,0.0,0.4666666666666667,0.0,0.0,0.0,0.0,0.0,0.0,0.2,0.13333333333333333,0.06666666666666667,0.0,0.0,0.0,0.0,0.0,0.5986101270211195
ep_14002,AAPAGPAPASAPAPA,15,1216.34,0.35,0.0,124.89,5.57,-0.0,0.9970985013814577,0.2,K303R,False,,0.5333333333333333,0.0,0.0,0.0,0.0,0.06666666666666667,0.0,0.0,0.0,0.0,0.0,0.0,0.3333333333333333,0.0,0.0,0.06666666666666667,0.0,0.0,0.0,0.0,0.5985492506907288
ep_40628,RHHRRRRLPRGPPSP,15,1875.16,-2.48,0.0,193.86,12.0,6.18,0.9970401710095679,0.2,K303R,False,,0.0,0.0,0.0,0.0,0.0,0.06666666666666667,0.13333333333333333,0.0,0.0,0.06666666666666667,0.0,0.0,0.26666666666666666,0.0,0.4,0.06666666666666667,0.0,0.0,0.0,0.0,0.598520085504784
ep_49621,PEDVPPPPPPLPPPP,15,1542.77,-1.11,0.0,162.16,4.05,-2.0,0.9969181612572829,0.2,K303R,False,,0.0,0.0,0.06666666666666667,0.06666666666666667,0.0,0.0,0.0,0.0,0.0,0.06666666666666667,0.0,0.0,0.7333333333333333,0.0,0.0,0.0,0.0,0.06666666666666667,0.0,0.0,0.5984590806286415
ep_64234,AAASPARPAPPAAPP,15,1341.51,-0.15,0.0,141.35,9.8,1.0,0.9968888528615155,0.2,K303R,False,,0.4666666666666667,0.0,0.0,0.0,0.0,0.0,0.0,0.0,0.0,0.0,0.0,0.0,0.4,0.0,0.06666666666666667,0.06666666666666667,0.0,0.0,0.0,0.0,0.5984444264307578
ep_57303,PAATPAPAVAPSPAP,15,1314.49,0.26,0.0,141.35,5.95,-0.0,0.996724938442545,0.2,K303R,False,,0.4,0.0,0.0,0.0,0.0,0.0,0.0,0.0,0.0,0.0,0.0,0.0,0.4,0.0,0.0,0.06666666666666667,0.06666666666666667,0.06666666666666667,0.0,0.0,0.5983624692212725
ep_61716,APAPPPRAPVPPPPP,15,1457.72,-0.73,0.0,158.39,9.8,1.0,0.9966314205993606,0.2,K303R,False,,0.2,0.0,0.0,0.0,0.0,0.0,0.0,0.0,0.0,0.0,0.0,0.0,0.6666666666666666,0.0,0.06666666666666667,0.0,0.0,0.06666666666666667,0.0,0.0,0.5983157102996803
ep_48235,PPRAPVPPPPPAPAP,15,1457.72,-0.73,0.0,158.39,10.18,1.0,0.9966305379408938,0.2,K303R,False,,0.2,0.0,0.0,0.0,0.0,0.0,0.0,0.0,0.0,0.0,0.0,0.0,0.6666666666666666,0.0,0.06666666666666667,0.0,0.0,0.06666666666666667,0.0,0.0,0.598315268970447
ep_61822,PAPPPRAPVPPPPPA,15,1457.72,-0.73,0.0,158.39,10.18,1.0,0.9966305379408938,0.2,K303R,False,,0.2,0.0,0.0,0.0,0.0,0.0,0.0,0.0,0.0,0.0,0.0,0.0,0.6666666666666666,0.0,0.06666666666666667,0.0,0.0,0.06666666666666667,0.0,0.0,0.598315268970447
ep_43548,PPAPAPPPRAPVPPP,15,1457.72,-0.73,0.0,158.39,10.18,1.0,0.9966305379408938,0.2,K303R,False,,0.2,0.0,0.0,0.0,0.0,0.0,0.0,0.0,0.0,0.0,0.0,0.0,0.6666666666666666,0.0,0.06666666666666667,0.0,0.0,0.06666666666666667,0.0,0.0,0.598315268970447
ep_33208,APPAPAPPPRAPVPP,15,1431.68,-0.5,0.0,158.39,9.8,1.0,0.9964689484325284,0.2,K303R,False,,0.26666666666666666,0.0,0.0,0.0,0.0,0.0,0.0,0.0,0.0,0.0,0.0,0.0,0.6,0.0,0.06666666666666667,0.0,0.0,0.06666666666666667,0.0,0.0,0.5982344742162642
ep_878,ASPARPAPPAAPPVA,15,1369.57,0.01,0.0,154.19,9.8,1.0,0.9963036512710032,0.2,K303R,False,,0.4,0.0,0.0,0.0,0.0,0.0,0.0,0.0,0.0,0.0,0.0,0.0,0.4,0.0,0.06666666666666667,0.06666666666666667,0.0,0.06666666666666667,0.0,0.0,0.5981518256355016
ep_2025,PLPVPPAPARPPAPA,15,1447.72,-0.14,0.0,163.41,10.18,1.0,0.9962805351760436,0.2,K303R,False,,0.26666666666666666,0.0,0.0,0.0,0.0,0.0,0.0,0.0,0.0,0.06666666666666667,0.0,0.0,0.5333333333333333,0.0,0.06666666666666667,0.0,0.0,0.06666666666666667,0.0,0.0,0.5981402675880219
ep_4430,PPPAAAEPAPAPAPA,15,1324.48,-0.14,0.0,150.57,4.05,-1.0,0.9962162356671928,0.2,L536H,False,,0.4666666666666667,0.0,0.0,0.06666666666666667,0.0,0.0,0.0,0.0,0.0,0.0,0.0,0.0,0.4666666666666667,0.0,0.0,0.0,0.0,0.0,0.0,0.0,0.5981081178335964
ep_6169,RPAPPAAPPVAPPVP,15,1433.7,-0.11,0.0,163.41,9.75,1.0,0.9961867761286073,0.2,L536H,False,,0.26666666666666666,0.0,0.0,0.0,0.0,0.0,0.0,0.0,0.0,0.0,0.0,0.0,0.5333333333333333,0.0,0.06666666666666667,0.0,0.0,0.13333333333333333,0.0,0.0,0.5980933880643037
ep_40080,PPPAVPPPPVAPPVP,15,1428.72,0.01,0.0,163.41,5.95,-0.0,0.9961582608264374,0.2,L536H,False,,0.13333333333333333,0.0,0.0,0.0,0.0,0.0,0.0,0.0,0.0,0.0,0.0,0.0,0.6666666666666666,0.0,0.0,0.0,0.0,0.2,0.0,0.0,0.5980791304132187
ep_956,PAAPPVAPPVPVPVP,15,1404.69,0.63,0.0,163.41,5.95,-0.0,0.9959870129643655,0.2,L536H,False,,0.2,0.0,0.0,0.0,0.0,0.0,0.0,0.0,0.0,0.0,0.0,0.0,0.5333333333333333,0.0,0.0,0.0,0.0,0.26666666666666666,0.0,0.0,0.5979935064821827
ep_326,PAAAEPAPAPAPASP,15,1314.44,-0.09,0.0,154.19,4.05,-1.0,0.9958991897750976,0.2,K303R,False,,0.4666666666666667,0.0,0.0,0.06666666666666667,0.0,0.0,0.0,0.0,0.0,0.0,0.0,0.0,0.4,0.0,0.0,0.06666666666666667,0.0,0.0,0.0,0.0,0.5979495948875488
ep_15594,PAPPAAPPVAPPVPV,15,1376.64,0.47,0.0,163.41,5.95,-0.0,0.9957746213818982,0.2,L536H,False,,0.26666666666666666,0.0,0.0,0.0,0.0,0.0,0.0,0.0,0.0,0.0,0.0,0.0,0.5333333333333333,0.0,0.0,0.0,0.0,0.2,0.0,0.0,0.5978873106909491
ep_39127,SPARPAPPAAPPVAP,15,1395.61,-0.22,0.0,167.03,9.47,1.0,0.9956800451545925,0.2,K303R,False,,0.3333333333333333,0.0,0.0,0.0,0.0,0.0,0.0,0.0,0.0,0.0,0.0,0.0,0.4666666666666667,0.0,0.06666666666666667,0.06666666666666667,0.0,0.06666666666666667,0.0,0.0,0.5978400225772963
ep_14131,PPPPAPAPLPAPAAP,15,1360.6,-0.11,0.0,163.41,5.95,-0.0,0.9956466385194066,0.2,K303R,False,,0.3333333333333333,0.0,0.0,0.0,0.0,0.0,0.0,0.0,0.0,0.06666666666666667,0.0,0.0,0.6,0.0,0.0,0.0,0.0,0.0,0.0,0.0,0.5978233192597033
ep_61638,PPPPPAPAPLPAPAA,15,1360.6,-0.11,0.0,163.41,5.95,-0.0,0.9956466385194066,0.2,K303R,False,,0.3333333333333333,0.0,0.0,0.0,0.0,0.0,0.0,0.0,0.0,0.06666666666666667,0.0,0.0,0.6,0.0,0.0,0.0,0.0,0.0,0.0,0.0,0.5978233192597033
ep_39023,PSPGPAPAPGPAPAP,15,1280.43,-0.48,0.0,154.19,5.95,-0.0,0.9956150836304093,0.2,K303R,False,,0.26666666666666666,0.0,0.0,0.0,0.0,0.13333333333333333,0.0,0.0,0.0,0.0,0.0,0.0,0.5333333333333333,0.0,0.0,0.06666666666666667,0.0,0.0,0.0,0.0,0.5978075418152047
ep_63438,PAPSPGPAPAPGPAP,15,1280.43,-0.48,0.0,154.19,5.95,-0.0,0.9956150836304093,0.2,K303R,False,,0.26666666666666666,0.0,0.0,0.0,0.0,0.13333333333333333,0.0,0.0,0.0,0.0,0.0,0.0,0.5333333333333333,0.0,0.0,0.06666666666666667,0.0,0.0,0.0,0.0,0.5978075418152047
ep_39017,APAPLPAPAAPAPPP,15,1334.56,0.12,0.0,163.41,5.57,-0.0,0.9954285271367532,0.2,K303R,False,,0.4,0.0,0.0,0.0,0.0,0.0,0.0,0.0,0.0,0.06666666666666667,0.0,0.0,0.5333333333333333,0.0,0.0,0.0,0.0,0.0,0.0,0.0,0.5977142635683766
ep_45304,PAPAPLPAPAAPAPP,15,1334.56,0.12,0.0,163.41,5.95,-0.0,0.9954282782435793,0.2,K303R,False,,0.4,0.0,0.0,0.0,0.0,0.0,0.0,0.0,0.0,0.06666666666666667,0.0,0.0,0.5333333333333333,0.0,0.0,0.0,0.0,0.0,0.0,0.0,0.5977141391217896
ep_63999,APSPGPAPAPGPAPA,15,1254.39,-0.25,0.0,154.19,5.57,-0.0,0.995381382866684,0.2,K303R,False,,0.3333333333333333,0.0,0.0,0.0,0.0,0.13333333333333333,0.0,0.0,0.0,0.0,0.0,0.0,0.4666666666666667,0.0,0.0,0.06666666666666667,0.0,0.0,0.0,0.0,0.597690691433342
ep_54445,APPVAPPVPVPVPPP,15,1430.73,0.4,0.0,176.25,5.57,-0.0,0.9953600575502103,0.2,L536H,False,,0.13333333333333333,0.0,0.0,0.0,0.0,0.0,0.0,0.0,0.0,0.0,0.0,0.0,0.6,0.0,0.0,0.0,0.0,0.26666666666666666,0.0,0.0,0.5976800287751052
ep_21620,PSPPPAVPPPPVAPP,15,1416.66,-0.32,0.0,179.87,5.95,-0.0,0.9949947885665335,0.2,K303R,False,,0.13333333333333333,0.0,0.0,0.0,0.0,0.0,0.0,0.0,0.0,0.0,0.0,0.0,0.6666666666666666,0.0,0.0,0.06666666666666667,0.0,0.13333333333333333,0.0,0.0,0.5974973942832668
ep_49975,PAPAPGPAPAPPASP,15,1294.45,-0.33,0.0,167.03,5.95,-0.0,0.9947868098851229,0.2,K303R,False,,0.3333333333333333,0.0,0.0,0.0,0.0,0.06666666666666667,0.0,0.0,0.0,0.0,0.0,0.0,0.5333333333333333,0.0,0.0,0.06666666666666667,0.0,0.0,0.0,0.0,0.5973934049425614
ep_38797,APSPPPAVPPPPVAP,15,1390.63,-0.09,0.0,179.87,5.57,-0.0,0.9947583171865524,0.2,K303R,False,,0.2,0.0,0.0,0.0,0.0,0.0,0.0,0.0,0.0,0.0,0.0,0.0,0.6,0.0,0.0,0.06666666666666667,0.0,0.13333333333333333,0.0,0.0,0.5973791585932762
ep_22745,APAPGPAPAPPASPA,15,1268.42,-0.11,0.0,167.03,5.57,-0.0,0.9945176662800045,0.2,K303R,False,,0.4,0.0,0.0,0.0,0.0,0.06666666666666667,0.0,0.0,0.0,0.0,0.0,0.0,0.4666666666666667,0.0,0.0,0.06666666666666667,0.0,0.0,0.0,0.0,0.5972588331400023
ep_41628,PAPPPAPSPAVAPPP,15,1362.57,-0.25,0.0,179.87,5.95,-0.0,0.9944864137118083,0.2,K303R,False,,0.26666666666666666,0.0,0.0,0.0,0.0,0.0,0.0,0.0,0.0,0.0,0.0,0.0,0.6,0.0,0.0,0.06666666666666667,0.0,0.06666666666666667,0.0,0.0,0.5972432068559042
ep_47479,APAPAPSPGPAPAPG,15,1254.39,-0.25,0.0,167.03,5.57,-0.0,0.9943648723790403,0.2,K303R,False,,0.3333333333333333,0.0,0.0,0.0,0.0,0.13333333333333333,0.0,0.0,0.0,0.0,0.0,0.0,0.4666666666666667,0.0,0.0,0.06666666666666667,0.0,0.0,0.0,0.0,0.5971824361895202
ep_29710,PPPAPAPAPSPGPAP,15,1320.49,-0.56,0.0,179.87,5.95,-0.0,0.9940436519146126,0.2,K303R,False,,0.26666666666666666,0.0,0.0,0.0,0.0,0.06666666666666667,0.0,0.0,0.0,0.0,0.0,0.0,0.6,0.0,0.0,0.06666666666666667,0.0,0.0,0.0,0.0,0.5970218259573064
ep_47605,PAPAPAPSPGPAPAP,15,1294.45,-0.33,0.0,179.87,5.95,-0.0,0.9937465104615573,0.2,K303R,False,,0.3333333333333333,0.0,0.0,0.0,0.0,0.06666666666666667,0.0,0.0,0.0,0.0,0.0,0.0,0.5333333333333333,0.0,0.0,0.06666666666666667,0.0,0.0,0.0,0.0,0.5968732552307786
ep_49500,PPAPAPAPSPGPAPA,15,1294.45,-0.33,0.0,179.87,5.95,-0.0,0.9937465104615573,0.2,K303R,False,,0.3333333333333333,0.0,0.0,0.0,0.0,0.06666666666666667,0.0,0.0,0.0,0.0,0.0,0.0,0.5333333333333333,0.0,0.0,0.06666666666666667,0.0,0.0,0.0,0.0,0.5968732552307786
ep_13653,PPPSPAPAPPPVPAP,15,1388.61,-0.48,0.0,205.55,5.95,-0.0,0.9927174473310553,0.2,K303R,False,,0.2,0.0,0.0,0.0,0.0,0.0,0.0,0.0,0.0,0.0,0.0,0.0,0.6666666666666666,0.0,0.0,0.06666666666666667,0.0,0.06666666666666667,0.0,0.0,0.5963587236655277
ep_49562,AGPQGGGPGAGAGAG,15,1081.1,-0.18,0.0,21.65,5.57,-0.0,0.9999652446065705,0.13333333333333333,K303R,False,,0.26666666666666666,0.0,0.0,0.0,0.0,0.5333333333333333,0.0,0.0,0.0,0.0,0.0,0.0,0.13333333333333333,0.06666666666666667,0.0,0.0,0.0,0.0,0.0,0.0,0.5666492889699519
ep_54733,PAATAAAATATATAA,15,1230.33,0.91,0.0,22.17,5.95,-0.0,0.999958659609367,0.13333333333333333,E380Q,False,,0.6666666666666666,0.0,0.0,0.0,0.0,0.0,0.0,0.0,0.0,0.0,0.0,0.0,0.06666666666666667,0.0,0.0,0.0,0.26666666666666666,0.0,0.0,0.0,0.5666459964713502
ep_52772,STAAAATTTTTPPAP,15,1358.45,-0.05,0.0,47.85,5.24,-0.0,0.9999563899142715,0.13333333333333333,K303R,False,,0.3333333333333333,0.0,0.0,0.0,0.0,0.0,0.0,0.0,0.0,0.0,0.0,0.0,0.2,0.0,0.0,0.06666666666666667,0.4,0.0,0.0,0.0,0.5666448616238025
ep_3460,AGASGGGAAGARGGG,15,1073.08,0.03,0.0,19.6,9.8,1.0,0.999936615919184,0.13333333333333333,K303R,False,,0.3333333333333333,0.0,0.0,0.0,0.0,0.5333333333333333,0.0,0.0,0.0,0.0,0.0,0.0,0.0,0.0,0.06666666666666667,0.06666666666666667,0.0,0.0,0.0,0.0,0.5666349746262587
ep_27668,APAGPQGGGPGAGAG,15,1121.16,-0.26,0.0,52.99,5.57,-0.0,0.9997665438061201,0.13333333333333333,K303R,False,,0.26666666666666666,0.0,0.0,0.0,0.0,0.4666666666666667,0.0,0.0,0.0,0.0,0.0,0.0,0.2,0.06666666666666667,0.0,0.0,0.0,0.0,0.0,0.0,0.5665499385697267
ep_18392,HGRAAAGPAPAPGPP,15,1323.46,-0.53,0.0,66.62,9.76,1.09,0.999697683104784,0.13333333333333333,K303R,False,,0.3333333333333333,0.0,0.0,0.0,0.0,0.2,0.06666666666666667,0.0,0.0,0.0,0.0,0.0,0.3333333333333333,0.0,0.06666666666666667,0.0,0.0,0.0,0.0,0.0,0.5665155082190587
ep_41165,AAASAAGPGAGAGPG,15,1082.12,0.44,0.0,-1.99,5.57,-0.0,0.9995911015886362,0.13333333333333333,K303R,False,,0.4666666666666667,0.0,0.0,0.0,0.0,0.3333333333333333,0.0,0.0,0.0,0.0,0.0,0.0,0.13333333333333333,0.0,0.0,0.06666666666666667,0.0,0.0,0.0,0.0,0.5664622174609848
ep_37260,AAPTTAAATPPAAPA,15,1278.41,0.39,0.0,73.53,5.57,-0.0,0.9995068154292781,0.13333333333333333,K303R,False,,0.5333333333333333,0.0,0.0,0.0,0.0,0.0,0.0,0.0,0.0,0.0,0.0,0.0,0.26666666666666666,0.0,0.0,0.0,0.2,0.0,0.0,0.0,0.5664200743813057
ep_8627,AGSGPGAGPGAGAGP,15,1080.11,-0.08,0.0,-7.65,5.57,-0.0,0.9994301249064828,0.13333333333333333,K303R,False,,0.26666666666666666,0.0,0.0,0.0,0.0,0.4666666666666667,0.0,0.0,0.0,0.0,0.0,0.0,0.2,0.0,0.0,0.06666666666666667,0.0,0.0,0.0,0.0,0.566381729119908
ep_57945,GGEAGGGGGGGGRGG,15,1059.01,-0.73,0.0,72.69,6.0,-0.0,0.9990864889036954,0.13333333333333333,S463P,False,,0.06666666666666667,0.0,0.0,0.06666666666666667,0.0,0.8,0.0,0.0,0.0,0.0,0.0,0.0,0.0,0.0,0.06666666666666667,0.0,0.0,0.0,0.0,0.0,0.5662099111185144
ep_632,PAPAAAAPATPPAAQ,15,1301.45,0.15,0.0,99.21,5.95,-0.0,0.9987520748551545,0.13333333333333333,K303R,False,,0.5333333333333333,0.0,0.0,0.0,0.0,0.0,0.0,0.0,0.0,0.0,0.0,0.0,0.3333333333333333,0.06666666666666667,0.0,0.0,0.06666666666666667,0.0,0.0,0.0,0.566042704094244
ep_22231,GGGAGGAAPAGPAPA,15,1078.14,0.24,0.0,86.89,5.53,-0.0,0.9985162077036766,0.13333333333333333,K303R,False,,0.4,0.0,0.0,0.0,0.0,0.4,0.0,0.0,0.0,0.0,0.0,0.0,0.2,0.0,0.0,0.0,0.0,0.0,0.0,0.0,0.565924770518505
ep_14554,AAHRRRGGGGRRGEG,15,1549.66,-1.87,0.0,126.57,12.0,4.09,0.9984573439881467,0.13333333333333333,K303R,False,,0.13333333333333333,0.0,0.0,0.06666666666666667,0.0,0.4,0.06666666666666667,0.0,0.0,0.0,0.0,0.0,0.0,0.0,0.3333333333333333,0.0,0.0,0.0,0.0,0.0,0.56589533866074
ep_20006,GGSDGGGGGGGDGGG,15,1019.88,-0.84,0.0,83.37,4.05,-2.0,0.9984484136118493,0.13333333333333333,E380Q,False,,0.0,0.0,0.13333333333333333,0.0,0.0,0.8,0.0,0.0,0.0,0.0,0.0,0.0,0.0,0.0,0.0,0.06666666666666667,0.0,0.0,0.0,0.0,0.5658908734725914
ep_57849,PAPAPAATPAPAAAA,15,1244.4,0.5,0.0,112.05,5.95,-0.0,0.9979725348054526,0.13333333333333333,K303R,False,,0.6,0.0,0.0,0.0,0.0,0.0,0.0,0.0,0.0,0.0,0.0,0.0,0.3333333333333333,0.0,0.0,0.0,0.06666666666666667,0.0,0.0,0.0,0.565652934069393
ep_44501,PPAPAAPTPAAAPPP,15,1322.51,-0.18,0.0,124.89,5.95,-0.0,0.9976889284724334,0.13333333333333333,K303R,False,,0.4,0.0,0.0,0.0,0.0,0.0,0.0,0.0,0.0,0.0,0.0,0.0,0.5333333333333333,0.0,0.0,0.0,0.06666666666666667,0.0,0.0,0.0,0.5655111309028834
ep_56647,PAAPPAPPAPAAPTP,15,1322.51,-0.18,0.0,137.73,5.95,-0.0,0.9969902863495421,0.13333333333333333,K303R,False,,0.4,0.0,0.0,0.0,0.0,0.0,0.0,0.0,0.0,0.0,0.0,0.0,0.5333333333333333,0.0,0.0,0.0,0.06666666666666667,0.0,0.0,0.0,0.5651618098414377
ep_15787,PGPAPAPGPAPAPPA,15,1264.43,-0.31,0.0,137.73,5.95,-0.0,0.9966109701789349,0.13333333333333333,K303R,False,,0.3333333333333333,0.0,0.0,0.0,0.0,0.13333333333333333,0.0,0.0,0.0,0.0,0.0,0.0,0.5333333333333333,0.0,0.0,0.0,0.0,0.0,0.0,0.0,0.5649721517561341
ep_38110,PAAPAPAPGPPAPPP,15,1304.49,-0.39,0.0,150.57,5.95,-0.0,0.9960643261266505,0.13333333333333333,K303R,False,,0.3333333333333333,0.0,0.0,0.0,0.0,0.06666666666666667,0.0,0.0,0.0,0.0,0.0,0.0,0.6,0.0,0.0,0.0,0.0,0.0,0.0,0.0,0.564698829729992
ep_41917,PPPAAPPAPPAPAAP,15,1318.52,-0.24,0.0,163.41,5.95,-0.0,0.9952866322287116,0.13333333333333333,K303R,False,,0.4,0.0,0.0,0.0,0.0,0.0,0.0,0.0,0.0,0.0,0.0,0.0,0.6,0.0,0.0,0.0,0.0,0.0,0.0,0.0,0.5643099827810225
ep_48807,PAAPAPPPAAPPAPP,15,1318.52,-0.24,0.0,163.41,5.95,-0.0,0.9952866322287116,0.13333333333333333,K303R,False,,0.4,0.0,0.0,0.0,0.0,0.0,0.0,0.0,0.0,0.0,0.0,0.0,0.6,0.0,0.0,0.0,0.0,0.0,0.0,0.0,0.5643099827810225
ep_38896,GGGAAGGAGGAGGAG,15,943.92,0.33,0.0,27.83,5.53,-0.0,0.9999649697500171,0.06666666666666667,E380Q,False,,0.3333333333333333,0.0,0.0,0.0,0.0,0.6666666666666666,0.0,0.0,0.0,0.0,0.0,0.0,0.0,0.0,0.0,0.0,0.0,0.0,0.0,0.0,0.533315818208342
ep_52736,AAGGAAGAGGAGAAG,15,986.0,0.77,0.0,3.15,5.57,-0.0,0.99971039025468,0.06666666666666667,E380Q,False,,0.5333333333333333,0.0,0.0,0.0,0.0,0.4666666666666667,0.0,0.0,0.0,0.0,0.0,0.0,0.0,0.0,0.0,0.0,0.0,0.0,0.0,0.0,0.5331885284606733
ep_13492,GGGAAGARGGGGGGG,15,1015.0,-0.23,0.0,58.17,9.75,1.0,0.9994794231340774,0.06666666666666667,K303R,False,,0.2,0.0,0.0,0.0,0.0,0.7333333333333333,0.0,0.0,0.0,0.0,0.0,0.0,0.0,0.0,0.06666666666666667,0.0,0.0,0.0,0.0,0.0,0.5330730449003721
